// Generated role-specific LVGL placeholder image.
// Source role: actuator

#include "ui.h"

#ifndef LV_ATTRIBUTE_MEM_ALIGN
    #define LV_ATTRIBUTE_MEM_ALIGN
#endif

const LV_ATTRIBUTE_MEM_ALIGN uint8_t ui_img_placeholder_actuator_data[] = {
    0x00,0x00,0x00,0x00,0x00,0x00,0x00,0x00,0x00,0x00,0x00,0x00,0x00,0x00,0x00,0x00,0x00,0x00,
    0x00,0x00,0x00,0x00,0x00,0x00,0x00,0x00,0x00,0x00,0x00,0x00,0x00,0x00,0x00,0x00,0x00,0x00,
    0x00,0x00,0x00,0x00,0x00,0x00,0x00,0x00,0x00,0x00,0x00,0x00,0x00,0x00,0x00,0x00,0x00,0x00,
    0x00,0x00,0x00,0x00,0x00,0x00,0x00,0x00,0x00,0x00,0x00,0x00,0x00,0x00,0x00,0x00,0x00,0x00,
    0x00,0x00,0x00,0x00,0x00,0x00,0x00,0x00,0x00,0x00,0x00,0x00,0x00,0x00,0x00,0x00,0x00,0x00,
    0x00,0x00,0x00,0x00,0x00,0x00,0x00,0x00,0x00,0x00,0x00,0x00,0x00,0x00,0x00,0x00,0x00,0x00,
    0x00,0x00,0x00,0x00,0x00,0x00,0x00,0x00,0x00,0x00,0x00,0x00,0x00,0x00,0x00,0x00,0x00,0x00,
    0x00,0x00,0x00,0x00,0x00,0x00,0x00,0x00,0x00,0x00,0x00,0x00,0x00,0x00,0x00,0x00,0x00,0x00,
    0x00,0x00,0x00,0x00,0x00,0x00,0x00,0x00,0x00,0x00,0x00,0x00,0x00,0x00,0x00,0x00,0x00,0x00,
    0x00,0x00,0x00,0x00,0x00,0x00,0x00,0x00,0x00,0x00,0x00,0x00,0x00,0x00,0x00,0x00,0x00,0x00,
    0x00,0x00,0x00,0x00,0x00,0x00,0x00,0x00,0x00,0x00,0x00,0x00,0x00,0x00,0x00,0x00,0x00,0x00,
    0x00,0x00,0x00,0x00,0x00,0x00,0x00,0x00,0x00,0x00,0x00,0x00,0x00,0x00,0x00,0x00,0x00,0x00,
    0x00,0x00,0x00,0x00,0x00,0x00,0x00,0x00,0x00,0x00,0x00,0x00,0x00,0x00,0x00,0x00,0x00,0x00,
    0x00,0x00,0x00,0x00,0x00,0x00,0x00,0x00,0x00,0x00,0x00,0x00,0x00,0x00,0x00,0x00,0x00,0x00,
    0x00,0x00,0x00,0x00,0x00,0x00,0x00,0x00,0x00,0x00,0x00,0x00,0x00,0x00,0x00,0x00,0x00,0x00,
    0x00,0x00,0x00,0x00,0x00,0x00,0x00,0x00,0x00,0x00,0x00,0x00,0x00,0x00,0x00,0x00,0x00,0x00,
    0x00,0x00,0x00,0x00,0x00,0x00,0x00,0x00,0x00,0x00,0x00,0x00,0x00,0x00,0x00,0x00,0x00,0x00,
    0x00,0x00,0x00,0x00,0x00,0x00,0x00,0x00,0x00,0x00,0x00,0x00,0x00,0x00,0x00,0x00,0x00,0x00,
    0x00,0x00,0x00,0x00,0x00,0x00,0x00,0x00,0x00,0x00,0x00,0x00,0x00,0x00,0x00,0x00,0x00,0x00,
    0x00,0x00,0x00,0x00,0x00,0x00,0x00,0x00,0x00,0x00,0x00,0x00,0x00,0x00,0x00,0x00,0x00,0x00,
    0x00,0x00,0x00,0x00,0x00,0x00,0x00,0x00,0x00,0x00,0x00,0x00,0x00,0x00,0x00,0x00,0x00,0x00,
    0x00,0x00,0x00,0x00,0x00,0x00,0x00,0x00,0x00,0x00,0x00,0x00,0x00,0x00,0x00,0x00,0x00,0x00,
    0x00,0x00,0x00,0x00,0x00,0x00,0x00,0x00,0x00,0x00,0x00,0x00,0x00,0x00,0x00,0x00,0x00,0x00,
    0x00,0x00,0x00,0x00,0x00,0x00,0x00,0x00,0x00,0x00,0x00,0x00,0x00,0x00,0x00,0x00,0x00,0x00,
    0x00,0x00,0x00,0x00,0x00,0x00,0x00,0x00,0x00,0x00,0x00,0x00,0x00,0x00,0x00,0x00,0x00,0x00,
    0x00,0x00,0x00,0x00,0x00,0x00,0x00,0x00,0x00,0x00,0x00,0x00,0x00,0x00,0x00,0x00,0x00,0x00,
    0x00,0x00,0x00,0x00,0x00,0x00,0x00,0x00,0x00,0x00,0x00,0x00,0x00,0x00,0x00,0x00,0x00,0x00,
    0x00,0x00,0x00,0x00,0x00,0x00,0x00,0x00,0x00,0x00,0x00,0x00,0x00,0x00,0x00,0x00,0x00,0x00,
    0x00,0x00,0x00,0x00,0x00,0x00,0x00,0x00,0x00,0x00,0x00,0x00,0x00,0x00,0x00,0x00,0x00,0x00,
    0x00,0x00,0x00,0x00,0x00,0x00,0x00,0x00,0x00,0x00,0x00,0x00,0x00,0x00,0x00,0x00,0x00,0x00,
    0x00,0x00,0x00,0x00,0x00,0x00,0x00,0x00,0x00,0x00,0x00,0x00,0x00,0x00,0x00,0x00,0x00,0x00,
    0x00,0x00,0x00,0x00,0x00,0x00,0x00,0x00,0x00,0x00,0x00,0x00,0x00,0x00,0x00,0x00,0x00,0x00,
    0x00,0x00,0x00,0x00,0x00,0x00,0x00,0x00,0x00,0x00,0x00,0x00,0x00,0x00,0x00,0x00,0x00,0x00,
    0x00,0x00,0x00,0x00,0x00,0x00,0x00,0x00,0x00,0x00,0x00,0x00,0x00,0x00,0x00,0x00,0x00,0x00,
    0x00,0x00,0x00,0x00,0x00,0x00,0x00,0x00,0x00,0x00,0x00,0x00,0x00,0x00,0x00,0x00,0x00,0x00,
    0x00,0x00,0x00,0x00,0x00,0x00,0x00,0x00,0x00,0x00,0x00,0x00,0x00,0x00,0x00,0x00,0x00,0x00,
    0x00,0x00,0x00,0x00,0x00,0x00,0x00,0x00,0x00,0x00,0x00,0x00,0x00,0x00,0x00,0x00,0x00,0x00,
    0x00,0x00,0x00,0x00,0x00,0x00,0x00,0x00,0x00,0x00,0x00,0x00,0x00,0x00,0x00,0x00,0x00,0x00,
    0x00,0x00,0x00,0x00,0x00,0x00,0x00,0x00,0x00,0x00,0x00,0x00,0x00,0x00,0x00,0x00,0x00,0x00,
    0x00,0x00,0x00,0x00,0x00,0x00,0x00,0x00,0x00,0x00,0x00,0x00,0x00,0x00,0x00,0x00,0x00,0x00,
    0x00,0x00,0x00,0x00,0x00,0x00,0x00,0x00,0x00,0x00,0x00,0x00,0x00,0x00,0x00,0x00,0x00,0x00,
    0x00,0x00,0x00,0x00,0x00,0x00,0x00,0x00,0x00,0x00,0x00,0x00,0x00,0x00,0x00,0x00,0x00,0x00,
    0x00,0x00,0x00,0x00,0x00,0x00,0x00,0x00,0x00,0x00,0x00,0x00,0x00,0x00,0x00,0x00,0x00,0x00,
    0x00,0x00,0x00,0x00,0x00,0x00,0x00,0x00,0x00,0x00,0x00,0x00,0x00,0x00,0x00,0x00,0x00,0x00,
    0x00,0x00,0x00,0x00,0x00,0x00,0x00,0x00,0x00,0x00,0x00,0x00,0x00,0x00,0x00,0x00,0x00,0x00,
    0x00,0x00,0x00,0x00,0x00,0x00,0x00,0x00,0x00,0x00,0x00,0x00,0x00,0x00,0x00,0x00,0x00,0x00,
    0x00,0x00,0x00,0x00,0x00,0x00,0x00,0x00,0x00,0x00,0x00,0x00,0x00,0x00,0x00,0x00,0x00,0x00,
    0x00,0x00,0x00,0x00,0x00,0x00,0x00,0x00,0x00,0x00,0x00,0x00,0x00,0x00,0x00,0x00,0x00,0x00,
    0x00,0x00,0x00,0x00,0x00,0x00,0x00,0x00,0x00,0x00,0x00,0x00,0x00,0x00,0x00,0x00,0x00,0x00,
    0x00,0x00,0x00,0x00,0x00,0x00,0x00,0x00,0x00,0x00,0x00,0x00,0x00,0x00,0x00,0x00,0x00,0x00,
    0x00,0x00,0x00,0x00,0x00,0x00,0x00,0x00,0x00,0x00,0x00,0x00,0x00,0x00,0x00,0x00,0x00,0x00,
    0x00,0x00,0x00,0x00,0x00,0x00,0x00,0x00,0x00,0x00,0x00,0x00,0x00,0x00,0x00,0x00,0x00,0x00,
    0x00,0x00,0x00,0x00,0x00,0x00,0x00,0x00,0x00,0x00,0x00,0x00,0x00,0x00,0x00,0x00,0x00,0x00,
    0x00,0x00,0x00,0x00,0x00,0x00,0x00,0x00,0x00,0x00,0x00,0x00,0x00,0x00,0x00,0x00,0x00,0x00,
    0x00,0x00,0x00,0x00,0x00,0x00,0x00,0x00,0x00,0x00,0x00,0x00,0x00,0x00,0x00,0x00,0x00,0x00,
    0x00,0x00,0x00,0x00,0x00,0x00,0x00,0x00,0x00,0x00,0x00,0x00,0x00,0x00,0x00,0x00,0x00,0x00,
    0x00,0x00,0x00,0x00,0x00,0x00,0x00,0x00,0x00,0x00,0x00,0x00,0x00,0x00,0x00,0x00,0x00,0x00,
    0x00,0x00,0x00,0x00,0x00,0x00,0x00,0x00,0x00,0x00,0x00,0x00,0x00,0x00,0x00,0x00,0x00,0x00,
    0x00,0x00,0x00,0x00,0x00,0x00,0x00,0x00,0x00,0x00,0x00,0x00,0x00,0x00,0x00,0x00,0x00,0x00,
    0x00,0x00,0x00,0x00,0x00,0x00,0x00,0x00,0x00,0x00,0x00,0x00,0x00,0x00,0x00,0x00,0x00,0x00,
    0x00,0x00,0x00,0x00,0x00,0x00,0x00,0x00,0x00,0x00,0x00,0x00,0x00,0x00,0x00,0x00,0x00,0x00,
    0x00,0x00,0x00,0x00,0x00,0x00,0x00,0x00,0x00,0x00,0x00,0x00,0x00,0x00,0x00,0x00,0x00,0x00,
    0x00,0x00,0x00,0x00,0x00,0x00,0x00,0x00,0x00,0x00,0x00,0x00,0x00,0x00,0x00,0x00,0x00,0x00,
    0x00,0x00,0x00,0x00,0x00,0x00,0x00,0x00,0x00,0x00,0x00,0x00,0x00,0x00,0x00,0x00,0x00,0x00,
    0x00,0x00,0x00,0x00,0x00,0x00,0x00,0x00,0x00,0x00,0x00,0x00,0x00,0x00,0x00,0x00,0x00,0x00,
    0x00,0x00,0x00,0x00,0x00,0x00,0x00,0x00,0x00,0x00,0x00,0x00,0x00,0x00,0x00,0x00,0x00,0x00,
    0x00,0x00,0x00,0x00,0x00,0x00,0x00,0x00,0x00,0x00,0x00,0x00,0x00,0x00,0x00,0x00,0x00,0x00,
    0x00,0x00,0x00,0x00,0x00,0x00,0x00,0x00,0x00,0x00,0x00,0x00,0x00,0x00,0x00,0x00,0x00,0x00,
    0x00,0x00,0x00,0x00,0x00,0x00,0x00,0x00,0x00,0x00,0x00,0x00,0x00,0x00,0x00,0x00,0x00,0x00,
    0x00,0x00,0x00,0x00,0x00,0x00,0x00,0x00,0x00,0x00,0x00,0x00,0x00,0x00,0x00,0x00,0x00,0x00,
    0x00,0x00,0x00,0x00,0x00,0x00,0x00,0x00,0x00,0x00,0x00,0x00,0x00,0x00,0x00,0x00,0x00,0x00,
    0x00,0x00,0x00,0x00,0x00,0x00,0x00,0x00,0x00,0x00,0x00,0x00,0x00,0x00,0x00,0x00,0x00,0x00,
    0x00,0x00,0x00,0x00,0x00,0x00,0x00,0x00,0x00,0x00,0x00,0x00,0x00,0x00,0x00,0x00,0x00,0x00,
    0x00,0x00,0x00,0x00,0x00,0x00,0x00,0x00,0x00,0x00,0x00,0x00,0x00,0x00,0x00,0x00,0x00,0x00,
    0x00,0x00,0x00,0x00,0x00,0x00,0x00,0x00,0x00,0x00,0x00,0x00,0x00,0x00,0x00,0x00,0x00,0x00,
    0x00,0x00,0x00,0x00,0x00,0x00,0x00,0x00,0x00,0x00,0x00,0x00,0x00,0x00,0x00,0x00,0x00,0x00,
    0x00,0x00,0x00,0x00,0x00,0x00,0x00,0x00,0x00,0x00,0x00,0x00,0x00,0x00,0x00,0x00,0x00,0x00,
    0x00,0x00,0x00,0x00,0x00,0x00,0x00,0x00,0x00,0x00,0x00,0x00,0x00,0x00,0x00,0x00,0x00,0x00,
    0x00,0x00,0x00,0x00,0x00,0x00,0x00,0x00,0x00,0x00,0x00,0x00,0x00,0x00,0x00,0x00,0x00,0x00,
    0x00,0x00,0x00,0x00,0x00,0x00,0x00,0x00,0x00,0x00,0x00,0x00,0x00,0x00,0x00,0x00,0x00,0x00,
    0x00,0x00,0x00,0x00,0x00,0x00,0x00,0x00,0x00,0x00,0x00,0x00,0x00,0x00,0x00,0x00,0x00,0x00,
    0x00,0x00,0x00,0x00,0x00,0x00,0x00,0x00,0x00,0x00,0x00,0x00,0x00,0x00,0x00,0x00,0x00,0x00,
    0x00,0x00,0x00,0x00,0x00,0x00,0x00,0x00,0x00,0x00,0x00,0x00,0x00,0x00,0x00,0x00,0x00,0x00,
    0x00,0x00,0x00,0x00,0x00,0x00,0x00,0x00,0x00,0x00,0x00,0x00,0x00,0x00,0x00,0x00,0x00,0x00,
    0x00,0x00,0x00,0x00,0x00,0x00,0x00,0x00,0x00,0x00,0x00,0x00,0x00,0x00,0x00,0x00,0x00,0x00,
    0x00,0x00,0x00,0x00,0x00,0x00,0x00,0x00,0x00,0x00,0x00,0x00,0x00,0x00,0x00,0x00,0x00,0x00,
    0x00,0x00,0x00,0x00,0x00,0x00,0x00,0x00,0x00,0x00,0x00,0x00,0x00,0x00,0x00,0x00,0x00,0x00,
    0x00,0x00,0x00,0x00,0x00,0x00,0x00,0x00,0x00,0x00,0x00,0x00,0x00,0x00,0x00,0x00,0x00,0x00,
    0x00,0x00,0x00,0x00,0x00,0x00,0x00,0x00,0x00,0x00,0x00,0x00,0x00,0x00,0x00,0x00,0x00,0x00,
    0x00,0x00,0x00,0x00,0x00,0x00,0x00,0x00,0x00,0x00,0x00,0x00,0x00,0x00,0x00,0x00,0x00,0x00,
    0x00,0x00,0x00,0x00,0x00,0x00,0x00,0x00,0x00,0x00,0x00,0x00,0x00,0x00,0x00,0x00,0x00,0x00,
    0x00,0x00,0x00,0x00,0x00,0x00,0x00,0x00,0x00,0x00,0x00,0x00,0x00,0x00,0x00,0x00,0x00,0x00,
    0x00,0x00,0x00,0x00,0x00,0x00,0x00,0x00,0x00,0x00,0x00,0x00,0x00,0x00,0x00,0x00,0x00,0x00,
    0x00,0x00,0x00,0x00,0x00,0x00,0x00,0x00,0x00,0x00,0x00,0x00,0x00,0x00,0x00,0x00,0x00,0x00,
    0x00,0x00,0x00,0x00,0x00,0x00,0x00,0x00,0x00,0x00,0x00,0x00,0x00,0x00,0x00,0x00,0x00,0x00,
    0x00,0x00,0x00,0x00,0x00,0x00,0x00,0x00,0x00,0x00,0x00,0x00,0x00,0x00,0x00,0x00,0x00,0x00,
    0x00,0x00,0x00,0x00,0x00,0x00,0x00,0x00,0x00,0x00,0x00,0x00,0x00,0x00,0x00,0x00,0x00,0x00,
    0x00,0x00,0x00,0x00,0x00,0x00,0x00,0x00,0x00,0x00,0x00,0x00,0x00,0x00,0x00,0x00,0x00,0x00,
    0x00,0x00,0x00,0x00,0x00,0x00,0x00,0x00,0x00,0x00,0x00,0x00,0x00,0x00,0x00,0x00,0x00,0x00,
    0x00,0x00,0x00,0x00,0x00,0x00,0x00,0x00,0x00,0x00,0x00,0x00,0x00,0x00,0x00,0x00,0x00,0x00,
    0x00,0x00,0x00,0x00,0x00,0x00,0x00,0x00,0x00,0x00,0x00,0x00,0x00,0x00,0x00,0x00,0x00,0x00,
    0x00,0x00,0x00,0x00,0x00,0x00,0x00,0x00,0x00,0x00,0x00,0x00,0x00,0x00,0x00,0x00,0x00,0x00,
    0x00,0x00,0x00,0x00,0x00,0x00,0x00,0x00,0x00,0x00,0x00,0x00,0x00,0x00,0x00,0x00,0x00,0x00,
    0x00,0x00,0x00,0x00,0x00,0x00,0x00,0x00,0x00,0x00,0x00,0x00,0x00,0x00,0x00,0x00,0x00,0x00,
    0x00,0x00,0x00,0x00,0x00,0x00,0x00,0x00,0x00,0x00,0x00,0x00,0x00,0x00,0x00,0x00,0x00,0x00,
    0x00,0x00,0x00,0x00,0x00,0x00,0x00,0x00,0x00,0x00,0x00,0x00,0x00,0x00,0x00,0x00,0x00,0x00,
    0x00,0x00,0x00,0x00,0x00,0x00,0x00,0x00,0x00,0x00,0x00,0x00,0x00,0x00,0x00,0x00,0x00,0x00,
    0x00,0x00,0x00,0x00,0x00,0x00,0x00,0x00,0x00,0x00,0x00,0x00,0x00,0x00,0x00,0x00,0x00,0x00,
    0x00,0x00,0x00,0x00,0x00,0x00,0x00,0x00,0x00,0x00,0x00,0x00,0x00,0x00,0x00,0x00,0x00,0x00,
    0x00,0x00,0x00,0x00,0x00,0x00,0x00,0x00,0x00,0x00,0x00,0x00,0x00,0x00,0x00,0x00,0x00,0x00,
    0x00,0x00,0x00,0x00,0x00,0x00,0x00,0x00,0x00,0x00,0x00,0x00,0x00,0x00,0x00,0x00,0x00,0x00,
    0x00,0x00,0x00,0x00,0x00,0x00,0x00,0x00,0x00,0x00,0x00,0x00,0x00,0x00,0x00,0x00,0x00,0x00,
    0x00,0x00,0x00,0x00,0x00,0x00,0x00,0x00,0x00,0x00,0x00,0x00,0x00,0x00,0x00,0x00,0x00,0x00,
    0x00,0x00,0x00,0x00,0x00,0x00,0x00,0x00,0x00,0x00,0x00,0x00,0x00,0x00,0x00,0x00,0x00,0x00,
    0x00,0x00,0x00,0x00,0x00,0x00,0x00,0x00,0x00,0x00,0x00,0x00,0x00,0x00,0x00,0x00,0x00,0x00,
    0x00,0x00,0x00,0x00,0x00,0x00,0x00,0x00,0x00,0x00,0x00,0x00,0x00,0x00,0x00,0x00,0x00,0x00,
    0x00,0x00,0x00,0x00,0x00,0x00,0x00,0x00,0x00,0x00,0x00,0x00,0x00,0x00,0x00,0x00,0x00,0x00,
    0x00,0x00,0x00,0x00,0x00,0x00,0x00,0x00,0x00,0x00,0x00,0x00,0x00,0x00,0x00,0x00,0x00,0x00,
    0x00,0x00,0x00,0x00,0x00,0x00,0x00,0x00,0x00,0x00,0x00,0x00,0x00,0x00,0x00,0x00,0x00,0x00,
    0x00,0x00,0x00,0x00,0x00,0x00,0x00,0x00,0x00,0x00,0x00,0x00,0x00,0x00,0x00,0x00,0x00,0x00,
    0x00,0x00,0x00,0x00,0x00,0x00,0x00,0x00,0x00,0x00,0x00,0x00,0x00,0x00,0x00,0x00,0x00,0x00,
    0x00,0x00,0x00,0x00,0x00,0x00,0x00,0x00,0x00,0x00,0x00,0x00,0x00,0x00,0x00,0x00,0x00,0x00,
    0x00,0x00,0x00,0x00,0x00,0x00,0x00,0x00,0x00,0x00,0x00,0x00,0x00,0x00,0x00,0x00,0x00,0x00,
    0x00,0x00,0x00,0x00,0x00,0x00,0x00,0x00,0x00,0x00,0x00,0x00,0x00,0x00,0x00,0x00,0x00,0x00,
    0x00,0x00,0x00,0x00,0x00,0x00,0x00,0x00,0x00,0x00,0x00,0x00,0x00,0x00,0x00,0x00,0x00,0x00,
    0x00,0x00,0x00,0x00,0x00,0x00,0x00,0x00,0x00,0x00,0x00,0x00,0x00,0x00,0x00,0x00,0x00,0x00,
    0x00,0x00,0x00,0x00,0x00,0x00,0x00,0x00,0x00,0x00,0x00,0x00,0x00,0x00,0x00,0x00,0x00,0x00,
    0x00,0x00,0x00,0x00,0x00,0x00,0x00,0x00,0x00,0x00,0x00,0x00,0x00,0x00,0x00,0x00,0x00,0x00,
    0x00,0x00,0x00,0x00,0x00,0x00,0x00,0x00,0x00,0x00,0x00,0x00,0x00,0x00,0x00,0x00,0x00,0x00,
    0x00,0x00,0x00,0x00,0x00,0x00,0x00,0x00,0x00,0x00,0x00,0x00,0x00,0x00,0x00,0x00,0x00,0x00,
    0x00,0x00,0x00,0x00,0x00,0x00,0x00,0x00,0x00,0x00,0x00,0x00,0x00,0x00,0x00,0x00,0x00,0x00,
    0x00,0x00,0x00,0x00,0x00,0x00,0x00,0x00,0x00,0x00,0x00,0x00,0x00,0x00,0x00,0x00,0x00,0x00,
    0x00,0x00,0x00,0x00,0x00,0x00,0x00,0x00,0x00,0x00,0x00,0x00,0x00,0x00,0x00,0x00,0x00,0x00,
    0x00,0x00,0x00,0x00,0x00,0x00,0x00,0x00,0x00,0x00,0x00,0x00,0x00,0x00,0x00,0x00,0x00,0x00,
    0x00,0x00,0x00,0x00,0x00,0x00,0x00,0x00,0x00,0x00,0x00,0x00,0x00,0x00,0x00,0x00,0x00,0x00,
    0x00,0x00,0x00,0x00,0x00,0x00,0x00,0x00,0x00,0x00,0x00,0x00,0x00,0x00,0x00,0x00,0x00,0x00,
    0x00,0x00,0x00,0x00,0x00,0x00,0x00,0x00,0x00,0x00,0x00,0x00,0x00,0x00,0x00,0x00,0x00,0x00,
    0x00,0x00,0x00,0x00,0x00,0x00,0x00,0x00,0x00,0x00,0x00,0x00,0x00,0x00,0x00,0x00,0x00,0x00,
    0x00,0x00,0x00,0x00,0x00,0x00,0x00,0x00,0x00,0x00,0x00,0x00,0x00,0x00,0x00,0x00,0x00,0x00,
    0x00,0x00,0x00,0x00,0x00,0x00,0x00,0x00,0x00,0x00,0x00,0x00,0x00,0x00,0x00,0x00,0x00,0x00,
    0x00,0x00,0x00,0x00,0x00,0x00,0x00,0x00,0x00,0x00,0x00,0x00,0x00,0x00,0x00,0x00,0x00,0x00,
    0x00,0x00,0x00,0x00,0x00,0x00,0x00,0x00,0x00,0x00,0x00,0x00,0x00,0x00,0x00,0x00,0x00,0x00,
    0x00,0x00,0x00,0x00,0x00,0x00,0x00,0x00,0x00,0x00,0x00,0x00,0x00,0x00,0x00,0x00,0x00,0x00,
    0x00,0x00,0x00,0x00,0x00,0x00,0x00,0x00,0x00,0x00,0x00,0x00,0x00,0x00,0x00,0x00,0x00,0x00,
    0x00,0x00,0x00,0x00,0x00,0x00,0x00,0x00,0x00,0x00,0x00,0x00,0x00,0x00,0x00,0x00,0x00,0x00,
    0x00,0x00,0x00,0x00,0x00,0x00,0x00,0x00,0x00,0x00,0x00,0x00,0x00,0x00,0x00,0x00,0x00,0x00,
    0x00,0x00,0x00,0x00,0x00,0x00,0x00,0x00,0x00,0x00,0x00,0x00,0x00,0x00,0x00,0x00,0x00,0x00,
    0x00,0x00,0x00,0x00,0x00,0x00,0x00,0x00,0x00,0x00,0x00,0x00,0x00,0x00,0x00,0x00,0x00,0x00,
    0x00,0x00,0x00,0x00,0x00,0x00,0x00,0x00,0x00,0x00,0x00,0x00,0x00,0x00,0x00,0x00,0x00,0x00,
    0x00,0x00,0x00,0x00,0x00,0x00,0x00,0x00,0x00,0x00,0x00,0x00,0x00,0x00,0x00,0x00,0x00,0x00,
    0x00,0x00,0x00,0x00,0x00,0x00,0x00,0x00,0x00,0x00,0x00,0x00,0x00,0x00,0x00,0x00,0x00,0x00,
    0x00,0x00,0x00,0x00,0x00,0x00,0x00,0x00,0x00,0x00,0x00,0x00,0x00,0x00,0x00,0x00,0x00,0x00,
    0x00,0x00,0x00,0x00,0x00,0x00,0x00,0x00,0x00,0x00,0x00,0x00,0x00,0x00,0x00,0x00,0x00,0x00,
    0x00,0x00,0x00,0x00,0x00,0x00,0x00,0x00,0x00,0x00,0x00,0x00,0x00,0x00,0x00,0x00,0x00,0x00,
    0x00,0x00,0x00,0x00,0x00,0x00,0x00,0x00,0x00,0x00,0x00,0x00,0x00,0x00,0x00,0x00,0x00,0x00,
    0x00,0x00,0x00,0x00,0x00,0x00,0x00,0x00,0x00,0x00,0x00,0x00,0x00,0x00,0x00,0x00,0x00,0x00,
    0x00,0x00,0x00,0x00,0x00,0x00,0x00,0x00,0x00,0x00,0x00,0x00,0x00,0x00,0x00,0x00,0x00,0x00,
    0x00,0x00,0x00,0x00,0x00,0x00,0x00,0x00,0x00,0x00,0x00,0x00,0x00,0x00,0x00,0x00,0x00,0x00,
    0x00,0x00,0x00,0x00,0x00,0x00,0x00,0x00,0x00,0x00,0x00,0x00,0x00,0x00,0x00,0x00,0x00,0x00,
    0x00,0x00,0x00,0x00,0x00,0x00,0x00,0x00,0x00,0x00,0x00,0x00,0x00,0x00,0x00,0x00,0x00,0x00,
    0x00,0x00,0x00,0x00,0x00,0x00,0x00,0x00,0x00,0x00,0x00,0x00,0x00,0x00,0x00,0x00,0x00,0x00,
    0x00,0x00,0x00,0x00,0x00,0x00,0x00,0x00,0x00,0x00,0x00,0x00,0x00,0x00,0x00,0x00,0x00,0x00,
    0x00,0x00,0x00,0x00,0x00,0x00,0x00,0x00,0x00,0x00,0x00,0x00,0x00,0x00,0x00,0x00,0x00,0x00,
    0x00,0x00,0x00,0x00,0x00,0x00,0x00,0x00,0x00,0x00,0x00,0x00,0x00,0x00,0x00,0x00,0x00,0x00,
    0x00,0x00,0x00,0x00,0x00,0x00,0x00,0x00,0x00,0x00,0x00,0x00,0x00,0x00,0x00,0x00,0x00,0x00,
    0x00,0x00,0x00,0x00,0x00,0x00,0x00,0x00,0x00,0x00,0x00,0x00,0x00,0x00,0x00,0x00,0x00,0x00,
    0x00,0x00,0x00,0x00,0x00,0x00,0x00,0x00,0x00,0x00,0x00,0x00,0x00,0x00,0x00,0x00,0x00,0x00,
    0x00,0x00,0x00,0x00,0x00,0x00,0x00,0x00,0x00,0x00,0x00,0x00,0x00,0x00,0x00,0x00,0x00,0x00,
    0x00,0x00,0x00,0x00,0x00,0x00,0x00,0x00,0x00,0x00,0x00,0x00,0x00,0x00,0x00,0x00,0x00,0x00,
    0x00,0x00,0x00,0x00,0x00,0x00,0x00,0x00,0x00,0x00,0x00,0x00,0x00,0x00,0x00,0x00,0x00,0x00,
    0x00,0x00,0x00,0x00,0x00,0x00,0x00,0x00,0x00,0x00,0x00,0x00,0x00,0x00,0x00,0x00,0x00,0x00,
    0x00,0x00,0x00,0x00,0x00,0x00,0x00,0x00,0x00,0x00,0x00,0x00,0x00,0x00,0x00,0x00,0x00,0x00,
    0x00,0x00,0x00,0x00,0x00,0x00,0x00,0x00,0x00,0x00,0x00,0x00,0x00,0x00,0x00,0x00,0x00,0x00,
    0x00,0x00,0x00,0x00,0x00,0x00,0x00,0x00,0x00,0x00,0x00,0x00,0x00,0x00,0x00,0x00,0x00,0x00,
    0x00,0x00,0x00,0x00,0x00,0x00,0x00,0x00,0x00,0x00,0x00,0x00,0x00,0x00,0x00,0x00,0x00,0x00,
    0x00,0x00,0x00,0x00,0x00,0x00,0x00,0x00,0x00,0x00,0x00,0x00,0x00,0x00,0x00,0x00,0x00,0x00,
    0x00,0x00,0x00,0x00,0x00,0x00,0x00,0x00,0x00,0x00,0x00,0x00,0x00,0x00,0x00,0x00,0x00,0x00,
    0x00,0x00,0x00,0x00,0x00,0x00,0x00,0x00,0x00,0x00,0x00,0x00,0x00,0x00,0x00,0x00,0x00,0x00,
    0x00,0x00,0x00,0x00,0x00,0x00,0x00,0x00,0x00,0x00,0x00,0x00,0x00,0x00,0x00,0x00,0x00,0x00,
    0x00,0x00,0x00,0x00,0x00,0x00,0x00,0x00,0x00,0x00,0x00,0x00,0x00,0x00,0x00,0x00,0x00,0x00,
    0x00,0x00,0x00,0x00,0x00,0x00,0x00,0x00,0x00,0x00,0x00,0x00,0x00,0x00,0x00,0x00,0x00,0x00,
    0x00,0x00,0x00,0x00,0x00,0x00,0x00,0x00,0x00,0x00,0x00,0x00,0x00,0x00,0x00,0x00,0x00,0x00,
    0x00,0x00,0x00,0x00,0x00,0x00,0x00,0x00,0x00,0x00,0x00,0x00,0x00,0x00,0x00,0x00,0x00,0x00,
    0x00,0x00,0x00,0x00,0x00,0x00,0x00,0x00,0x00,0x00,0x00,0x00,0x00,0x00,0x00,0x00,0x00,0x00,
    0x00,0x00,0x00,0x00,0x00,0x00,0x00,0x00,0x00,0x00,0x00,0x00,0x00,0x00,0x00,0x00,0x00,0x00,
    0x00,0x00,0x00,0x00,0x00,0x00,0x00,0x00,0x00,0x00,0x00,0x00,0x00,0x00,0x00,0x00,0x00,0x00,
    0x00,0x00,0x00,0x00,0x00,0x00,0x00,0x00,0x00,0x00,0x00,0x00,0x00,0x00,0x00,0x00,0x00,0x00,
    0x00,0x00,0x00,0x00,0x00,0x00,0x00,0x00,0x00,0x00,0x00,0x00,0x00,0x00,0x00,0x00,0x00,0x00,
    0x00,0x00,0x00,0x00,0x00,0x00,0x00,0x00,0x00,0x00,0x00,0x00,0x00,0x00,0x00,0x00,0x00,0x00,
    0x00,0x00,0x00,0x00,0x00,0x00,0x00,0x00,0x00,0x00,0x00,0x00,0x00,0x00,0x00,0x00,0x00,0x00,
    0x00,0x00,0x00,0x00,0x00,0x00,0x00,0x00,0x00,0x00,0x00,0x00,0x00,0x00,0x00,0x00,0x00,0x00,
    0x00,0x00,0x00,0x00,0x00,0x00,0x00,0x00,0x00,0x00,0x00,0x00,0x00,0x00,0x00,0x00,0x00,0x00,
    0x00,0x00,0x00,0x00,0x00,0x00,0x00,0x00,0x00,0x00,0x00,0x00,0x00,0x00,0x00,0x00,0x00,0x00,
    0x00,0x00,0x00,0x00,0x00,0x00,0x00,0x00,0x00,0x00,0x00,0x00,0x00,0x00,0x00,0x00,0x00,0x00,
    0x00,0x00,0x00,0x00,0x00,0x00,0x00,0x00,0x00,0x00,0x00,0x00,0x00,0x00,0x00,0x00,0x00,0x00,
    0x00,0x00,0x00,0x00,0x00,0x00,0x00,0x00,0x00,0x00,0x00,0x00,0x00,0x00,0x00,0x00,0x00,0x00,
    0x00,0x00,0x00,0x00,0x00,0x00,0x00,0x00,0x00,0x00,0x00,0x00,0x00,0x00,0x00,0x00,0x00,0x00,
    0x00,0x00,0x00,0x00,0x00,0x00,0x00,0x00,0x00,0x00,0x00,0x00,0x00,0x00,0x00,0x00,0x00,0x00,
    0x00,0x00,0x00,0x00,0x00,0x00,0x00,0x00,0x00,0x00,0x00,0x00,0x00,0x00,0x00,0x00,0x00,0x00,
    0x00,0x00,0x00,0x00,0x00,0x00,0x00,0x00,0x00,0x00,0x00,0x00,0x00,0x00,0x00,0x00,0x00,0x00,
    0x00,0x00,0x00,0x00,0x00,0x00,0x00,0x00,0x00,0x00,0x00,0x00,0x00,0x00,0x00,0x00,0x00,0x00,
    0x00,0x00,0x00,0x00,0x00,0x00,0x00,0x00,0x00,0x00,0x00,0x00,0x00,0x00,0x00,0x00,0x00,0x00,
    0x00,0x00,0x00,0x00,0x00,0x00,0x00,0x00,0x00,0x00,0x00,0x00,0x00,0x00,0x00,0x00,0x00,0x00,
    0x00,0x00,0x00,0x00,0x00,0x00,0x00,0x00,0x00,0x00,0x00,0x00,0x00,0x00,0x00,0x00,0x00,0x00,
    0x00,0x00,0x00,0x00,0x00,0x00,0x00,0x00,0x00,0x00,0x00,0x00,0x00,0x00,0x00,0x00,0x00,0x00,
    0x00,0x00,0x00,0x00,0x00,0x00,0x00,0x00,0x00,0x00,0x00,0x00,0x00,0x00,0x00,0x00,0x00,0x00,
    0x00,0x00,0x00,0x00,0x00,0x00,0x00,0x00,0x00,0x00,0x00,0x00,0x00,0x00,0x00,0x00,0x00,0x00,
    0x00,0x00,0x00,0x00,0x00,0x00,0x00,0x00,0x00,0x00,0x00,0x00,0x00,0x00,0x00,0x00,0x00,0x00,
    0x00,0x00,0x00,0x00,0x00,0x00,0x00,0x00,0x00,0x00,0x00,0x00,0x00,0x00,0x00,0x00,0x00,0x00,
    0x00,0x00,0x00,0x00,0x00,0x00,0x00,0x00,0x00,0x00,0x00,0x00,0x00,0x00,0x00,0x00,0x00,0x00,
    0x00,0x00,0x00,0x00,0x00,0x00,0x00,0x00,0x00,0x00,0x00,0x00,0x00,0x00,0x00,0x00,0x00,0x00,
    0x00,0x00,0x00,0x00,0x00,0x00,0x00,0x00,0x00,0x00,0x00,0x00,0x00,0x00,0x00,0x00,0x00,0x00,
    0x00,0x00,0x00,0x00,0x00,0x00,0x00,0x00,0x00,0x00,0x00,0x00,0x00,0x00,0x00,0x00,0x00,0x00,
    0x00,0x00,0x00,0x00,0x00,0x00,0x00,0x00,0x00,0x00,0x00,0x00,0x00,0x00,0x00,0x00,0x00,0x00,
    0x00,0x00,0x00,0x00,0x00,0x00,0x00,0x00,0x00,0x00,0x00,0x00,0x00,0x00,0x00,0x00,0x00,0x00,
    0x00,0x00,0x00,0x00,0x00,0x00,0x00,0x00,0x00,0x00,0x00,0x00,0x00,0x00,0x00,0x00,0x00,0x00,
    0x00,0x00,0x00,0x00,0x00,0x00,0x00,0x00,0x00,0x00,0x00,0x00,0x00,0x00,0x00,0x00,0x00,0x00,
    0x00,0x00,0x00,0x00,0x00,0x00,0x00,0x00,0x00,0x00,0x00,0x00,0x00,0x00,0x00,0x00,0x00,0x00,
    0x00,0x00,0x00,0x00,0x00,0x00,0x00,0x00,0x00,0x00,0x00,0x00,0x00,0x00,0x00,0x00,0x00,0x00,
    0x00,0x00,0x00,0x00,0x00,0x00,0x00,0x00,0x00,0x00,0x00,0x00,0x00,0x00,0x00,0x00,0x00,0x00,
    0x00,0x00,0x00,0x00,0x00,0x00,0x00,0x00,0x00,0x00,0x00,0x00,0x00,0x00,0x00,0x00,0x00,0x00,
    0x00,0x00,0x00,0x00,0x00,0x00,0x00,0x00,0x00,0x00,0x00,0x00,0x00,0x00,0x00,0x00,0x00,0x00,
    0x00,0x00,0x00,0x00,0x00,0x00,0x00,0x00,0x00,0x00,0x00,0x00,0x00,0x00,0x00,0x00,0x00,0x00,
    0x00,0x00,0x00,0x00,0x00,0x00,0x00,0x00,0x00,0x00,0x00,0x00,0x00,0x00,0x00,0x00,0x00,0x00,
    0x00,0x00,0x00,0x00,0x00,0x00,0x00,0x00,0x00,0x00,0x00,0x00,0x00,0x00,0x00,0x00,0x00,0x00,
    0x00,0x00,0x00,0x00,0x00,0x00,0x00,0x00,0x00,0x00,0x00,0x00,0x00,0x00,0x00,0x00,0x00,0x00,
    0x00,0x00,0x00,0x00,0x00,0x00,0x00,0x00,0x00,0x00,0x00,0x00,0x00,0x00,0x00,0x00,0x00,0x00,
    0x00,0x00,0x00,0x00,0x00,0x00,0x00,0x00,0x00,0x00,0x00,0x00,0x00,0x00,0x00,0x00,0x00,0x00,
    0x00,0x00,0x00,0x00,0x00,0x00,0x00,0x00,0x00,0x00,0x00,0x00,0x00,0x00,0x00,0x00,0x00,0x00,
    0x00,0x00,0x00,0x00,0x00,0x00,0x00,0x00,0x00,0x00,0x00,0x00,0x00,0x00,0x00,0x00,0x00,0x00,
    0x00,0x00,0x00,0x00,0x00,0x00,0x00,0x00,0x00,0x00,0x00,0x00,0x00,0x00,0x00,0x00,0x00,0x00,
    0x00,0x00,0x00,0x00,0x00,0x00,0x00,0x00,0x00,0x00,0x00,0x00,0x00,0x00,0x00,0x00,0x00,0x00,
    0x00,0x00,0x00,0x00,0x00,0x00,0x00,0x00,0x00,0x00,0x00,0x00,0x00,0x00,0x00,0x00,0x00,0x00,
    0x00,0x00,0x00,0x00,0x00,0x00,0x00,0x00,0x00,0x00,0x00,0x00,0x00,0x00,0x00,0x00,0x00,0x00,
    0x00,0x00,0x00,0x00,0x00,0x00,0x00,0x00,0x00,0x00,0x00,0x00,0x00,0x00,0x00,0x00,0x00,0x00,
    0x00,0x00,0x00,0x00,0x00,0x00,0x00,0x00,0x00,0x00,0x00,0x00,0x00,0x00,0x00,0x00,0x00,0x00,
    0x00,0x00,0x00,0x00,0x00,0x00,0x00,0x00,0x00,0x00,0x00,0x00,0x00,0x00,0x00,0x00,0x00,0x00,
    0x00,0x00,0x00,0x00,0x00,0x00,0x00,0x00,0x00,0x00,0x00,0x00,0x00,0x00,0x00,0x00,0x00,0x00,
    0x00,0x00,0x00,0x00,0x00,0x00,0x00,0x00,0x00,0x00,0x00,0x00,0x00,0x00,0x00,0x00,0x00,0x00,
    0x00,0x00,0x00,0x00,0x00,0x00,0x00,0x00,0x00,0x00,0x00,0x00,0x00,0x00,0x00,0x00,0x00,0x00,
    0x00,0x00,0x00,0x00,0x00,0x00,0x00,0x00,0x00,0x00,0x00,0x00,0x00,0x00,0x00,0x00,0x00,0x00,
    0x00,0x00,0x00,0x00,0x00,0x00,0x00,0x00,0x00,0x00,0x00,0x00,0x00,0x00,0x00,0x00,0x00,0x00,
    0x00,0x00,0x00,0x00,0x00,0x00,0x00,0x00,0x00,0x00,0x00,0x00,0x00,0x00,0x00,0x00,0x00,0x00,
    0x00,0x00,0x00,0x00,0x00,0x00,0x00,0x00,0x00,0x00,0x00,0x00,0x00,0x00,0x00,0x00,0x00,0x00,
    0x00,0x00,0x00,0x00,0x00,0x00,0x00,0x00,0x00,0x00,0x00,0x00,0x00,0x00,0x00,0x00,0x00,0x00,
    0x00,0x00,0x00,0x00,0x00,0x00,0x00,0x00,0x00,0x00,0x00,0x00,0x00,0x00,0x00,0x00,0x00,0x00,
    0x00,0x00,0x00,0x00,0x00,0x00,0x00,0x00,0x00,0x00,0x00,0x00,0x00,0x00,0x00,0x00,0x00,0x00,
    0x00,0x00,0x00,0x00,0x00,0x00,0x00,0x00,0x00,0x00,0x00,0x00,0x00,0x00,0x00,0x00,0x00,0x00,
    0x00,0x00,0x00,0x00,0x00,0x00,0x00,0x00,0x00,0x00,0x00,0x00,0x00,0x00,0x00,0x00,0x00,0x00,
    0x00,0x00,0x00,0x00,0x00,0x00,0x00,0x00,0x00,0x00,0x00,0x00,0x00,0x00,0x00,0x00,0x00,0x00,
    0x00,0x00,0x00,0x00,0x00,0x00,0x00,0x00,0x00,0x00,0x00,0x00,0x00,0x00,0x00,0x00,0x00,0x00,
    0x00,0x00,0x00,0x00,0x00,0x00,0x00,0x00,0x00,0x00,0x00,0x00,0x00,0x00,0x00,0x00,0x00,0x00,
    0x00,0x00,0x00,0x00,0x00,0x00,0x00,0x00,0x00,0x00,0x00,0x00,0x00,0x00,0x00,0x00,0x00,0x00,
    0x00,0x00,0x00,0x00,0x00,0x00,0x00,0x00,0x00,0x00,0x00,0x00,0x00,0x00,0x00,0x00,0x00,0x00,
    0x00,0x00,0x00,0x00,0x00,0x00,0x00,0x00,0x00,0x00,0x00,0x00,0x00,0x00,0x00,0x00,0x00,0x00,
    0x00,0x00,0x00,0x00,0x00,0x00,0x00,0x00,0x00,0x00,0x00,0x00,0x00,0x00,0x00,0x00,0x00,0x00,
    0x00,0x00,0x00,0x00,0x00,0x00,0x00,0x00,0x00,0x00,0x00,0x00,0x00,0x00,0x00,0x00,0x00,0x00,
    0x00,0x00,0x00,0x00,0x00,0x00,0x00,0x00,0x00,0x00,0x00,0x00,0x00,0x00,0x00,0x00,0x00,0x00,
    0x00,0x00,0x00,0x00,0x00,0x00,0x00,0x00,0x00,0x00,0x00,0x00,0x00,0x00,0x00,0x00,0x00,0x00,
    0x00,0x00,0x00,0x00,0x00,0x00,0x00,0x00,0x00,0x00,0x00,0x00,0x00,0x00,0x00,0x00,0x00,0x00,
    0x00,0x00,0x00,0x00,0x00,0x00,0x00,0x00,0x00,0x00,0x00,0x00,0x00,0x00,0x00,0x00,0x00,0x00,
    0x00,0x00,0x00,0x00,0x00,0x00,0x00,0x00,0x00,0x00,0x00,0x00,0x00,0x00,0x00,0x00,0x00,0x00,
    0x00,0x00,0x00,0x00,0x00,0x00,0x00,0x00,0x00,0x00,0x00,0x00,0x00,0x00,0x00,0x00,0x00,0x00,
    0x00,0x00,0x00,0x00,0x00,0x00,0x00,0x00,0x00,0x00,0x00,0x00,0x00,0x00,0x00,0x00,0x00,0x00,
    0x00,0x00,0x00,0x00,0x00,0x00,0x00,0x00,0x00,0x00,0x00,0x00,0x00,0x00,0x00,0x00,0x00,0x00,
    0x00,0x00,0x00,0x00,0x00,0x00,0x00,0x00,0x00,0x00,0x00,0x00,0x00,0x00,0x00,0x00,0x00,0x00,
    0x00,0x00,0x00,0x00,0x00,0x00,0x00,0x00,0x00,0x00,0x00,0x00,0x00,0x00,0x00,0x00,0x00,0x00,
    0x00,0x00,0x00,0x00,0x00,0x00,0x00,0x00,0x00,0x00,0x00,0x00,0x00,0x00,0x00,0x00,0x00,0x00,
    0x00,0x00,0x00,0x00,0x00,0x00,0x00,0x00,0x00,0x00,0x00,0x00,0x00,0x00,0x00,0x00,0x00,0x00,
    0x00,0x00,0x00,0x00,0x00,0x00,0x00,0x00,0x00,0x00,0x00,0x00,0x00,0x00,0x00,0x00,0x00,0x00,
    0x00,0x00,0x00,0x00,0x00,0x00,0x00,0x00,0x00,0x00,0x00,0x00,0x00,0x00,0x00,0x00,0x00,0x00,
    0x00,0x00,0x00,0x00,0x00,0x00,0x00,0x00,0x00,0x00,0x00,0x00,0x00,0x00,0x00,0x00,0x00,0x00,
    0x00,0x00,0x00,0x00,0x00,0x00,0x00,0x00,0x00,0x00,0x00,0x00,0x00,0x00,0x00,0x00,0x00,0x00,
    0x00,0x00,0x00,0x00,0x00,0x00,0x00,0x00,0x00,0x00,0x00,0x00,0x00,0x00,0x00,0x00,0x00,0x00,
    0x00,0x00,0x00,0x00,0x00,0x00,0x00,0x00,0x00,0x00,0x00,0x00,0x00,0x00,0x00,0x00,0x00,0x00,
    0x00,0x00,0x00,0x00,0x00,0x00,0x00,0x00,0x00,0x00,0x00,0x00,0x00,0x00,0x00,0x00,0x00,0x00,
    0x00,0x00,0x00,0x00,0x00,0x00,0x00,0x00,0x00,0x00,0x00,0x00,0x00,0x00,0x00,0x00,0x00,0x00,
    0x00,0x00,0x00,0x00,0x00,0x00,0x00,0x00,0x00,0x00,0x00,0x00,0x00,0x00,0x00,0x00,0x00,0x00,
    0x00,0x00,0x00,0x00,0x00,0x00,0x00,0x00,0x00,0x00,0x00,0x00,0x00,0x00,0x00,0x00,0x00,0x00,
    0x00,0x00,0x00,0x00,0x00,0x00,0xBC,0x2C,0xFF,0xBC,0x2C,0xFF,0xBC,0x2C,0xFF,0xBC,0x2C,0xFF,
    0xBC,0x2C,0xFF,0xBC,0x2C,0xFF,0x00,0x00,0x00,0x00,0x00,0x00,0x00,0x00,0x00,0x00,0x00,0x00,
    0x00,0x00,0x00,0x00,0x00,0x00,0x00,0x00,0x00,0x00,0x00,0x00,0x00,0x00,0x00,0x00,0x00,0x00,
    0x00,0x00,0x00,0x00,0x00,0x00,0x00,0x00,0x00,0x00,0x00,0x00,0x00,0x00,0x00,0x00,0x00,0x00,
    0x00,0x00,0x00,0x00,0x00,0x00,0x00,0x00,0x00,0x00,0x00,0x00,0x00,0x00,0x00,0x00,0x00,0x00,
    0x00,0x00,0x00,0x00,0x00,0x00,0x00,0x00,0x00,0x00,0x00,0x00,0x00,0x00,0x00,0x00,0x00,0x00,
    0x00,0x00,0x00,0x00,0x00,0x00,0x00,0x00,0x00,0x00,0x00,0x00,0x00,0x00,0x00,0x00,0x00,0x00,
    0x00,0x00,0x00,0x00,0x00,0x00,0x00,0x00,0x00,0x00,0x00,0x00,0x00,0x00,0x00,0x00,0x00,0x00,
    0x00,0x00,0x00,0x00,0x00,0x00,0x00,0x00,0x00,0x00,0x00,0x00,0x00,0x00,0x00,0x00,0x00,0x00,
    0x00,0x00,0x00,0x00,0x00,0x00,0x00,0x00,0x00,0x00,0x00,0x00,0x00,0x00,0x00,0x00,0x00,0x00,
    0x00,0x00,0x00,0x00,0x00,0x00,0x00,0x00,0x00,0x00,0x00,0x00,0x00,0x00,0x00,0x00,0x00,0x00,
    0x00,0x00,0x00,0x00,0x00,0x00,0x00,0x00,0x00,0x00,0x00,0x00,0x00,0x00,0x00,0x00,0x00,0x00,
    0x00,0x00,0x00,0x00,0x00,0x00,0x00,0x00,0x00,0x00,0x00,0x00,0x00,0x00,0x00,0x00,0x00,0x00,
    0x00,0x00,0x00,0x00,0x00,0x00,0x00,0x00,0x00,0x00,0x00,0x00,0x00,0x00,0x00,0x00,0x00,0x00,
    0x00,0x00,0x00,0x00,0x00,0x00,0x00,0x00,0x00,0x00,0x00,0x00,0x00,0x00,0x00,0x00,0x00,0x00,
    0x00,0x00,0x00,0xBC,0x2C,0xFF,0xBC,0x2C,0xFF,0xBC,0x2C,0xFF,0xBC,0x2C,0xFF,0xBC,0x2C,0xFF,
    0xBC,0x2C,0xFF,0xBC,0x2C,0xFF,0xBC,0x2C,0xFF,0xBC,0x2C,0xFF,0xBC,0x2C,0xFF,0xBC,0x2C,0xFF,
    0xBC,0x2C,0xFF,0xBC,0x2C,0xFF,0x00,0x00,0x00,0x00,0x00,0x00,0x00,0x00,0x00,0x00,0x00,0x00,
    0x00,0x00,0x00,0x00,0x00,0x00,0x00,0x00,0x00,0x00,0x00,0x00,0x00,0x00,0x00,0x00,0x00,0x00,
    0x00,0x00,0x00,0x00,0x00,0x00,0x00,0x00,0x00,0x00,0x00,0x00,0x00,0x00,0x00,0x00,0x00,0x00,
    0x00,0x00,0x00,0x00,0x00,0x00,0x00,0x00,0x00,0x00,0x00,0x00,0x00,0x00,0x00,0x00,0x00,0x00,
    0x00,0x00,0x00,0x00,0x00,0x00,0x00,0x00,0x00,0x00,0x00,0x00,0x00,0x00,0x00,0x00,0x00,0x00,
    0x00,0x00,0x00,0x00,0x00,0x00,0x00,0x00,0x00,0x00,0x00,0x00,0x00,0x00,0x00,0x00,0x00,0x00,
    0x00,0x00,0x00,0x00,0x00,0x00,0x00,0x00,0x00,0x00,0x00,0x00,0x00,0x00,0x00,0x00,0x00,0x00,
    0x00,0x00,0x00,0x00,0x00,0x00,0x00,0x00,0x00,0x00,0x00,0x00,0x00,0x00,0x00,0x00,0x00,0x00,
    0x00,0x00,0x00,0x00,0x00,0x00,0x00,0x00,0x00,0x00,0x00,0x00,0x00,0x00,0x00,0x00,0x00,0x00,
    0x00,0x00,0x00,0x00,0x00,0x00,0x00,0x00,0x00,0x00,0x00,0x00,0x00,0x00,0x00,0x00,0x00,0x00,
    0x00,0x00,0x00,0x00,0x00,0x00,0x00,0x00,0x00,0x00,0x00,0x00,0x00,0x00,0x00,0x00,0x00,0x00,
    0x00,0x00,0x00,0x00,0x00,0x00,0x00,0x00,0x00,0x00,0x00,0x00,0x00,0x00,0x00,0x00,0x00,0x00,
    0x00,0x00,0x00,0x00,0x00,0x00,0x00,0x00,0x00,0x00,0x00,0x00,0x00,0x00,0x00,0x00,0x00,0x00,
    0x00,0x00,0x00,0xBC,0x2C,0xFF,0xBC,0x2C,0xFF,0xBC,0x2C,0xFF,0xBC,0x2C,0xFF,0xBC,0x2C,0xFF,
    0xBC,0x2C,0xFF,0xBC,0x2C,0xFF,0xBC,0x2C,0xFF,0xBC,0x2C,0xFF,0xBC,0x2C,0xFF,0xBC,0x2C,0xFF,
    0xBC,0x2C,0xFF,0xBC,0x2C,0xFF,0xBC,0x2C,0xFF,0xBC,0x2C,0xFF,0xBC,0x2C,0xFF,0xBC,0x2C,0xFF,
    0xBC,0x2C,0xFF,0xBC,0x2C,0xFF,0x00,0x00,0x00,0x00,0x00,0x00,0x00,0x00,0x00,0x00,0x00,0x00,
    0x00,0x00,0x00,0x00,0x00,0x00,0x00,0x00,0x00,0x00,0x00,0x00,0x00,0x00,0x00,0x00,0x00,0x00,
    0x00,0x00,0x00,0x00,0x00,0x00,0x00,0x00,0x00,0x00,0x00,0x00,0x00,0x00,0x00,0x00,0x00,0x00,
    0x00,0x00,0x00,0x00,0x00,0x00,0x00,0x00,0x00,0x00,0x00,0x00,0x00,0x00,0x00,0x00,0x00,0x00,
    0x00,0x00,0x00,0x00,0x00,0x00,0x00,0x00,0x00,0x00,0x00,0x00,0x00,0x00,0x00,0x00,0x00,0x00,
    0x00,0x00,0x00,0x00,0x00,0x00,0x00,0x00,0x00,0x00,0x00,0x00,0x00,0x00,0x00,0x00,0x00,0x00,
    0x00,0x00,0x00,0x00,0x00,0x00,0x00,0x00,0x00,0x00,0x00,0x00,0x00,0x00,0x00,0x00,0x00,0x00,
    0x00,0x00,0x00,0x00,0x00,0x00,0x00,0x00,0x00,0x00,0x00,0x00,0x00,0x00,0x00,0x00,0x00,0x00,
    0x00,0x00,0x00,0x00,0x00,0x00,0x00,0x00,0x00,0x00,0x00,0x00,0x00,0x00,0x00,0x00,0x00,0x00,
    0x00,0x00,0x00,0x00,0x00,0x00,0x00,0x00,0x00,0x00,0x00,0x00,0x00,0x00,0x00,0x00,0x00,0x00,
    0x00,0x00,0x00,0x00,0x00,0x00,0x00,0x00,0x00,0x00,0x00,0x00,0x00,0x00,0x00,0x00,0x00,0x00,
    0x00,0x00,0x00,0x00,0x00,0x00,0x00,0x00,0x00,0x00,0x00,0x00,0x00,0x00,0x00,0x00,0x00,0x00,
    0xBC,0x2C,0xFF,0xBC,0x2C,0xFF,0xBC,0x2C,0xFF,0xBC,0x2C,0xFF,0xBC,0x2C,0xFF,0xBC,0x2C,0xFF,
    0xBC,0x2C,0xFF,0xBC,0x2C,0xFF,0xBC,0x2C,0xFF,0xBC,0x2C,0xFF,0xBC,0x2C,0xFF,0xBC,0x2C,0xFF,
    0xBC,0x2C,0xFF,0xBC,0x2C,0xFF,0xBC,0x2C,0xFF,0xBC,0x2C,0xFF,0xBC,0x2C,0xFF,0xBC,0x2C,0xFF,
    0xBC,0x2C,0xFF,0xBC,0x2C,0xFF,0xBC,0x2C,0xFF,0xBC,0x2C,0xFF,0xBC,0x2C,0xFF,0xBC,0x2C,0xFF,
    0xBC,0x2C,0xFF,0xBC,0x2C,0xFF,0x6E,0x53,0xFF,0x6E,0x53,0xFF,0x6E,0x53,0xFF,0x6E,0x53,0xFF,
    0x6E,0x53,0xFF,0x6E,0x53,0xFF,0x6E,0x53,0xFF,0x6E,0x53,0xFF,0x6E,0x53,0xFF,0x6E,0x53,0xFF,
    0x6E,0x53,0xFF,0x6E,0x53,0xFF,0x6E,0x53,0xFF,0x6E,0x53,0xFF,0x6E,0x53,0xFF,0x6E,0x53,0xFF,
    0x6E,0x53,0xFF,0x6E,0x53,0xFF,0x6E,0x53,0xFF,0x6E,0x53,0xFF,0x6E,0x53,0xFF,0x6E,0x53,0xFF,
    0x6E,0x53,0xFF,0x6E,0x53,0xFF,0x6E,0x53,0xFF,0x6E,0x53,0xFF,0x00,0x00,0x00,0x00,0x00,0x00,
    0x00,0x00,0x00,0x00,0x00,0x00,0x00,0x00,0x00,0x00,0x00,0x00,0x00,0x00,0x00,0x00,0x00,0x00,
    0x00,0x00,0x00,0x00,0x00,0x00,0x00,0x00,0x00,0x00,0x00,0x00,0x00,0x00,0x00,0x00,0x00,0x00,
    0x00,0x00,0x00,0x00,0x00,0x00,0x00,0x00,0x00,0x00,0x00,0x00,0x00,0x00,0x00,0x00,0x00,0x00,
    0x00,0x00,0x00,0x00,0x00,0x00,0x00,0x00,0x00,0x00,0x00,0x00,0x00,0x00,0x00,0x00,0x00,0x00,
    0x00,0x00,0x00,0x00,0x00,0x00,0x00,0x00,0x00,0x00,0x00,0x00,0x00,0x00,0x00,0x00,0x00,0x00,
    0x00,0x00,0x00,0x00,0x00,0x00,0x00,0x00,0x00,0x00,0x00,0x00,0x00,0x00,0x00,0x00,0x00,0x00,
    0x00,0x00,0x00,0x00,0x00,0x00,0x00,0x00,0x00,0x00,0x00,0x00,0x00,0x00,0x00,0x00,0x00,0x00,
    0xBC,0x2C,0xFF,0xBC,0x2C,0xFF,0xBC,0x2C,0xFF,0xBC,0x2C,0xFF,0xBC,0x2C,0xFF,0xBC,0x2C,0xFF,
    0xBC,0x2C,0xFF,0xBC,0x2C,0xFF,0xBC,0x2C,0xFF,0xBC,0x2C,0xFF,0xBC,0x2C,0xFF,0xBC,0x2C,0xFF,
    0xBC,0x2C,0xFF,0xBC,0x2C,0xFF,0xBC,0x2C,0xFF,0xBC,0x2C,0xFF,0xBC,0x2C,0xFF,0xBC,0x2C,0xFF,
    0xBC,0x2C,0xFF,0xBC,0x2C,0xFF,0xBC,0x2C,0xFF,0xBC,0x2C,0xFF,0xBC,0x2C,0xFF,0xBC,0x2C,0xFF,
    0xBC,0x2C,0xFF,0xBC,0x2C,0xFF,0x6E,0x53,0xFF,0x6E,0x53,0xFF,0x6E,0x53,0xFF,0x6E,0x53,0xFF,
    0x6E,0x53,0xFF,0x6E,0x53,0xFF,0x6E,0x53,0xFF,0x6E,0x53,0xFF,0x6E,0x53,0xFF,0x6E,0x53,0xFF,
    0x6E,0x53,0xFF,0x6E,0x53,0xFF,0x6E,0x53,0xFF,0x6E,0x53,0xFF,0x6E,0x53,0xFF,0x6E,0x53,0xFF,
    0x6E,0x53,0xFF,0x6E,0x53,0xFF,0x6E,0x53,0xFF,0x6E,0x53,0xFF,0x6E,0x53,0xFF,0x6E,0x53,0xFF,
    0x6E,0x53,0xFF,0x6E,0x53,0xFF,0x6E,0x53,0xFF,0x6E,0x53,0xFF,0x00,0x00,0x00,0x00,0x00,0x00,
    0x00,0x00,0x00,0x00,0x00,0x00,0x00,0x00,0x00,0x00,0x00,0x00,0x00,0x00,0x00,0x00,0x00,0x00,
    0x00,0x00,0x00,0x00,0x00,0x00,0x00,0x00,0x00,0x00,0x00,0x00,0x00,0x00,0x00,0x00,0x00,0x00,
    0x00,0x00,0x00,0x00,0x00,0x00,0x00,0x00,0x00,0x00,0x00,0x00,0x00,0x00,0x00,0x00,0x00,0x00,
    0x00,0x00,0x00,0x00,0x00,0x00,0x00,0x00,0x00,0x00,0x00,0x00,0x00,0x00,0x00,0x00,0x00,0x00,
    0x00,0x00,0x00,0x00,0x00,0x00,0x00,0x00,0x00,0x00,0x00,0x00,0x00,0x00,0x00,0x00,0x00,0x00,
    0x00,0x00,0x00,0x00,0x00,0x00,0x00,0x00,0x00,0x00,0x00,0x00,0x00,0x00,0x00,0x00,0x00,0x00,
    0x00,0x00,0x00,0x00,0x00,0x00,0x00,0x00,0x00,0x00,0x00,0x00,0x00,0x00,0x00,0x00,0x00,0x00,
    0xBC,0x2C,0xFF,0xBC,0x2C,0xFF,0xBC,0x2C,0xFF,0xBC,0x2C,0xFF,0xBC,0x2C,0xFF,0xBC,0x2C,0xFF,
    0xBC,0x2C,0xFF,0xBC,0x2C,0xFF,0xBC,0x2C,0xFF,0xBC,0x2C,0xFF,0xBC,0x2C,0xFF,0xBC,0x2C,0xFF,
    0xBC,0x2C,0xFF,0xBC,0x2C,0xFF,0xBC,0x2C,0xFF,0xBC,0x2C,0xFF,0xBC,0x2C,0xFF,0xBC,0x2C,0xFF,
    0xBC,0x2C,0xFF,0xBC,0x2C,0xFF,0xBC,0x2C,0xFF,0xBC,0x2C,0xFF,0xBC,0x2C,0xFF,0xBC,0x2C,0xFF,
    0xBC,0x2C,0xFF,0xBC,0x2C,0xFF,0x6E,0x53,0xFF,0x6E,0x53,0xFF,0x6E,0x53,0xFF,0x6E,0x53,0xFF,
    0x6E,0x53,0xFF,0x6E,0x53,0xFF,0x6E,0x53,0xFF,0x6E,0x53,0xFF,0x6E,0x53,0xFF,0x6E,0x53,0xFF,
    0x6E,0x53,0xFF,0x6E,0x53,0xFF,0x6E,0x53,0xFF,0x6E,0x53,0xFF,0x6E,0x53,0xFF,0x6E,0x53,0xFF,
    0x6E,0x53,0xFF,0x6E,0x53,0xFF,0x6E,0x53,0xFF,0x6E,0x53,0xFF,0x6E,0x53,0xFF,0x6E,0x53,0xFF,
    0x6E,0x53,0xFF,0x6E,0x53,0xFF,0x6E,0x53,0xFF,0x4A,0x32,0xFF,0x00,0x00,0x00,0x00,0x00,0x00,
    0x00,0x00,0x00,0x00,0x00,0x00,0x00,0x00,0x00,0x00,0x00,0x00,0x00,0x00,0x00,0x00,0x00,0x00,
    0x00,0x00,0x00,0x00,0x00,0x00,0x00,0x00,0x00,0x00,0x00,0x00,0x00,0x00,0x00,0x00,0x00,0x00,
    0x00,0x00,0x00,0x00,0x00,0x00,0x00,0x00,0x00,0x00,0x00,0x00,0x00,0x00,0x00,0x00,0x00,0x00,
    0x00,0x00,0x00,0x00,0x00,0x00,0x00,0x00,0x00,0x00,0x00,0x00,0x00,0x00,0x00,0x00,0x00,0x00,
    0x00,0x00,0x00,0x00,0x00,0x00,0x00,0x00,0x00,0x00,0x00,0x00,0x00,0x00,0x00,0x00,0x00,0x00,
    0x00,0x00,0x00,0x00,0x00,0x00,0x00,0x00,0x00,0x00,0x00,0x00,0x00,0x00,0x00,0x00,0x00,0x00,
    0x00,0x00,0x00,0x00,0x00,0x00,0x00,0x00,0x00,0x00,0x00,0x00,0x00,0x00,0x00,0x00,0x00,0x00,
    0xBC,0x2C,0xFF,0xBC,0x2C,0xFF,0xBC,0x2C,0xFF,0xBC,0x2C,0xFF,0xBC,0x2C,0xFF,0xBC,0x2C,0xFF,
    0xBC,0x2C,0xFF,0xBC,0x2C,0xFF,0xBC,0x2C,0xFF,0xBC,0x2C,0xFF,0xBC,0x2C,0xFF,0xBC,0x2C,0xFF,
    0xBC,0x2C,0xFF,0xBC,0x2C,0xFF,0xBC,0x2C,0xFF,0xBC,0x2C,0xFF,0xBC,0x2C,0xFF,0xBC,0x2C,0xFF,
    0xBC,0x2C,0xFF,0xBC,0x2C,0xFF,0xBC,0x2C,0xFF,0xBC,0x2C,0xFF,0xBC,0x2C,0xFF,0xBC,0x2C,0xFF,
    0xBC,0x2C,0xFF,0xBC,0x2C,0xFF,0x6E,0x53,0xFF,0x6E,0x53,0xFF,0x6E,0x53,0xFF,0x6E,0x53,0xFF,
    0x6E,0x53,0xFF,0x6E,0x53,0xFF,0x6E,0x53,0xFF,0x6E,0x53,0xFF,0x6E,0x53,0xFF,0x6E,0x53,0xFF,
    0x6E,0x53,0xFF,0x6E,0x53,0xFF,0x6E,0x53,0xFF,0x6E,0x53,0xFF,0x6E,0x53,0xFF,0x6E,0x53,0xFF,
    0x6E,0x53,0xFF,0x6E,0x53,0xFF,0x6E,0x53,0xFF,0x6E,0x53,0xFF,0x6E,0x53,0xFF,0x6E,0x53,0xFF,
    0x6E,0x53,0xFF,0x6E,0x53,0xFF,0x4A,0x32,0xFF,0x4A,0x32,0xFF,0x00,0x00,0x00,0x00,0x00,0x00,
    0x00,0x00,0x00,0x00,0x00,0x00,0x00,0x00,0x00,0x00,0x00,0x00,0x00,0x00,0x00,0x00,0x00,0x00,
    0x00,0x00,0x00,0x00,0x00,0x00,0x00,0x00,0x00,0x00,0x00,0x00,0x00,0x00,0x00,0x00,0x00,0x00,
    0x00,0x00,0x00,0x00,0x00,0x00,0x00,0x00,0x00,0x00,0x00,0x00,0x00,0x00,0x00,0x00,0x00,0x00,
    0x00,0x00,0x00,0x00,0x00,0x00,0x00,0x00,0x00,0x00,0x00,0x00,0x00,0x00,0x00,0x00,0x00,0x00,
    0x00,0x00,0x00,0x00,0x00,0x00,0x00,0x00,0x00,0x00,0x00,0x00,0x00,0x00,0x00,0x00,0x00,0x00,
    0x00,0x00,0x00,0x00,0x00,0x00,0x00,0x00,0x00,0x00,0x00,0x00,0x00,0x00,0x00,0x00,0x00,0x00,
    0x00,0x00,0x00,0x00,0x00,0x00,0x00,0x00,0x00,0x00,0x00,0x00,0x00,0x00,0x00,0x00,0x00,0x00,
    0xBC,0x2C,0xFF,0xBC,0x2C,0xFF,0xBC,0x2C,0xFF,0xBC,0x2C,0xFF,0xBC,0x2C,0xFF,0xBC,0x2C,0xFF,
    0xBC,0x2C,0xFF,0xBC,0x2C,0xFF,0xBC,0x2C,0xFF,0xBC,0x2C,0xFF,0xBC,0x2C,0xFF,0xBC,0x2C,0xFF,
    0xBC,0x2C,0xFF,0xBC,0x2C,0xFF,0xBC,0x2C,0xFF,0xBC,0x2C,0xFF,0xBC,0x2C,0xFF,0xBC,0x2C,0xFF,
    0xBC,0x2C,0xFF,0xBC,0x2C,0xFF,0xBC,0x2C,0xFF,0xBC,0x2C,0xFF,0xBC,0x2C,0xFF,0xBC,0x2C,0xFF,
    0xBC,0x2C,0xFF,0xBC,0x2C,0xFF,0x6E,0x53,0xFF,0x6E,0x53,0xFF,0x6E,0x53,0xFF,0x6E,0x53,0xFF,
    0x6E,0x53,0xFF,0x6E,0x53,0xFF,0x6E,0x53,0xFF,0x6E,0x53,0xFF,0x6E,0x53,0xFF,0x6E,0x53,0xFF,
    0x6E,0x53,0xFF,0x6E,0x53,0xFF,0x6E,0x53,0xFF,0x6E,0x53,0xFF,0x6E,0x53,0xFF,0x6E,0x53,0xFF,
    0x6E,0x53,0xFF,0x6E,0x53,0xFF,0x6E,0x53,0xFF,0x6E,0x53,0xFF,0x6E,0x53,0xFF,0x6E,0x53,0xFF,
    0x6E,0x53,0xFF,0x4A,0x32,0xFF,0x4A,0x32,0xFF,0x4A,0x32,0xFF,0x00,0x00,0x00,0x00,0x00,0x00,
    0x00,0x00,0x00,0x00,0x00,0x00,0x00,0x00,0x00,0x00,0x00,0x00,0x00,0x00,0x00,0x00,0x00,0x00,
    0x00,0x00,0x00,0x00,0x00,0x00,0x00,0x00,0x00,0x00,0x00,0x00,0x00,0x00,0x00,0x00,0x00,0x00,
    0x00,0x00,0x00,0x00,0x00,0x00,0x00,0x00,0x00,0x00,0x00,0x00,0x00,0x00,0x00,0x00,0x00,0x00,
    0x00,0x00,0x00,0x00,0x00,0x00,0x00,0x00,0x00,0x00,0x00,0x00,0x00,0x00,0x00,0x00,0x00,0x00,
    0x00,0x00,0x00,0x00,0x00,0x00,0x00,0x00,0x00,0x00,0x00,0x00,0x00,0x00,0x00,0x00,0x00,0x00,
    0x00,0x00,0x00,0x00,0x00,0x00,0x00,0x00,0x00,0x00,0x00,0x00,0x00,0x00,0x00,0x00,0x00,0x00,
    0x00,0x00,0x00,0x00,0x00,0x00,0x00,0x00,0x00,0x00,0x00,0x00,0x00,0x00,0x00,0x00,0x00,0x00,
    0xBC,0x2C,0xFF,0xBC,0x2C,0xFF,0xBC,0x2C,0xFF,0xBC,0x2C,0xFF,0xBC,0x2C,0xFF,0xBC,0x2C,0xFF,
    0xBC,0x2C,0xFF,0xBC,0x2C,0xFF,0xBC,0x2C,0xFF,0xBC,0x2C,0xFF,0xBC,0x2C,0xFF,0xBC,0x2C,0xFF,
    0xBC,0x2C,0xFF,0xBC,0x2C,0xFF,0xBC,0x2C,0xFF,0xBC,0x2C,0xFF,0xBC,0x2C,0xFF,0xBC,0x2C,0xFF,
    0xBC,0x2C,0xFF,0xBC,0x2C,0xFF,0xBC,0x2C,0xFF,0xBC,0x2C,0xFF,0xBC,0x2C,0xFF,0xBC,0x2C,0xFF,
    0xBC,0x2C,0xFF,0xBC,0x2C,0xFF,0x6E,0x53,0xFF,0x6E,0x53,0xFF,0x6E,0x53,0xFF,0x6E,0x53,0xFF,
    0x6E,0x53,0xFF,0x6E,0x53,0xFF,0x6E,0x53,0xFF,0x6E,0x53,0xFF,0x6E,0x53,0xFF,0x6E,0x53,0xFF,
    0x6E,0x53,0xFF,0x6E,0x53,0xFF,0x6E,0x53,0xFF,0x6E,0x53,0xFF,0x6E,0x53,0xFF,0x6E,0x53,0xFF,
    0x6E,0x53,0xFF,0x6E,0x53,0xFF,0x6E,0x53,0xFF,0x6E,0x53,0xFF,0x6E,0x53,0xFF,0x6E,0x53,0xFF,
    0x4A,0x32,0xFF,0x4A,0x32,0xFF,0x4A,0x32,0xFF,0x4A,0x32,0xFF,0x00,0x00,0x00,0x00,0x00,0x00,
    0x00,0x00,0x00,0x00,0x00,0x00,0x00,0x00,0x00,0x00,0x00,0x00,0x00,0x00,0x00,0x00,0x00,0x00,
    0x00,0x00,0x00,0x00,0x00,0x00,0x00,0x00,0x00,0x00,0x00,0x00,0x00,0x00,0x00,0x00,0x00,0x00,
    0x00,0x00,0x00,0x00,0x00,0x00,0x00,0x00,0x00,0x00,0x00,0x00,0x00,0x00,0x00,0x00,0x00,0x00,
    0x00,0x00,0x00,0x00,0x00,0x00,0x00,0x00,0x00,0x00,0x00,0x00,0x00,0x00,0x00,0x00,0x00,0x00,
    0x00,0x00,0x00,0x00,0x00,0x00,0x00,0x00,0x00,0x00,0x00,0x00,0x00,0x00,0x00,0x00,0x00,0x00,
    0x00,0x00,0x00,0x00,0x00,0x00,0x00,0x00,0x00,0x00,0x00,0x00,0x00,0x00,0x00,0x00,0x00,0x00,
    0x00,0x00,0x00,0x00,0x00,0x00,0x00,0x00,0x00,0x00,0x00,0x00,0x00,0x00,0x00,0x00,0x00,0x00,
    0xBC,0x2C,0xFF,0xBC,0x2C,0xFF,0xBC,0x2C,0xFF,0xBC,0x2C,0xFF,0xBC,0x2C,0xFF,0xBC,0x2C,0xFF,
    0xBC,0x2C,0xFF,0xBC,0x2C,0xFF,0xBC,0x2C,0xFF,0xBC,0x2C,0xFF,0xBC,0x2C,0xFF,0xBC,0x2C,0xFF,
    0xBC,0x2C,0xFF,0xBC,0x2C,0xFF,0xBC,0x2C,0xFF,0xBC,0x2C,0xFF,0xBC,0x2C,0xFF,0xBC,0x2C,0xFF,
    0xBC,0x2C,0xFF,0xBC,0x2C,0xFF,0xBC,0x2C,0xFF,0xBC,0x2C,0xFF,0xBC,0x2C,0xFF,0xBC,0x2C,0xFF,
    0xBC,0x2C,0xFF,0xBC,0x2C,0xFF,0x6E,0x53,0xFF,0x6E,0x53,0xFF,0x6E,0x53,0xFF,0x6E,0x53,0xFF,
    0x6E,0x53,0xFF,0x6E,0x53,0xFF,0x6E,0x53,0xFF,0x6E,0x53,0xFF,0x6E,0x53,0xFF,0x6E,0x53,0xFF,
    0x6E,0x53,0xFF,0x6E,0x53,0xFF,0x6E,0x53,0xFF,0x6E,0x53,0xFF,0x6E,0x53,0xFF,0x6E,0x53,0xFF,
    0x6E,0x53,0xFF,0x6E,0x53,0xFF,0x6E,0x53,0xFF,0x6E,0x53,0xFF,0x6E,0x53,0xFF,0x6E,0x53,0xFF,
    0x4A,0x32,0xFF,0x4A,0x32,0xFF,0x4A,0x32,0xFF,0x4A,0x32,0xFF,0x00,0x00,0x00,0x00,0x00,0x00,
    0x00,0x00,0x00,0x00,0x00,0x00,0x00,0x00,0x00,0x00,0x00,0x00,0x00,0x00,0x00,0x00,0x00,0x00,
    0x00,0x00,0x00,0x00,0x00,0x00,0x00,0x00,0x00,0x00,0x00,0x00,0x00,0x00,0x00,0x00,0x00,0x00,
    0x00,0x00,0x00,0x00,0x00,0x00,0x00,0x00,0x00,0x00,0x00,0x00,0x00,0x00,0x00,0x00,0x00,0x00,
    0x00,0x00,0x00,0x00,0x00,0x00,0x00,0x00,0x00,0x00,0x00,0x00,0x00,0x00,0x00,0x00,0x00,0x00,
    0x00,0x00,0x00,0x00,0x00,0x00,0x00,0x00,0x00,0x00,0x00,0x00,0x00,0x00,0x00,0x00,0x00,0x00,
    0x00,0x00,0x00,0x00,0x00,0x00,0x00,0x00,0x00,0x00,0x00,0x00,0x00,0x00,0x00,0x00,0x00,0x00,
    0x00,0x00,0x00,0x00,0x00,0x00,0x00,0x00,0x00,0x00,0x00,0x00,0x00,0x00,0x00,0x00,0x00,0x00,
    0xBC,0x2C,0xFF,0xBC,0x2C,0xFF,0xBC,0x2C,0xFF,0xBC,0x2C,0xFF,0xBC,0x2C,0xFF,0xBC,0x2C,0xFF,
    0xBC,0x2C,0xFF,0xBC,0x2C,0xFF,0xBC,0x2C,0xFF,0xBC,0x2C,0xFF,0xBC,0x2C,0xFF,0xBC,0x2C,0xFF,
    0xBC,0x2C,0xFF,0xBC,0x2C,0xFF,0xBC,0x2C,0xFF,0xBC,0x2C,0xFF,0xBC,0x2C,0xFF,0xBC,0x2C,0xFF,
    0xBC,0x2C,0xFF,0xBC,0x2C,0xFF,0xBC,0x2C,0xFF,0xBC,0x2C,0xFF,0xBC,0x2C,0xFF,0xBC,0x2C,0xFF,
    0xBC,0x2C,0xFF,0xBC,0x2C,0xFF,0x6E,0x53,0xFF,0x6E,0x53,0xFF,0x6E,0x53,0xFF,0x6E,0x53,0xFF,
    0x6E,0x53,0xFF,0x6E,0x53,0xFF,0x6E,0x53,0xFF,0x6E,0x53,0xFF,0x6E,0x53,0xFF,0x6E,0x53,0xFF,
    0x6E,0x53,0xFF,0x6E,0x53,0xFF,0x6E,0x53,0xFF,0x6E,0x53,0xFF,0x6E,0x53,0xFF,0x6E,0x53,0xFF,
    0x6E,0x53,0xFF,0x6E,0x53,0xFF,0x6E,0x53,0xFF,0x6E,0x53,0xFF,0x6E,0x53,0xFF,0x4A,0x32,0xFF,
    0x4A,0x32,0xFF,0x4A,0x32,0xFF,0x4A,0x32,0xFF,0x4A,0x32,0xFF,0x00,0x00,0x00,0x00,0x00,0x00,
    0x00,0x00,0x00,0x00,0x00,0x00,0x00,0x00,0x00,0x00,0x00,0x00,0x00,0x00,0x00,0x00,0x00,0x00,
    0x00,0x00,0x00,0x00,0x00,0x00,0x00,0x00,0x00,0x00,0x00,0x00,0x00,0x00,0x00,0x00,0x00,0x00,
    0x00,0x00,0x00,0x00,0x00,0x00,0x00,0x00,0x00,0x00,0x00,0x00,0x00,0x00,0x00,0x00,0x00,0x00,
    0x00,0x00,0x00,0x00,0x00,0x00,0x00,0x00,0x00,0x00,0x00,0x00,0x00,0x00,0x00,0x00,0x00,0x00,
    0x00,0x00,0x00,0x00,0x00,0x00,0x00,0x00,0x00,0x00,0x00,0x00,0x00,0x00,0x00,0x00,0x00,0x00,
    0x00,0x00,0x00,0x00,0x00,0x00,0x00,0x00,0x00,0x00,0x00,0x00,0x00,0x00,0x00,0x00,0x00,0x00,
    0x00,0x00,0x00,0x00,0x00,0x00,0x00,0x00,0x00,0x00,0x00,0x00,0x00,0x00,0x00,0x00,0x00,0x00,
    0xBC,0x2C,0xFF,0xBC,0x2C,0xFF,0xBC,0x2C,0xFF,0xBC,0x2C,0xFF,0xBC,0x2C,0xFF,0xBC,0x2C,0xFF,
    0xBC,0x2C,0xFF,0xBC,0x2C,0xFF,0xBC,0x2C,0xFF,0xBC,0x2C,0xFF,0xBC,0x2C,0xFF,0xBC,0x2C,0xFF,
    0xBC,0x2C,0xFF,0xBC,0x2C,0xFF,0xBC,0x2C,0xFF,0xBC,0x2C,0xFF,0xBC,0x2C,0xFF,0xBC,0x2C,0xFF,
    0xBC,0x2C,0xFF,0xBC,0x2C,0xFF,0xBC,0x2C,0xFF,0xBC,0x2C,0xFF,0xBC,0x2C,0xFF,0xBC,0x2C,0xFF,
    0xBC,0x2C,0xFF,0xBC,0x2C,0xFF,0x6E,0x53,0xFF,0x6E,0x53,0xFF,0x6E,0x53,0xFF,0x6E,0x53,0xFF,
    0x6E,0x53,0xFF,0x6E,0x53,0xFF,0x6E,0x53,0xFF,0x6E,0x53,0xFF,0x6E,0x53,0xFF,0x6E,0x53,0xFF,
    0x6E,0x53,0xFF,0x6E,0x53,0xFF,0x6E,0x53,0xFF,0x6E,0x53,0xFF,0x6E,0x53,0xFF,0x6E,0x53,0xFF,
    0x6E,0x53,0xFF,0x6E,0x53,0xFF,0x6E,0x53,0xFF,0x6E,0x53,0xFF,0x4A,0x32,0xFF,0x4A,0x32,0xFF,
    0x4A,0x32,0xFF,0x4A,0x32,0xFF,0x4A,0x32,0xFF,0x4A,0x32,0xFF,0x00,0x00,0x00,0x00,0x00,0x00,
    0x00,0x00,0x00,0x00,0x00,0x00,0x00,0x00,0x00,0x00,0x00,0x00,0x00,0x00,0x00,0x00,0x00,0x00,
    0x00,0x00,0x00,0x00,0x00,0x00,0x00,0x00,0x00,0x00,0x00,0x00,0x00,0x00,0x00,0x00,0x00,0x00,
    0x00,0x00,0x00,0x00,0x00,0x00,0x00,0x00,0x00,0x00,0x00,0x00,0x00,0x00,0x00,0x00,0x00,0x00,
    0x00,0x00,0x00,0x00,0x00,0x00,0x00,0x00,0x00,0x00,0x00,0x00,0x00,0x00,0x00,0x00,0x00,0x00,
    0x00,0x00,0x00,0x00,0x00,0x00,0x00,0x00,0x00,0x00,0x00,0x00,0x00,0x00,0x00,0x00,0x00,0x00,
    0x00,0x00,0x00,0x00,0x00,0x00,0x00,0x00,0x00,0x00,0x00,0x00,0x00,0x00,0x00,0x00,0x00,0x00,
    0x00,0x00,0x00,0x00,0x00,0x00,0x00,0x00,0x00,0x00,0x00,0x00,0x00,0x00,0x00,0x00,0x00,0x00,
    0xBC,0x2C,0xFF,0xBC,0x2C,0xFF,0xBC,0x2C,0xFF,0xBC,0x2C,0xFF,0xBC,0x2C,0xFF,0xBC,0x2C,0xFF,
    0xBC,0x2C,0xFF,0xBC,0x2C,0xFF,0xBC,0x2C,0xFF,0xBC,0x2C,0xFF,0xBC,0x2C,0xFF,0xBC,0x2C,0xFF,
    0xBC,0x2C,0xFF,0xBC,0x2C,0xFF,0xBC,0x2C,0xFF,0xBC,0x2C,0xFF,0xBC,0x2C,0xFF,0xBC,0x2C,0xFF,
    0xBC,0x2C,0xFF,0xBC,0x2C,0xFF,0xBC,0x2C,0xFF,0xBC,0x2C,0xFF,0xBC,0x2C,0xFF,0xBC,0x2C,0xFF,
    0xBC,0x2C,0xFF,0xBC,0x2C,0xFF,0x6E,0x53,0xFF,0x6E,0x53,0xFF,0x6E,0x53,0xFF,0x6E,0x53,0xFF,
    0x6E,0x53,0xFF,0x6E,0x53,0xFF,0x6E,0x53,0xFF,0x6E,0x53,0xFF,0x6E,0x53,0xFF,0x6E,0x53,0xFF,
    0x6E,0x53,0xFF,0x6E,0x53,0xFF,0x6E,0x53,0xFF,0x6E,0x53,0xFF,0x6E,0x53,0xFF,0x6E,0x53,0xFF,
    0x6E,0x53,0xFF,0x6E,0x53,0xFF,0x6E,0x53,0xFF,0x4A,0x32,0xFF,0x4A,0x32,0xFF,0x4A,0x32,0xFF,
    0x4A,0x32,0xFF,0x4A,0x32,0xFF,0x4A,0x32,0xFF,0x4A,0x32,0xFF,0x00,0x00,0x00,0x00,0x00,0x00,
    0x00,0x00,0x00,0x00,0x00,0x00,0x00,0x00,0x00,0x00,0x00,0x00,0x00,0x00,0x00,0x00,0x00,0x00,
    0x00,0x00,0x00,0x00,0x00,0x00,0x00,0x00,0x00,0x00,0x00,0x00,0x00,0x00,0x00,0x00,0x00,0x00,
    0x00,0x00,0x00,0x00,0x00,0x00,0x00,0x00,0x00,0x00,0x00,0x00,0x00,0x00,0x00,0x00,0x00,0x00,
    0x00,0x00,0x00,0x00,0x00,0x00,0x00,0x00,0x00,0x00,0x00,0x00,0x00,0x00,0x00,0x00,0x00,0x00,
    0x00,0x00,0x00,0x00,0x00,0x00,0x00,0x00,0x00,0x00,0x00,0x00,0x00,0x00,0x00,0x00,0x00,0x00,
    0x00,0x00,0x00,0x00,0x00,0x00,0x00,0x00,0x00,0x00,0x00,0x00,0x00,0x00,0x00,0x00,0x00,0x00,
    0x00,0x00,0x00,0x00,0x00,0x00,0x00,0x00,0x00,0x00,0x00,0x00,0x00,0x00,0x00,0x00,0x00,0x00,
    0xBC,0x2C,0xFF,0xBC,0x2C,0xFF,0xBC,0x2C,0xFF,0xBC,0x2C,0xFF,0xBC,0x2C,0xFF,0xBC,0x2C,0xFF,
    0xBC,0x2C,0xFF,0xBC,0x2C,0xFF,0xBC,0x2C,0xFF,0xBC,0x2C,0xFF,0xBC,0x2C,0xFF,0xBC,0x2C,0xFF,
    0xBC,0x2C,0xFF,0xBC,0x2C,0xFF,0xBC,0x2C,0xFF,0xBC,0x2C,0xFF,0xBC,0x2C,0xFF,0xBC,0x2C,0xFF,
    0xBC,0x2C,0xFF,0xBC,0x2C,0xFF,0xBC,0x2C,0xFF,0xBC,0x2C,0xFF,0xBC,0x2C,0xFF,0xBC,0x2C,0xFF,
    0xBC,0x2C,0xFF,0xBC,0x2C,0xFF,0x6E,0x53,0xFF,0x6E,0x53,0xFF,0x6E,0x53,0xFF,0x6E,0x53,0xFF,
    0x6E,0x53,0xFF,0x6E,0x53,0xFF,0x6E,0x53,0xFF,0x6E,0x53,0xFF,0x6E,0x53,0xFF,0x6E,0x53,0xFF,
    0x6E,0x53,0xFF,0x6E,0x53,0xFF,0x6E,0x53,0xFF,0x6E,0x53,0xFF,0x6E,0x53,0xFF,0x6E,0x53,0xFF,
    0x6E,0x53,0xFF,0x6E,0x53,0xFF,0x4A,0x32,0xFF,0x4A,0x32,0xFF,0x4A,0x32,0xFF,0x4A,0x32,0xFF,
    0x4A,0x32,0xFF,0x4A,0x32,0xFF,0x4A,0x32,0xFF,0x4A,0x32,0xFF,0x00,0x00,0x00,0x00,0x00,0x00,
    0x00,0x00,0x00,0x00,0x00,0x00,0x00,0x00,0x00,0x00,0x00,0x00,0x00,0x00,0x00,0x00,0x00,0x00,
    0x00,0x00,0x00,0x00,0x00,0x00,0x00,0x00,0x00,0x00,0x00,0x00,0x00,0x00,0x00,0x00,0x00,0x00,
    0x00,0x00,0x00,0x00,0x00,0x00,0x00,0x00,0x00,0x00,0x00,0x00,0x00,0x00,0x00,0x00,0x00,0x00,
    0x00,0x00,0x00,0x00,0x00,0x00,0x00,0x00,0x00,0x00,0x00,0x00,0x00,0x00,0x00,0x00,0x00,0x00,
    0x00,0x00,0x00,0x00,0x00,0x00,0x00,0x00,0x00,0x00,0x00,0x00,0x00,0x00,0x00,0x00,0x00,0x00,
    0x00,0x00,0x00,0x00,0x00,0x00,0x00,0x00,0x00,0x00,0x00,0x00,0x00,0x00,0x00,0x00,0x00,0x00,
    0x00,0x00,0x00,0x00,0x00,0x00,0x00,0x00,0x00,0x00,0x00,0x00,0x00,0x00,0x00,0x00,0x00,0x00,
    0xBC,0x2C,0xFF,0xBC,0x2C,0xFF,0xBC,0x2C,0xFF,0xBC,0x2C,0xFF,0xBC,0x2C,0xFF,0xBC,0x2C,0xFF,
    0xBC,0x2C,0xFF,0xBC,0x2C,0xFF,0xBC,0x2C,0xFF,0xBC,0x2C,0xFF,0xBC,0x2C,0xFF,0xBC,0x2C,0xFF,
    0xBC,0x2C,0xFF,0xBC,0x2C,0xFF,0xBC,0x2C,0xFF,0xBC,0x2C,0xFF,0xBC,0x2C,0xFF,0xBC,0x2C,0xFF,
    0xBC,0x2C,0xFF,0xBC,0x2C,0xFF,0xBC,0x2C,0xFF,0xBC,0x2C,0xFF,0xBC,0x2C,0xFF,0xBC,0x2C,0xFF,
    0xBC,0x2C,0xFF,0xBC,0x2C,0xFF,0x6E,0x53,0xFF,0x6E,0x53,0xFF,0x6E,0x53,0xFF,0x6E,0x53,0xFF,
    0x6E,0x53,0xFF,0x6E,0x53,0xFF,0x6E,0x53,0xFF,0x6E,0x53,0xFF,0x6E,0x53,0xFF,0x6E,0x53,0xFF,
    0x6E,0x53,0xFF,0x6E,0x53,0xFF,0x6E,0x53,0xFF,0x6E,0x53,0xFF,0x6E,0x53,0xFF,0x6E,0x53,0xFF,
    0x6E,0x53,0xFF,0x6E,0x53,0xFF,0x4A,0x32,0xFF,0x4A,0x32,0xFF,0x4A,0x32,0xFF,0x4A,0x32,0xFF,
    0x4A,0x32,0xFF,0x4A,0x32,0xFF,0x4A,0x32,0xFF,0x4A,0x32,0xFF,0x00,0x00,0x00,0x00,0x00,0x00,
    0x00,0x00,0x00,0x00,0x00,0x00,0x00,0x00,0x00,0x00,0x00,0x00,0x00,0x00,0x00,0x00,0x00,0x00,
    0x00,0x00,0x00,0x00,0x00,0x00,0x00,0x00,0x00,0x00,0x00,0x00,0x00,0x00,0x00,0x00,0x00,0x00,
    0x00,0x00,0x00,0x00,0x00,0x00,0x00,0x00,0x00,0x00,0x00,0x00,0x00,0x00,0x00,0x00,0x00,0x00,
    0x00,0x00,0x00,0x00,0x00,0x00,0x00,0x00,0x00,0x00,0x00,0x00,0x00,0x00,0x00,0x00,0x00,0x00,
    0x00,0x00,0x00,0x00,0x00,0x00,0x00,0x00,0x00,0x00,0x00,0x00,0x00,0x00,0x00,0x00,0x00,0x00,
    0x00,0x00,0x00,0x00,0x00,0x00,0x00,0x00,0x00,0x00,0x00,0x00,0x00,0x00,0x00,0x00,0x00,0x00,
    0x00,0x00,0x00,0x00,0x00,0x00,0x00,0x00,0x00,0x00,0x00,0x00,0x00,0x00,0x00,0x00,0x00,0x00,
    0xBC,0x2C,0xFF,0xBC,0x2C,0xFF,0xBC,0x2C,0xFF,0xBC,0x2C,0xFF,0xBC,0x2C,0xFF,0xBC,0x2C,0xFF,
    0xBC,0x2C,0xFF,0xBC,0x2C,0xFF,0xBC,0x2C,0xFF,0xBC,0x2C,0xFF,0xBC,0x2C,0xFF,0xBC,0x2C,0xFF,
    0xBC,0x2C,0xFF,0xBC,0x2C,0xFF,0xBC,0x2C,0xFF,0xBC,0x2C,0xFF,0xBC,0x2C,0xFF,0xBC,0x2C,0xFF,
    0xBC,0x2C,0xFF,0xBC,0x2C,0xFF,0xBC,0x2C,0xFF,0xBC,0x2C,0xFF,0xBC,0x2C,0xFF,0xBC,0x2C,0xFF,
    0xBC,0x2C,0xFF,0xBC,0x2C,0xFF,0x6E,0x53,0xFF,0x6E,0x53,0xFF,0x6E,0x53,0xFF,0x6E,0x53,0xFF,
    0x6E,0x53,0xFF,0x6E,0x53,0xFF,0x6E,0x53,0xFF,0x6E,0x53,0xFF,0x6E,0x53,0xFF,0x6E,0x53,0xFF,
    0x6E,0x53,0xFF,0x6E,0x53,0xFF,0x6E,0x53,0xFF,0x6E,0x53,0xFF,0x6E,0x53,0xFF,0x6E,0x53,0xFF,
    0x6E,0x53,0xFF,0x4A,0x32,0xFF,0x4A,0x32,0xFF,0x4A,0x32,0xFF,0x4A,0x32,0xFF,0x4A,0x32,0xFF,
    0x4A,0x32,0xFF,0x4A,0x32,0xFF,0x4A,0x32,0xFF,0x4A,0x32,0xFF,0x00,0x00,0x00,0x00,0x00,0x00,
    0x00,0x00,0x00,0x00,0x00,0x00,0x00,0x00,0x00,0x00,0x00,0x00,0x00,0x00,0x00,0x00,0x00,0x00,
    0x00,0x00,0x00,0x00,0x00,0x00,0x00,0x00,0x00,0x00,0x00,0x00,0x00,0x00,0x00,0x00,0x00,0x00,
    0x00,0x00,0x00,0x00,0x00,0x00,0x00,0x00,0x00,0x00,0x00,0x00,0x00,0x00,0x00,0x00,0x00,0x00,
    0x00,0x00,0x00,0x00,0x00,0x00,0x00,0x00,0x00,0x00,0x00,0x00,0x00,0x00,0x00,0x00,0x00,0x00,
    0x00,0x00,0x00,0x00,0x00,0x00,0x00,0x00,0x00,0x00,0x00,0x00,0x00,0x00,0x00,0x00,0x00,0x00,
    0x00,0x00,0x00,0x00,0x00,0x00,0x00,0x00,0x00,0x00,0x00,0x00,0x00,0x00,0x00,0x00,0x00,0x00,
    0x00,0x00,0x00,0x00,0x00,0x00,0x00,0x00,0x00,0x00,0x00,0x00,0x00,0x00,0x00,0x00,0x00,0x00,
    0xBC,0x2C,0xFF,0xBC,0x2C,0xFF,0xBC,0x2C,0xFF,0xBC,0x2C,0xFF,0xBC,0x2C,0xFF,0xBC,0x2C,0xFF,
    0xBC,0x2C,0xFF,0xBC,0x2C,0xFF,0xBC,0x2C,0xFF,0xBC,0x2C,0xFF,0xBC,0x2C,0xFF,0xBC,0x2C,0xFF,
    0xBC,0x2C,0xFF,0xBC,0x2C,0xFF,0xBC,0x2C,0xFF,0xBC,0x2C,0xFF,0xBC,0x2C,0xFF,0xBC,0x2C,0xFF,
    0xBC,0x2C,0xFF,0xBC,0x2C,0xFF,0xBC,0x2C,0xFF,0xBC,0x2C,0xFF,0xBC,0x2C,0xFF,0xBC,0x2C,0xFF,
    0xBC,0x2C,0xFF,0xBC,0x2C,0xFF,0x6E,0x53,0xFF,0x6E,0x53,0xFF,0x6E,0x53,0xFF,0x6E,0x53,0xFF,
    0x6E,0x53,0xFF,0x6E,0x53,0xFF,0x6E,0x53,0xFF,0x6E,0x53,0xFF,0x6E,0x53,0xFF,0x6E,0x53,0xFF,
    0x6E,0x53,0xFF,0x6E,0x53,0xFF,0x6E,0x53,0xFF,0x6E,0x53,0xFF,0x6E,0x53,0xFF,0x6E,0x53,0xFF,
    0x4A,0x32,0xFF,0x4A,0x32,0xFF,0x4A,0x32,0xFF,0x4A,0x32,0xFF,0x4A,0x32,0xFF,0x4A,0x32,0xFF,
    0x4A,0x32,0xFF,0x4A,0x32,0xFF,0x4A,0x32,0xFF,0x4A,0x32,0xFF,0x00,0x00,0x00,0x00,0x00,0x00,
    0x00,0x00,0x00,0x00,0x00,0x00,0x00,0x00,0x00,0x00,0x00,0x00,0x00,0x00,0x00,0x00,0x00,0x00,
    0x00,0x00,0x00,0x00,0x00,0x00,0x00,0x00,0x00,0x00,0x00,0x00,0x00,0x00,0x00,0x00,0x00,0x00,
    0x00,0x00,0x00,0x00,0x00,0x00,0x00,0x00,0x00,0x00,0x00,0x00,0x00,0x00,0x00,0x00,0x00,0x00,
    0x31,0xF3,0xFF,0x00,0x00,0x00,0x00,0x00,0x00,0x00,0x00,0x00,0x00,0x00,0x00,0x00,0x00,0x00,
    0x00,0x00,0x00,0x00,0x00,0x00,0x00,0x00,0x00,0x00,0x00,0x00,0x00,0x00,0x00,0x00,0x00,0x00,
    0x00,0x00,0x00,0x00,0x00,0x00,0x00,0x00,0x00,0x00,0x00,0x00,0x00,0x00,0x00,0x00,0x00,0x00,
    0x00,0x00,0x00,0x00,0x00,0x00,0x00,0x00,0x00,0x00,0x00,0x00,0x00,0x00,0x00,0x00,0x00,0x00,
    0xBC,0x2C,0xFF,0xBC,0x2C,0xFF,0xBC,0x2C,0xFF,0xBC,0x2C,0xFF,0xBC,0x2C,0xFF,0xBC,0x2C,0xFF,
    0xBC,0x2C,0xFF,0xBC,0x2C,0xFF,0xBC,0x2C,0xFF,0xBC,0x2C,0xFF,0xBC,0x2C,0xFF,0xBC,0x2C,0xFF,
    0xBC,0x2C,0xFF,0xBC,0x2C,0xFF,0xBC,0x2C,0xFF,0xBC,0x2C,0xFF,0xBC,0x2C,0xFF,0xBC,0x2C,0xFF,
    0xBC,0x2C,0xFF,0xBC,0x2C,0xFF,0xBC,0x2C,0xFF,0xBC,0x2C,0xFF,0xBC,0x2C,0xFF,0xBC,0x2C,0xFF,
    0xBC,0x2C,0xFF,0xBC,0x2C,0xFF,0x6E,0x53,0xFF,0x6E,0x53,0xFF,0x6E,0x53,0xFF,0x6E,0x53,0xFF,
    0x6E,0x53,0xFF,0x6E,0x53,0xFF,0x6E,0x53,0xFF,0x6E,0x53,0xFF,0x6E,0x53,0xFF,0x6E,0x53,0xFF,
    0x6E,0x53,0xFF,0x6E,0x53,0xFF,0x6E,0x53,0xFF,0x6E,0x53,0xFF,0x6E,0x53,0xFF,0x4A,0x32,0xFF,
    0x4A,0x32,0xFF,0x4A,0x32,0xFF,0x4A,0x32,0xFF,0x4A,0x32,0xFF,0x4A,0x32,0xFF,0x4A,0x32,0xFF,
    0x4A,0x32,0xFF,0x4A,0x32,0xFF,0x4A,0x32,0xFF,0x4A,0x32,0xFF,0x00,0x00,0x00,0x00,0x00,0x00,
    0x00,0x00,0x00,0x00,0x00,0x00,0x00,0x00,0x00,0x00,0x00,0x00,0x00,0x00,0x00,0x00,0x00,0x00,
    0x00,0x00,0x00,0x00,0x00,0x00,0x00,0x00,0x00,0x00,0x00,0x00,0x00,0x00,0x00,0x00,0x00,0x00,
    0x00,0x00,0x00,0x00,0x00,0x00,0x00,0x00,0x00,0x00,0x00,0x00,0x00,0x00,0x00,0x00,0x00,0x00,
    0x31,0xF3,0xFF,0x31,0xF3,0xFF,0x00,0x00,0x00,0x00,0x00,0x00,0x00,0x00,0x00,0x00,0x00,0x00,
    0x00,0x00,0x00,0x00,0x00,0x00,0x00,0x00,0x00,0x00,0x00,0x00,0x00,0x00,0x00,0x00,0x00,0x00,
    0x00,0x00,0x00,0x00,0x00,0x00,0x00,0x00,0x00,0x00,0x00,0x00,0x00,0x00,0x00,0x00,0x00,0x00,
    0x00,0x00,0x00,0x00,0x00,0x00,0x00,0x00,0x00,0x00,0x00,0x00,0x00,0x00,0x00,0x00,0x00,0x00,
    0xBC,0x2C,0xFF,0xBC,0x2C,0xFF,0xBC,0x2C,0xFF,0xBC,0x2C,0xFF,0xBC,0x2C,0xFF,0xBC,0x2C,0xFF,
    0xBC,0x2C,0xFF,0xBC,0x2C,0xFF,0xBC,0x2C,0xFF,0xBC,0x2C,0xFF,0xBC,0x2C,0xFF,0xBC,0x2C,0xFF,
    0xBC,0x2C,0xFF,0xBC,0x2C,0xFF,0xBC,0x2C,0xFF,0xBC,0x2C,0xFF,0xBC,0x2C,0xFF,0xBC,0x2C,0xFF,
    0xBC,0x2C,0xFF,0xBC,0x2C,0xFF,0xBC,0x2C,0xFF,0xBC,0x2C,0xFF,0xBC,0x2C,0xFF,0xBC,0x2C,0xFF,
    0xBC,0x2C,0xFF,0xBC,0x2C,0xFF,0x6E,0x53,0xFF,0x6E,0x53,0xFF,0x6E,0x53,0xFF,0x6E,0x53,0xFF,
    0x6E,0x53,0xFF,0x6E,0x53,0xFF,0x6E,0x53,0xFF,0x6E,0x53,0xFF,0x6E,0x53,0xFF,0x6E,0x53,0xFF,
    0x6E,0x53,0xFF,0x6E,0x53,0xFF,0x6E,0x53,0xFF,0x6E,0x53,0xFF,0x4A,0x32,0xFF,0x4A,0x32,0xFF,
    0x4A,0x32,0xFF,0x4A,0x32,0xFF,0x4A,0x32,0xFF,0x4A,0x32,0xFF,0x4A,0x32,0xFF,0x4A,0x32,0xFF,
    0x4A,0x32,0xFF,0x4A,0x32,0xFF,0x4A,0x32,0xFF,0x4A,0x32,0xFF,0x00,0x00,0x00,0x00,0x00,0x00,
    0x00,0x00,0x00,0x00,0x00,0x00,0x00,0x00,0x00,0x00,0x00,0x00,0x00,0x00,0x00,0x00,0x00,0x00,
    0x00,0x00,0x00,0x00,0x00,0x00,0x00,0x00,0x00,0x00,0x00,0x00,0x00,0x00,0x00,0x00,0x00,0x00,
    0x00,0x00,0x00,0x00,0x00,0x00,0x00,0x00,0x00,0x00,0x00,0x00,0x00,0x00,0x00,0x00,0x00,0x00,
    0x31,0xF3,0xFF,0x31,0xF3,0xFF,0x31,0xF3,0xFF,0x00,0x00,0x00,0x00,0x00,0x00,0x00,0x00,0x00,
    0x00,0x00,0x00,0x00,0x00,0x00,0x00,0x00,0x00,0x00,0x00,0x00,0x00,0x00,0x00,0x00,0x00,0x00,
    0x00,0x00,0x00,0x00,0x00,0x00,0x00,0x00,0x00,0x00,0x00,0x00,0x00,0x00,0x00,0x00,0x00,0x00,
    0x00,0x00,0x00,0x00,0x00,0x00,0x00,0x00,0x00,0x00,0x00,0x00,0x00,0x00,0x00,0x00,0x00,0x00,
    0xBC,0x2C,0xFF,0xBC,0x2C,0xFF,0xBC,0x2C,0xFF,0xBC,0x2C,0xFF,0xBC,0x2C,0xFF,0xBC,0x2C,0xFF,
    0xBC,0x2C,0xFF,0xBC,0x2C,0xFF,0xBC,0x2C,0xFF,0xBC,0x2C,0xFF,0xBC,0x2C,0xFF,0xBC,0x2C,0xFF,
    0xBC,0x2C,0xFF,0xBC,0x2C,0xFF,0xBC,0x2C,0xFF,0xBC,0x2C,0xFF,0xBC,0x2C,0xFF,0xBC,0x2C,0xFF,
    0xBC,0x2C,0xFF,0xBC,0x2C,0xFF,0xBC,0x2C,0xFF,0xBC,0x2C,0xFF,0xBC,0x2C,0xFF,0xBC,0x2C,0xFF,
    0xBC,0x2C,0xFF,0xBC,0x2C,0xFF,0x6E,0x53,0xFF,0x6E,0x53,0xFF,0x6E,0x53,0xFF,0x6E,0x53,0xFF,
    0x6E,0x53,0xFF,0x6E,0x53,0xFF,0x6E,0x53,0xFF,0x6E,0x53,0xFF,0x6E,0x53,0xFF,0x6E,0x53,0xFF,
    0x6E,0x53,0xFF,0x6E,0x53,0xFF,0x6E,0x53,0xFF,0x4A,0x32,0xFF,0x4A,0x32,0xFF,0x4A,0x32,0xFF,
    0x4A,0x32,0xFF,0x4A,0x32,0xFF,0x4A,0x32,0xFF,0x4A,0x32,0xFF,0x4A,0x32,0xFF,0x4A,0x32,0xFF,
    0x4A,0x32,0xFF,0x4A,0x32,0xFF,0x4A,0x32,0xFF,0x4A,0x32,0xFF,0x00,0x00,0x00,0x00,0x00,0x00,
    0x00,0x00,0x00,0x00,0x00,0x00,0x00,0x00,0x00,0x00,0x00,0x00,0x00,0x00,0x00,0x00,0x00,0x00,
    0x00,0x00,0x00,0x00,0x00,0x00,0x00,0x00,0x00,0x00,0x00,0x00,0x00,0x00,0x00,0x00,0x00,0x00,
    0x00,0x00,0x00,0x00,0x00,0x00,0x00,0x00,0x00,0x00,0x00,0x00,0x00,0x00,0x00,0x00,0x00,0x00,
    0x31,0xF3,0xFF,0x31,0xF3,0xFF,0x31,0xF3,0xFF,0x31,0xF3,0xFF,0x00,0x00,0x00,0x00,0x00,0x00,
    0x00,0x00,0x00,0x00,0x00,0x00,0x00,0x00,0x00,0x00,0x00,0x00,0x00,0x00,0x00,0x00,0x00,0x00,
    0x00,0x00,0x00,0x00,0x00,0x00,0x00,0x00,0x00,0x00,0x00,0x00,0x00,0x00,0x00,0x00,0x00,0x00,
    0x00,0x00,0x00,0x00,0x00,0x00,0x00,0x00,0x00,0x00,0x00,0x00,0x00,0x00,0x00,0x00,0x00,0x00,
    0xBC,0x2C,0xFF,0xBC,0x2C,0xFF,0xBC,0x2C,0xFF,0xBC,0x2C,0xFF,0xBC,0x2C,0xFF,0xBC,0x2C,0xFF,
    0xBC,0x2C,0xFF,0xBC,0x2C,0xFF,0xBC,0x2C,0xFF,0xBC,0x2C,0xFF,0xBC,0x2C,0xFF,0xBC,0x2C,0xFF,
    0xBC,0x2C,0xFF,0xBC,0x2C,0xFF,0xBC,0x2C,0xFF,0xBC,0x2C,0xFF,0xBC,0x2C,0xFF,0xBC,0x2C,0xFF,
    0xBC,0x2C,0xFF,0xBC,0x2C,0xFF,0xBC,0x2C,0xFF,0xBC,0x2C,0xFF,0xBC,0x2C,0xFF,0xBC,0x2C,0xFF,
    0xBC,0x2C,0xFF,0xBC,0x2C,0xFF,0x6E,0x53,0xFF,0x6E,0x53,0xFF,0x6E,0x53,0xFF,0x6E,0x53,0xFF,
    0x6E,0x53,0xFF,0x6E,0x53,0xFF,0x6E,0x53,0xFF,0x6E,0x53,0xFF,0x6E,0x53,0xFF,0x6E,0x53,0xFF,
    0x6E,0x53,0xFF,0x6E,0x53,0xFF,0x6E,0x53,0xFF,0x4A,0x32,0xFF,0x4A,0x32,0xFF,0x4A,0x32,0xFF,
    0x4A,0x32,0xFF,0x4A,0x32,0xFF,0x4A,0x32,0xFF,0x4A,0x32,0xFF,0x4A,0x32,0xFF,0x4A,0x32,0xFF,
    0x4A,0x32,0xFF,0x4A,0x32,0xFF,0x4A,0x32,0xFF,0x4A,0x32,0xFF,0x00,0x00,0x00,0x00,0x00,0x00,
    0x00,0x00,0x00,0x00,0x00,0x00,0x00,0x00,0x00,0x00,0x00,0x00,0x00,0x00,0x00,0x00,0x00,0x00,
    0x00,0x00,0x00,0x00,0x00,0x00,0x00,0x00,0x00,0x00,0x00,0x00,0x00,0x00,0x00,0x00,0x00,0x00,
    0x00,0x00,0x00,0x00,0x00,0x00,0x00,0x00,0x00,0x00,0x00,0x00,0x00,0x00,0x00,0x00,0x00,0x00,
    0x31,0xF3,0xFF,0x31,0xF3,0xFF,0x31,0xF3,0xFF,0x31,0xF3,0xFF,0x31,0xF3,0xFF,0x00,0x00,0x00,
    0x00,0x00,0x00,0x00,0x00,0x00,0x00,0x00,0x00,0x00,0x00,0x00,0x00,0x00,0x00,0x00,0x00,0x00,
    0x00,0x00,0x00,0x00,0x00,0x00,0x00,0x00,0x00,0x00,0x00,0x00,0x00,0x00,0x00,0x00,0x00,0x00,
    0x00,0x00,0x00,0x00,0x00,0x00,0x00,0x00,0x00,0x00,0x00,0x00,0x00,0x00,0x00,0x00,0x00,0x00,
    0xBC,0x2C,0xFF,0xBC,0x2C,0xFF,0xBC,0x2C,0xFF,0xBC,0x2C,0xFF,0xBC,0x2C,0xFF,0xBC,0x2C,0xFF,
    0xBC,0x2C,0xFF,0xBC,0x2C,0xFF,0xBC,0x2C,0xFF,0xBC,0x2C,0xFF,0xBC,0x2C,0xFF,0xBC,0x2C,0xFF,
    0xBC,0x2C,0xFF,0xBC,0x2C,0xFF,0xBC,0x2C,0xFF,0xBC,0x2C,0xFF,0xBC,0x2C,0xFF,0xBC,0x2C,0xFF,
    0xBC,0x2C,0xFF,0xBC,0x2C,0xFF,0xBC,0x2C,0xFF,0xBC,0x2C,0xFF,0xBC,0x2C,0xFF,0xBC,0x2C,0xFF,
    0xBC,0x2C,0xFF,0xBC,0x2C,0xFF,0x6E,0x53,0xFF,0x6E,0x53,0xFF,0x6E,0x53,0xFF,0x6E,0x53,0xFF,
    0x6E,0x53,0xFF,0x6E,0x53,0xFF,0x6E,0x53,0xFF,0x6E,0x53,0xFF,0x6E,0x53,0xFF,0x6E,0x53,0xFF,
    0x6E,0x53,0xFF,0x6E,0x53,0xFF,0x4A,0x32,0xFF,0x4A,0x32,0xFF,0x4A,0x32,0xFF,0x4A,0x32,0xFF,
    0x4A,0x32,0xFF,0x4A,0x32,0xFF,0x4A,0x32,0xFF,0x4A,0x32,0xFF,0x4A,0x32,0xFF,0x4A,0x32,0xFF,
    0x4A,0x32,0xFF,0x4A,0x32,0xFF,0x4A,0x32,0xFF,0x4A,0x32,0xFF,0x00,0x00,0x00,0x00,0x00,0x00,
    0x00,0x00,0x00,0x00,0x00,0x00,0x00,0x00,0x00,0x00,0x00,0x00,0x00,0x00,0x00,0x00,0x00,0x00,
    0x00,0x00,0x00,0x00,0x00,0x00,0x00,0x00,0x00,0x00,0x00,0x00,0x00,0x00,0x00,0x00,0x00,0x00,
    0x00,0x00,0x00,0x00,0x00,0x00,0x00,0x00,0x00,0x00,0x00,0x00,0x00,0x00,0x00,0x00,0x00,0x00,
    0x31,0xF3,0xFF,0x31,0xF3,0xFF,0x31,0xF3,0xFF,0x31,0xF3,0xFF,0x00,0x00,0x00,0x00,0x00,0x00,
    0x00,0x00,0x00,0x00,0x00,0x00,0x00,0x00,0x00,0x00,0x00,0x00,0x00,0x00,0x00,0x00,0x00,0x00,
    0x00,0x00,0x00,0x00,0x00,0x00,0x00,0x00,0x00,0x00,0x00,0x00,0x00,0x00,0x00,0x00,0x00,0x00,
    0x00,0x00,0x00,0x00,0x00,0x00,0x00,0x00,0x00,0x00,0x00,0x00,0x00,0x00,0x00,0x00,0x00,0x00,
    0xBC,0x2C,0xFF,0xBC,0x2C,0xFF,0xBC,0x2C,0xFF,0xBC,0x2C,0xFF,0xBC,0x2C,0xFF,0xBC,0x2C,0xFF,
    0xBC,0x2C,0xFF,0xBC,0x2C,0xFF,0xBC,0x2C,0xFF,0xBC,0x2C,0xFF,0xBC,0x2C,0xFF,0xBC,0x2C,0xFF,
    0xBC,0x2C,0xFF,0xBC,0x2C,0xFF,0xBC,0x2C,0xFF,0xBC,0x2C,0xFF,0xBC,0x2C,0xFF,0xBC,0x2C,0xFF,
    0xBC,0x2C,0xFF,0xBC,0x2C,0xFF,0xBC,0x2C,0xFF,0xBC,0x2C,0xFF,0xBC,0x2C,0xFF,0xBC,0x2C,0xFF,
    0xBC,0x2C,0xFF,0xBC,0x2C,0xFF,0x6E,0x53,0xFF,0x6E,0x53,0xFF,0x6E,0x53,0xFF,0x6E,0x53,0xFF,
    0x6E,0x53,0xFF,0x6E,0x53,0xFF,0x6E,0x53,0xFF,0x6E,0x53,0xFF,0x6E,0x53,0xFF,0x6E,0x53,0xFF,
    0x6E,0x53,0xFF,0x4A,0x32,0xFF,0x4A,0x32,0xFF,0x4A,0x32,0xFF,0x4A,0x32,0xFF,0x4A,0x32,0xFF,
    0x4A,0x32,0xFF,0x4A,0x32,0xFF,0x4A,0x32,0xFF,0x4A,0x32,0xFF,0x4A,0x32,0xFF,0x4A,0x32,0xFF,
    0x4A,0x32,0xFF,0x4A,0x32,0xFF,0x4A,0x32,0xFF,0x4A,0x32,0xFF,0x00,0x00,0x00,0x00,0x00,0x00,
    0x00,0x00,0x00,0x00,0x00,0x00,0x00,0x00,0x00,0x00,0x00,0x00,0x00,0x00,0x00,0x00,0x00,0x00,
    0x00,0x00,0x00,0x00,0x00,0x00,0x00,0x00,0x00,0x00,0x00,0x00,0x00,0x00,0x00,0x00,0x00,0x00,
    0x00,0x00,0x00,0x00,0x00,0x00,0x00,0x00,0x00,0x00,0x00,0x00,0x00,0x00,0x00,0x00,0x00,0x00,
    0x31,0xF3,0xFF,0x31,0xF3,0xFF,0x31,0xF3,0xFF,0x00,0x00,0x00,0x00,0x00,0x00,0x00,0x00,0x00,
    0x00,0x00,0x00,0x00,0x00,0x00,0x00,0x00,0x00,0x00,0x00,0x00,0x00,0x00,0x00,0x00,0x00,0x00,
    0x00,0x00,0x00,0x00,0x00,0x00,0x00,0x00,0x00,0x00,0x00,0x00,0x00,0x00,0x00,0x00,0x00,0x00,
    0x00,0x00,0x00,0x00,0x00,0x00,0x00,0x00,0x00,0x00,0x00,0x00,0x00,0x00,0x00,0x00,0x00,0x00,
    0xBC,0x2C,0xFF,0xBC,0x2C,0xFF,0xBC,0x2C,0xFF,0xBC,0x2C,0xFF,0xBC,0x2C,0xFF,0xBC,0x2C,0xFF,
    0xBC,0x2C,0xFF,0xBC,0x2C,0xFF,0xBC,0x2C,0xFF,0xBC,0x2C,0xFF,0xBC,0x2C,0xFF,0xBC,0x2C,0xFF,
    0xBC,0x2C,0xFF,0xBC,0x2C,0xFF,0xBC,0x2C,0xFF,0xBC,0x2C,0xFF,0xBC,0x2C,0xFF,0xBC,0x2C,0xFF,
    0xBC,0x2C,0xFF,0xBC,0x2C,0xFF,0xBC,0x2C,0xFF,0xBC,0x2C,0xFF,0xBC,0x2C,0xFF,0xBC,0x2C,0xFF,
    0xBC,0x2C,0xFF,0xBC,0x2C,0xFF,0x6E,0x53,0xFF,0x6E,0x53,0xFF,0x6E,0x53,0xFF,0x6E,0x53,0xFF,
    0x6E,0x53,0xFF,0x6E,0x53,0xFF,0x6E,0x53,0xFF,0x6E,0x53,0xFF,0x6E,0x53,0xFF,0x6E,0x53,0xFF,
    0x4A,0x32,0xFF,0x4A,0x32,0xFF,0x4A,0x32,0xFF,0x4A,0x32,0xFF,0x4A,0x32,0xFF,0x4A,0x32,0xFF,
    0x4A,0x32,0xFF,0x4A,0x32,0xFF,0x4A,0x32,0xFF,0x4A,0x32,0xFF,0x4A,0x32,0xFF,0x4A,0x32,0xFF,
    0x4A,0x32,0xFF,0x4A,0x32,0xFF,0x4A,0x32,0xFF,0x4A,0x32,0xFF,0x00,0x00,0x00,0x00,0x00,0x00,
    0x00,0x00,0x00,0x00,0x00,0x00,0x00,0x00,0x00,0x00,0x00,0x00,0x00,0x00,0x00,0x00,0x00,0x00,
    0x00,0x00,0x00,0x00,0x00,0x00,0x00,0x00,0x00,0x00,0x00,0x00,0x00,0x00,0x00,0x00,0x00,0x00,
    0x00,0x00,0x00,0x00,0x00,0x00,0x00,0x00,0x00,0x00,0x00,0x00,0x00,0x00,0x00,0x00,0x00,0x00,
    0x31,0xF3,0xFF,0x31,0xF3,0xFF,0x00,0x00,0x00,0x00,0x00,0x00,0x00,0x00,0x00,0x00,0x00,0x00,
    0x00,0x00,0x00,0x00,0x00,0x00,0x00,0x00,0x00,0x00,0x00,0x00,0x00,0x00,0x00,0x00,0x00,0x00,
    0x00,0x00,0x00,0x00,0x00,0x00,0x00,0x00,0x00,0x00,0x00,0x00,0x00,0x00,0x00,0x00,0x00,0x00,
    0x00,0x00,0x00,0x00,0x00,0x00,0x00,0x00,0x00,0x00,0x00,0x00,0x00,0x00,0x00,0x00,0x00,0x00,
    0xBC,0x2C,0xFF,0xBC,0x2C,0xFF,0xBC,0x2C,0xFF,0xBC,0x2C,0xFF,0xBC,0x2C,0xFF,0xBC,0x2C,0xFF,
    0xBC,0x2C,0xFF,0xBC,0x2C,0xFF,0xBC,0x2C,0xFF,0xBC,0x2C,0xFF,0xBC,0x2C,0xFF,0xBC,0x2C,0xFF,
    0xBC,0x2C,0xFF,0xBC,0x2C,0xFF,0xBC,0x2C,0xFF,0xBC,0x2C,0xFF,0xBC,0x2C,0xFF,0xBC,0x2C,0xFF,
    0xBC,0x2C,0xFF,0xBC,0x2C,0xFF,0xBC,0x2C,0xFF,0xBC,0x2C,0xFF,0xBC,0x2C,0xFF,0xBC,0x2C,0xFF,
    0xBC,0x2C,0xFF,0xBC,0x2C,0xFF,0x6E,0x53,0xFF,0x6E,0x53,0xFF,0x6E,0x53,0xFF,0x6E,0x53,0xFF,
    0x6E,0x53,0xFF,0x6E,0x53,0xFF,0x6E,0x53,0xFF,0x6E,0x53,0xFF,0x6E,0x53,0xFF,0x4A,0x32,0xFF,
    0x4A,0x32,0xFF,0x4A,0x32,0xFF,0x4A,0x32,0xFF,0x4A,0x32,0xFF,0x4A,0x32,0xFF,0x4A,0x32,0xFF,
    0x4A,0x32,0xFF,0x4A,0x32,0xFF,0x4A,0x32,0xFF,0x4A,0x32,0xFF,0x4A,0x32,0xFF,0x4A,0x32,0xFF,
    0x4A,0x32,0xFF,0x4A,0x32,0xFF,0x4A,0x32,0xFF,0x4A,0x32,0xFF,0x00,0x00,0x00,0x00,0x00,0x00,
    0x00,0x00,0x00,0x00,0x00,0x00,0x00,0x00,0x00,0x00,0x00,0x00,0x00,0x00,0x00,0x00,0x00,0x00,
    0x00,0x00,0x00,0x00,0x00,0x00,0x00,0x00,0x00,0x00,0x00,0x00,0x00,0x00,0x00,0x00,0x00,0x00,
    0x00,0x00,0x00,0x00,0x00,0x00,0x00,0x00,0x00,0x00,0x00,0x00,0x00,0x00,0x00,0x00,0x00,0x00,
    0x31,0xF3,0xFF,0x31,0xF3,0xFF,0x00,0x00,0x00,0x00,0x00,0x00,0x00,0x00,0x00,0x00,0x00,0x00,
    0x00,0x00,0x00,0x00,0x00,0x00,0x00,0x00,0x00,0x00,0x00,0x00,0x00,0x00,0x00,0x00,0x00,0x00,
    0x00,0x00,0x00,0x00,0x00,0x00,0x00,0x00,0x00,0x00,0x00,0x00,0x00,0x00,0x00,0x00,0x00,0x00,
    0x00,0x00,0x00,0x00,0x00,0x00,0x00,0x00,0x00,0x00,0x00,0x00,0x00,0x00,0x00,0x00,0x00,0x00,
    0xBC,0x2C,0xFF,0xBC,0x2C,0xFF,0xBC,0x2C,0xFF,0xBC,0x2C,0xFF,0xBC,0x2C,0xFF,0xBC,0x2C,0xFF,
    0xBC,0x2C,0xFF,0xBC,0x2C,0xFF,0xBC,0x2C,0xFF,0xBC,0x2C,0xFF,0xBC,0x2C,0xFF,0xBC,0x2C,0xFF,
    0xBC,0x2C,0xFF,0xBC,0x2C,0xFF,0xBC,0x2C,0xFF,0xBC,0x2C,0xFF,0xBC,0x2C,0xFF,0xBC,0x2C,0xFF,
    0xBC,0x2C,0xFF,0xBC,0x2C,0xFF,0xBC,0x2C,0xFF,0xBC,0x2C,0xFF,0xBC,0x2C,0xFF,0xBC,0x2C,0xFF,
    0xBC,0x2C,0xFF,0xBC,0x2C,0xFF,0x6E,0x53,0xFF,0x6E,0x53,0xFF,0x6E,0x53,0xFF,0x6E,0x53,0xFF,
    0x6E,0x53,0xFF,0x6E,0x53,0xFF,0x6E,0x53,0xFF,0x6E,0x53,0xFF,0x6E,0x53,0xFF,0x4A,0x32,0xFF,
    0x4A,0x32,0xFF,0x4A,0x32,0xFF,0x4A,0x32,0xFF,0x4A,0x32,0xFF,0x4A,0x32,0xFF,0x4A,0x32,0xFF,
    0x4A,0x32,0xFF,0x4A,0x32,0xFF,0x4A,0x32,0xFF,0x4A,0x32,0xFF,0x4A,0x32,0xFF,0x4A,0x32,0xFF,
    0x4A,0x32,0xFF,0x4A,0x32,0xFF,0x4A,0x32,0xFF,0x4A,0x32,0xFF,0x00,0x00,0x00,0x00,0x00,0x00,
    0x00,0x00,0x00,0x00,0x00,0x00,0x00,0x00,0x00,0x00,0x00,0x00,0x00,0x00,0x00,0x00,0x00,0x00,
    0x00,0x00,0x00,0x00,0x00,0x00,0x00,0x00,0x00,0x00,0x00,0x00,0x00,0x00,0x00,0x00,0x00,0x00,
    0x00,0x00,0x00,0x00,0x00,0x00,0x00,0x00,0x00,0x00,0x00,0x00,0x00,0x00,0x00,0x00,0x00,0x00,
    0x31,0xF3,0xFF,0x00,0x00,0x00,0x00,0x00,0x00,0x00,0x00,0x00,0x00,0x00,0x00,0x00,0x00,0x00,
    0x00,0x00,0x00,0x00,0x00,0x00,0x00,0x00,0x00,0x00,0x00,0x00,0x00,0x00,0x00,0x00,0x00,0x00,
    0x00,0x00,0x00,0x00,0x00,0x00,0x00,0x00,0x00,0x00,0x00,0x00,0x00,0x00,0x00,0x00,0x00,0x00,
    0x00,0x00,0x00,0x00,0x00,0x00,0x00,0x00,0x00,0x00,0x00,0x00,0x00,0x00,0x00,0x00,0x00,0x00,
    0xBC,0x2C,0xFF,0xBC,0x2C,0xFF,0xBC,0x2C,0xFF,0xBC,0x2C,0xFF,0xBC,0x2C,0xFF,0xBC,0x2C,0xFF,
    0xBC,0x2C,0xFF,0xBC,0x2C,0xFF,0xBC,0x2C,0xFF,0xBC,0x2C,0xFF,0xBC,0x2C,0xFF,0xBC,0x2C,0xFF,
    0xBC,0x2C,0xFF,0xBC,0x2C,0xFF,0xBC,0x2C,0xFF,0xBC,0x2C,0xFF,0xBC,0x2C,0xFF,0xBC,0x2C,0xFF,
    0xBC,0x2C,0xFF,0xBC,0x2C,0xFF,0xBC,0x2C,0xFF,0xBC,0x2C,0xFF,0xBC,0x2C,0xFF,0xBC,0x2C,0xFF,
    0xBC,0x2C,0xFF,0xBC,0x2C,0xFF,0x6E,0x53,0xFF,0x6E,0x53,0xFF,0x6E,0x53,0xFF,0x6E,0x53,0xFF,
    0x6E,0x53,0xFF,0x6E,0x53,0xFF,0x6E,0x53,0xFF,0x6E,0x53,0xFF,0x4A,0x32,0xFF,0x4A,0x32,0xFF,
    0x4A,0x32,0xFF,0x4A,0x32,0xFF,0x4A,0x32,0xFF,0x4A,0x32,0xFF,0x4A,0x32,0xFF,0x4A,0x32,0xFF,
    0x4A,0x32,0xFF,0x4A,0x32,0xFF,0x4A,0x32,0xFF,0x4A,0x32,0xFF,0x4A,0x32,0xFF,0x4A,0x32,0xFF,
    0x4A,0x32,0xFF,0x4A,0x32,0xFF,0x4A,0x32,0xFF,0x4A,0x32,0xFF,0x00,0x00,0x00,0x00,0x00,0x00,
    0x00,0x00,0x00,0x00,0x00,0x00,0x00,0x00,0x00,0x00,0x00,0x00,0x00,0x00,0x00,0x00,0x00,0x00,
    0x00,0x00,0x00,0x00,0x00,0x00,0x00,0x00,0x00,0x00,0x00,0x00,0x00,0x00,0x00,0x00,0x00,0x00,
    0x00,0x00,0x00,0x00,0x00,0x00,0x00,0x00,0x00,0x00,0x00,0x00,0x00,0x00,0x00,0x00,0x00,0x00,
    0x31,0xF3,0xFF,0x00,0x00,0x00,0x00,0x00,0x00,0x00,0x00,0x00,0x00,0x00,0x00,0x00,0x00,0x00,
    0x00,0x00,0x00,0x00,0x00,0x00,0x00,0x00,0x00,0x00,0x00,0x00,0x00,0x00,0x00,0x00,0x00,0x00,
    0x00,0x00,0x00,0x00,0x00,0x00,0x00,0x00,0x00,0x00,0x00,0x00,0x00,0x00,0x00,0x00,0x00,0x00,
    0x00,0x00,0x00,0x00,0x00,0x00,0x00,0x00,0x00,0x00,0x00,0x00,0x00,0x00,0x00,0x00,0x00,0x00,
    0xBC,0x2C,0xFF,0xBC,0x2C,0xFF,0xBC,0x2C,0xFF,0xBC,0x2C,0xFF,0xBC,0x2C,0xFF,0xBC,0x2C,0xFF,
    0xBC,0x2C,0xFF,0xBC,0x2C,0xFF,0xBC,0x2C,0xFF,0xBC,0x2C,0xFF,0xBC,0x2C,0xFF,0xBC,0x2C,0xFF,
    0xBC,0x2C,0xFF,0xBC,0x2C,0xFF,0xBC,0x2C,0xFF,0xBC,0x2C,0xFF,0xBC,0x2C,0xFF,0xBC,0x2C,0xFF,
    0xBC,0x2C,0xFF,0xBC,0x2C,0xFF,0xBC,0x2C,0xFF,0xBC,0x2C,0xFF,0xBC,0x2C,0xFF,0xBC,0x2C,0xFF,
    0xBC,0x2C,0xFF,0xBC,0x2C,0xFF,0x6E,0x53,0xFF,0x6E,0x53,0xFF,0x6E,0x53,0xFF,0x6E,0x53,0xFF,
    0x6E,0x53,0xFF,0x6E,0x53,0xFF,0x6E,0x53,0xFF,0x4A,0x32,0xFF,0x4A,0x32,0xFF,0x4A,0x32,0xFF,
    0x4A,0x32,0xFF,0x4A,0x32,0xFF,0x4A,0x32,0xFF,0x4A,0x32,0xFF,0x4A,0x32,0xFF,0x4A,0x32,0xFF,
    0x4A,0x32,0xFF,0x4A,0x32,0xFF,0x4A,0x32,0xFF,0x4A,0x32,0xFF,0x4A,0x32,0xFF,0x4A,0x32,0xFF,
    0x4A,0x32,0xFF,0x4A,0x32,0xFF,0x4A,0x32,0xFF,0x4A,0x32,0xFF,0x00,0x00,0x00,0x00,0x00,0x00,
    0x00,0x00,0x00,0x00,0x00,0x00,0x00,0x00,0x00,0x00,0x00,0x00,0x00,0x00,0x00,0x00,0x00,0x00,
    0x00,0x00,0x00,0x00,0x00,0x00,0x00,0x00,0x00,0x00,0x00,0x00,0x00,0x00,0x00,0x00,0x00,0x00,
    0x00,0x00,0x00,0x00,0x00,0x00,0x00,0x00,0x00,0x00,0x00,0x00,0x00,0x00,0x00,0x00,0x00,0x00,
    0x31,0xF3,0xFF,0x00,0x00,0x00,0x00,0x00,0x00,0x00,0x00,0x00,0x00,0x00,0x00,0x00,0x00,0x00,
    0x00,0x00,0x00,0x00,0x00,0x00,0x00,0x00,0x00,0x00,0x00,0x00,0x00,0x00,0x00,0x00,0x00,0x00,
    0x00,0x00,0x00,0x00,0x00,0x00,0x00,0x00,0x00,0x00,0x00,0x00,0x00,0x00,0x00,0x00,0x00,0x00,
    0x00,0x00,0x00,0x00,0x00,0x00,0x00,0x00,0x00,0x00,0x00,0x00,0x00,0x00,0x00,0x00,0x00,0x00,
    0xBC,0x2C,0xFF,0xBC,0x2C,0xFF,0xBC,0x2C,0xFF,0xBC,0x2C,0xFF,0xBC,0x2C,0xFF,0xBC,0x2C,0xFF,
    0xBC,0x2C,0xFF,0xBC,0x2C,0xFF,0xBC,0x2C,0xFF,0xBC,0x2C,0xFF,0xBC,0x2C,0xFF,0xBC,0x2C,0xFF,
    0xBC,0x2C,0xFF,0xBC,0x2C,0xFF,0xBC,0x2C,0xFF,0xBC,0x2C,0xFF,0xBC,0x2C,0xFF,0xBC,0x2C,0xFF,
    0xBC,0x2C,0xFF,0x97,0x42,0xFF,0xBC,0x2C,0xFF,0xBC,0x2C,0xFF,0xBC,0x2C,0xFF,0xBC,0x2C,0xFF,
    0xBC,0x2C,0xFF,0xBC,0x2C,0xFF,0x6E,0x53,0xFF,0x6E,0x53,0xFF,0x6E,0x53,0xFF,0x6E,0x53,0xFF,
    0x6E,0x53,0xFF,0x6E,0x53,0xFF,0x4A,0x32,0xFF,0x4A,0x32,0xFF,0x4A,0x32,0xFF,0x4A,0x32,0xFF,
    0x4A,0x32,0xFF,0x4A,0x32,0xFF,0x4A,0x32,0xFF,0x4A,0x32,0xFF,0x4A,0x32,0xFF,0x4A,0x32,0xFF,
    0x4A,0x32,0xFF,0x4A,0x32,0xFF,0x4A,0x32,0xFF,0x4A,0x32,0xFF,0x4A,0x32,0xFF,0x4A,0x32,0xFF,
    0x4A,0x32,0xFF,0x4A,0x32,0xFF,0x4A,0x32,0xFF,0x4A,0x32,0xFF,0x00,0x00,0x00,0x00,0x00,0x00,
    0x00,0x00,0x00,0x00,0x00,0x00,0x00,0x00,0x00,0x00,0x00,0x00,0x00,0x00,0x00,0x00,0x00,0x00,
    0x00,0x00,0x00,0x00,0x00,0x00,0x00,0x00,0x00,0x00,0x00,0x00,0x00,0x00,0x00,0x00,0x00,0x00,
    0x00,0x00,0x00,0x00,0x00,0x00,0x00,0x00,0x00,0x00,0x00,0x00,0x00,0x00,0x00,0x00,0x00,0x00,
    0x31,0xF3,0xFF,0x00,0x00,0x00,0x00,0x00,0x00,0x00,0x00,0x00,0x00,0x00,0x00,0x00,0x00,0x00,
    0x00,0x00,0x00,0x00,0x00,0x00,0x00,0x00,0x00,0x00,0x00,0x00,0x00,0x00,0x00,0x00,0x00,0x00,
    0x00,0x00,0x00,0x00,0x00,0x00,0x00,0x00,0x00,0x00,0x00,0x00,0x00,0x00,0x00,0x00,0x00,0x00,
    0x00,0x00,0x00,0x00,0x00,0x00,0x00,0x00,0x00,0x00,0x00,0x00,0x00,0x00,0x00,0x00,0x00,0x00,
    0xBC,0x2C,0xFF,0xBC,0x2C,0xFF,0xBC,0x2C,0xFF,0xBC,0x2C,0xFF,0xBC,0x2C,0xFF,0xBC,0x2C,0xFF,
    0xBC,0x2C,0xFF,0xBC,0x2C,0xFF,0xBC,0x2C,0xFF,0xBC,0x2C,0xFF,0xBC,0x2C,0xFF,0xBC,0x2C,0xFF,
    0xBC,0x2C,0xFF,0xBC,0x2C,0xFF,0xBC,0x2C,0xFF,0xBC,0x2C,0xFF,0x97,0x42,0xFF,0x97,0x42,0xFF,
    0x97,0x42,0xFF,0x97,0x42,0xFF,0x97,0x42,0xFF,0x97,0x42,0xFF,0x97,0x42,0xFF,0xBC,0x2C,0xFF,
    0xBC,0x2C,0xFF,0xBC,0x2C,0xFF,0x6E,0x53,0xFF,0x6E,0x53,0xFF,0x6E,0x53,0xFF,0x6E,0x53,0xFF,
    0x6E,0x53,0xFF,0x4A,0x32,0xFF,0x4A,0x32,0xFF,0x4A,0x32,0xFF,0x4A,0x32,0xFF,0x4A,0x32,0xFF,
    0x4A,0x32,0xFF,0x4A,0x32,0xFF,0x4A,0x32,0xFF,0x4A,0x32,0xFF,0x4A,0x32,0xFF,0x4A,0x32,0xFF,
    0x4A,0x32,0xFF,0x4A,0x32,0xFF,0x4A,0x32,0xFF,0x4A,0x32,0xFF,0x4A,0x32,0xFF,0x4A,0x32,0xFF,
    0x4A,0x32,0xFF,0x4A,0x32,0xFF,0x4A,0x32,0xFF,0x4A,0x32,0xFF,0x00,0x00,0x00,0x00,0x00,0x00,
    0x00,0x00,0x00,0x00,0x00,0x00,0x00,0x00,0x00,0x00,0x00,0x00,0x00,0x00,0x00,0x00,0x00,0x00,
    0x00,0x00,0x00,0x00,0x00,0x00,0x00,0x00,0x00,0x00,0x00,0x00,0x00,0x00,0x00,0x00,0x00,0x00,
    0x00,0x00,0x00,0x00,0x00,0x00,0x00,0x00,0x00,0x00,0x00,0x00,0x00,0x00,0x00,0x00,0x00,0x00,
    0x31,0xF3,0xFF,0x00,0x00,0x00,0x00,0x00,0x00,0x00,0x00,0x00,0x00,0x00,0x00,0x00,0x00,0x00,
    0x00,0x00,0x00,0x00,0x00,0x00,0x00,0x00,0x00,0x00,0x00,0x00,0x00,0x00,0x00,0x00,0x00,0x00,
    0x00,0x00,0x00,0x00,0x00,0x00,0x00,0x00,0x00,0x00,0x00,0x00,0x00,0x00,0x00,0x00,0x00,0x00,
    0x00,0x00,0x00,0x00,0x00,0x00,0x00,0x00,0x00,0x00,0x00,0x00,0x00,0x00,0x00,0x00,0x00,0x00,
    0xBC,0x2C,0xFF,0xBC,0x2C,0xFF,0xBC,0x2C,0xFF,0xBC,0x2C,0xFF,0xBC,0x2C,0xFF,0xBC,0x2C,0xFF,
    0xBC,0x2C,0xFF,0xBC,0x2C,0xFF,0xBC,0x2C,0xFF,0xBC,0x2C,0xFF,0xBC,0x2C,0xFF,0xBC,0x2C,0xFF,
    0xBC,0x2C,0xFF,0xBC,0x2C,0xFF,0xBC,0x2C,0xFF,0x97,0x42,0xFF,0x97,0x42,0xFF,0x97,0x42,0xFF,
    0x97,0x42,0xFF,0x97,0x42,0xFF,0x97,0x42,0xFF,0x97,0x42,0xFF,0x97,0x42,0xFF,0x97,0x42,0xFF,
    0xBC,0x2C,0xFF,0xBC,0x2C,0xFF,0x6E,0x53,0xFF,0x6E,0x53,0xFF,0x6E,0x53,0xFF,0x6E,0x53,0xFF,
    0x6E,0x53,0xFF,0x4A,0x32,0xFF,0x4A,0x32,0xFF,0x4A,0x32,0xFF,0x4A,0x32,0xFF,0x4A,0x32,0xFF,
    0x4A,0x32,0xFF,0x4A,0x32,0xFF,0x4A,0x32,0xFF,0x4A,0x32,0xFF,0x4A,0x32,0xFF,0x4A,0x32,0xFF,
    0x4A,0x32,0xFF,0x4A,0x32,0xFF,0x4A,0x32,0xFF,0x4A,0x32,0xFF,0x4A,0x32,0xFF,0x4A,0x32,0xFF,
    0x4A,0x32,0xFF,0x4A,0x32,0xFF,0x4A,0x32,0xFF,0x4A,0x32,0xFF,0x00,0x00,0x00,0x00,0x00,0x00,
    0x00,0x00,0x00,0x00,0x00,0x00,0x00,0x00,0x00,0x00,0x00,0x00,0x00,0x00,0x00,0x00,0x00,0x00,
    0x00,0x00,0x00,0x00,0x00,0x00,0x00,0x00,0x00,0x00,0x00,0x00,0x00,0x00,0x00,0x00,0x00,0x00,
    0x00,0x00,0x00,0x00,0x00,0x00,0x00,0x00,0x00,0x00,0x00,0x00,0x00,0x00,0x00,0x00,0x00,0x00,
    0x31,0xF3,0xFF,0x00,0x00,0x00,0x00,0x00,0x00,0x00,0x00,0x00,0x00,0x00,0x00,0x00,0x00,0x00,
    0x00,0x00,0x00,0x00,0x00,0x00,0x00,0x00,0x00,0x00,0x00,0x00,0x00,0x00,0x00,0x00,0x00,0x00,
    0x00,0x00,0x00,0x00,0x00,0x00,0x00,0x00,0x00,0x00,0x00,0x00,0x00,0x00,0x00,0x00,0x00,0x00,
    0x00,0x00,0x00,0x00,0x00,0x00,0x00,0x00,0x00,0x00,0x00,0x00,0x00,0x00,0x00,0x00,0x00,0x00,
    0xBC,0x2C,0xFF,0xBC,0x2C,0xFF,0xBC,0x2C,0xFF,0xBC,0x2C,0xFF,0xBC,0x2C,0xFF,0xBC,0x2C,0xFF,
    0xBC,0x2C,0xFF,0xBC,0x2C,0xFF,0xBC,0x2C,0xFF,0xBC,0x2C,0xFF,0xBC,0x2C,0xFF,0xBC,0x2C,0xFF,
    0xBC,0x2C,0xFF,0xBC,0x2C,0xFF,0xBC,0x2C,0xFF,0x97,0x42,0xFF,0x97,0x42,0xFF,0x97,0x42,0xFF,
    0x97,0x42,0xFF,0x97,0x42,0xFF,0x97,0x42,0xFF,0x97,0x42,0xFF,0x97,0x42,0xFF,0x97,0x42,0xFF,
    0xBC,0x2C,0xFF,0xBC,0x2C,0xFF,0x6E,0x53,0xFF,0x6E,0x53,0xFF,0x6E,0x53,0xFF,0x6E,0x53,0xFF,
    0x4A,0x32,0xFF,0x4A,0x32,0xFF,0x4A,0x32,0xFF,0x4A,0x32,0xFF,0x4A,0x32,0xFF,0x4A,0x32,0xFF,
    0x4A,0x32,0xFF,0x4A,0x32,0xFF,0x4A,0x32,0xFF,0x4A,0x32,0xFF,0x4A,0x32,0xFF,0x4A,0x32,0xFF,
    0x4A,0x32,0xFF,0x4A,0x32,0xFF,0x4A,0x32,0xFF,0x4A,0x32,0xFF,0x4A,0x32,0xFF,0x4A,0x32,0xFF,
    0x4A,0x32,0xFF,0x4A,0x32,0xFF,0x4A,0x32,0xFF,0x4A,0x32,0xFF,0x00,0x00,0x00,0x00,0x00,0x00,
    0x00,0x00,0x00,0x00,0x00,0x00,0x00,0x00,0x00,0x00,0x00,0x00,0x00,0x00,0x00,0x00,0x00,0x00,
    0x00,0x00,0x00,0x00,0x00,0x00,0x00,0x00,0x00,0x00,0x00,0x00,0x00,0x00,0x00,0x00,0x00,0x00,
    0x00,0x00,0x00,0x00,0x00,0x00,0x00,0x00,0x00,0x00,0x00,0x00,0x00,0x00,0x00,0x00,0x00,0x00,
    0x31,0xF3,0xFF,0x00,0x00,0x00,0x00,0x00,0x00,0x00,0x00,0x00,0x00,0x00,0x00,0x00,0x00,0x00,
    0x00,0x00,0x00,0x00,0x00,0x00,0x00,0x00,0x00,0x00,0x00,0x00,0x00,0x00,0x00,0x00,0x00,0x00,
    0x00,0x00,0x00,0x00,0x00,0x00,0x00,0x00,0x00,0x00,0x00,0x00,0x00,0x00,0x00,0x00,0x00,0x00,
    0x00,0x00,0x00,0x00,0x00,0x00,0x00,0x00,0x00,0x00,0x00,0x00,0x00,0x00,0x00,0x00,0x00,0x00,
    0xBC,0x2C,0xFF,0xBC,0x2C,0xFF,0xBC,0x2C,0xFF,0xBC,0x2C,0xFF,0xBC,0x2C,0xFF,0xBC,0x2C,0xFF,
    0xBC,0x2C,0xFF,0xBC,0x2C,0xFF,0xBC,0x2C,0xFF,0xBC,0x2C,0xFF,0xBC,0x2C,0xFF,0xBC,0x2C,0xFF,
    0xBC,0x2C,0xFF,0xBC,0x2C,0xFF,0xBC,0x2C,0xFF,0x97,0x42,0xFF,0x97,0x42,0xFF,0x97,0x42,0xFF,
    0x97,0x42,0xFF,0x97,0x42,0xFF,0x97,0x42,0xFF,0x97,0x42,0xFF,0x97,0x42,0xFF,0x97,0x42,0xFF,
    0xBC,0x2C,0xFF,0xBC,0x2C,0xFF,0x6E,0x53,0xFF,0x6E,0x53,0xFF,0x6E,0x53,0xFF,0x4A,0x32,0xFF,
    0x4A,0x32,0xFF,0x4A,0x32,0xFF,0x4A,0x32,0xFF,0x4A,0x32,0xFF,0x4A,0x32,0xFF,0x4A,0x32,0xFF,
    0x4A,0x32,0xFF,0x4A,0x32,0xFF,0x4A,0x32,0xFF,0x4A,0x32,0xFF,0x4A,0x32,0xFF,0x4A,0x32,0xFF,
    0x4A,0x32,0xFF,0x4A,0x32,0xFF,0x4A,0x32,0xFF,0x4A,0x32,0xFF,0x4A,0x32,0xFF,0x4A,0x32,0xFF,
    0x4A,0x32,0xFF,0x4A,0x32,0xFF,0x4A,0x32,0xFF,0x4A,0x32,0xFF,0x00,0x00,0x00,0x00,0x00,0x00,
    0x00,0x00,0x00,0x00,0x00,0x00,0x00,0x00,0x00,0x00,0x00,0x00,0x00,0x00,0x00,0x00,0x00,0x00,
    0x00,0x00,0x00,0x00,0x00,0x00,0x00,0x00,0x00,0x00,0x00,0x00,0x00,0x00,0x00,0x00,0x00,0x00,
    0x00,0x00,0x00,0x00,0x00,0x00,0x00,0x00,0x00,0x00,0x00,0x00,0x00,0x00,0x00,0x00,0x00,0x00,
    0x31,0xF3,0xFF,0x00,0x00,0x00,0x00,0x00,0x00,0x00,0x00,0x00,0x00,0x00,0x00,0x00,0x00,0x00,
    0x00,0x00,0x00,0x00,0x00,0x00,0x00,0x00,0x00,0x00,0x00,0x00,0x00,0x00,0x00,0x00,0x00,0x00,
    0x00,0x00,0x00,0x00,0x00,0x00,0x00,0x00,0x00,0x00,0x00,0x00,0x00,0x00,0x00,0x00,0x00,0x00,
    0x00,0x00,0x00,0x00,0x00,0x00,0x00,0x00,0x00,0x00,0x00,0x00,0x00,0x00,0x00,0x00,0x00,0x00,
    0xBC,0x2C,0xFF,0xBC,0x2C,0xFF,0xBC,0x2C,0xFF,0xBC,0x2C,0xFF,0xBC,0x2C,0xFF,0xBC,0x2C,0xFF,
    0xBC,0x2C,0xFF,0xBC,0x2C,0xFF,0xBC,0x2C,0xFF,0xBC,0x2C,0xFF,0xBC,0x2C,0xFF,0xBC,0x2C,0xFF,
    0xBC,0x2C,0xFF,0xBC,0x2C,0xFF,0x97,0x42,0xFF,0x97,0x42,0xFF,0x97,0x42,0xFF,0x97,0x42,0xFF,
    0x97,0x42,0xFF,0x97,0x42,0xFF,0x97,0x42,0xFF,0x97,0x42,0xFF,0x97,0x42,0xFF,0x97,0x42,0xFF,
    0x97,0x42,0xFF,0xBC,0x2C,0xFF,0x6E,0x53,0xFF,0x6E,0x53,0xFF,0x4A,0x32,0xFF,0x4A,0x32,0xFF,
    0x4A,0x32,0xFF,0x4A,0x32,0xFF,0x4A,0x32,0xFF,0x4A,0x32,0xFF,0x4A,0x32,0xFF,0x4A,0x32,0xFF,
    0x4A,0x32,0xFF,0x4A,0x32,0xFF,0x4A,0x32,0xFF,0x4A,0x32,0xFF,0x4A,0x32,0xFF,0x4A,0x32,0xFF,
    0x4A,0x32,0xFF,0x4A,0x32,0xFF,0x4A,0x32,0xFF,0x4A,0x32,0xFF,0x4A,0x32,0xFF,0x4A,0x32,0xFF,
    0x4A,0x32,0xFF,0x4A,0x32,0xFF,0x4A,0x32,0xFF,0x4A,0x32,0xFF,0x00,0x00,0x00,0x00,0x00,0x00,
    0x00,0x00,0x00,0x00,0x00,0x00,0x00,0x00,0x00,0x00,0x00,0x00,0x00,0x00,0x00,0x00,0x00,0x00,
    0x00,0x00,0x00,0x00,0x00,0x00,0x00,0x00,0x00,0x00,0x00,0x00,0x00,0x00,0x00,0x00,0x00,0x00,
    0x00,0x00,0x00,0x00,0x00,0x00,0x00,0x00,0x00,0x00,0x00,0x00,0x00,0x00,0x00,0x00,0x00,0x00,
    0x31,0xF3,0xFF,0x00,0x00,0x00,0x00,0x00,0x00,0x00,0x00,0x00,0x00,0x00,0x00,0x00,0x00,0x00,
    0x00,0x00,0x00,0x00,0x00,0x00,0x00,0x00,0x00,0x00,0x00,0x00,0x00,0x00,0x00,0x00,0x00,0x00,
    0x00,0x00,0x00,0x00,0x00,0x00,0x00,0x00,0x00,0x00,0x00,0x00,0x00,0x00,0x00,0x00,0x00,0x00,
    0x00,0x00,0x00,0x00,0x00,0x00,0x00,0x00,0x00,0x00,0x00,0x00,0x00,0x00,0x00,0x00,0x00,0x00,
    0xBC,0x2C,0xFF,0xBC,0x2C,0xFF,0xBC,0x2C,0xFF,0xBC,0x2C,0xFF,0xBC,0x2C,0xFF,0xBC,0x2C,0xFF,
    0xBC,0x2C,0xFF,0xBC,0x2C,0xFF,0xBC,0x2C,0xFF,0xBC,0x2C,0xFF,0xBC,0x2C,0xFF,0xBC,0x2C,0xFF,
    0xBC,0x2C,0xFF,0xBC,0x2C,0xFF,0xBC,0x2C,0xFF,0x97,0x42,0xFF,0x97,0x42,0xFF,0x97,0x42,0xFF,
    0x97,0x42,0xFF,0x97,0x42,0xFF,0x97,0x42,0xFF,0x97,0x42,0xFF,0x97,0x42,0xFF,0x97,0x42,0xFF,
    0xBC,0x2C,0xFF,0xBC,0x2C,0xFF,0x6E,0x53,0xFF,0x4A,0x32,0xFF,0x4A,0x32,0xFF,0x4A,0x32,0xFF,
    0x4A,0x32,0xFF,0x4A,0x32,0xFF,0x4A,0x32,0xFF,0x4A,0x32,0xFF,0x4A,0x32,0xFF,0x4A,0x32,0xFF,
    0x4A,0x32,0xFF,0x4A,0x32,0xFF,0x4A,0x32,0xFF,0x4A,0x32,0xFF,0x4A,0x32,0xFF,0x4A,0x32,0xFF,
    0x4A,0x32,0xFF,0x4A,0x32,0xFF,0x4A,0x32,0xFF,0x4A,0x32,0xFF,0x4A,0x32,0xFF,0x4A,0x32,0xFF,
    0x4A,0x32,0xFF,0x4A,0x32,0xFF,0x4A,0x32,0xFF,0x4A,0x32,0xFF,0x00,0x00,0x00,0x00,0x00,0x00,
    0x00,0x00,0x00,0x00,0x00,0x00,0x00,0x00,0x00,0x00,0x00,0x00,0x00,0x00,0x00,0x00,0x00,0x00,
    0x00,0x00,0x00,0x00,0x00,0x00,0x00,0x00,0x00,0x00,0x00,0x00,0x00,0x00,0x00,0x00,0x00,0x00,
    0x00,0x00,0x00,0x00,0x00,0x00,0x00,0x00,0x00,0x00,0x00,0x00,0x00,0x00,0x00,0x00,0x00,0x00,
    0x31,0xF3,0xFF,0x00,0x00,0x00,0x00,0x00,0x00,0x00,0x00,0x00,0x00,0x00,0x00,0x00,0x00,0x00,
    0x00,0x00,0x00,0x00,0x00,0x00,0x00,0x00,0x00,0x00,0x00,0x00,0x00,0x00,0x00,0x00,0x00,0x00,
    0x00,0x00,0x00,0x00,0x00,0x00,0x00,0x00,0x00,0x00,0x00,0x00,0x00,0x00,0x00,0x00,0x00,0x00,
    0x00,0x00,0x00,0x00,0x00,0x00,0x00,0x00,0x00,0x00,0x00,0x00,0x00,0x00,0x00,0x00,0x00,0x00,
    0xBC,0x2C,0xFF,0xBC,0x2C,0xFF,0xBC,0x2C,0xFF,0xBC,0x2C,0xFF,0xBC,0x2C,0xFF,0xBC,0x2C,0xFF,
    0xBC,0x2C,0xFF,0xBC,0x2C,0xFF,0xBC,0x2C,0xFF,0xBC,0x2C,0xFF,0xBC,0x2C,0xFF,0xBC,0x2C,0xFF,
    0xBC,0x2C,0xFF,0xBC,0x2C,0xFF,0xBC,0x2C,0xFF,0x97,0x42,0xFF,0x97,0x42,0xFF,0x97,0x42,0xFF,
    0x97,0x42,0xFF,0x97,0x42,0xFF,0x97,0x42,0xFF,0x97,0x42,0xFF,0x97,0x42,0xFF,0x97,0x42,0xFF,
    0xBC,0x2C,0xFF,0xBC,0x2C,0xFF,0x4A,0x32,0xFF,0x4A,0x32,0xFF,0x4A,0x32,0xFF,0x4A,0x32,0xFF,
    0x4A,0x32,0xFF,0x4A,0x32,0xFF,0x4A,0x32,0xFF,0x4A,0x32,0xFF,0x4A,0x32,0xFF,0x4A,0x32,0xFF,
    0x4A,0x32,0xFF,0x4A,0x32,0xFF,0x4A,0x32,0xFF,0x4A,0x32,0xFF,0x4A,0x32,0xFF,0x4A,0x32,0xFF,
    0x4A,0x32,0xFF,0x4A,0x32,0xFF,0x4A,0x32,0xFF,0x4A,0x32,0xFF,0x4A,0x32,0xFF,0x4A,0x32,0xFF,
    0x4A,0x32,0xFF,0x4A,0x32,0xFF,0x4A,0x32,0xFF,0x4A,0x32,0xFF,0x00,0x00,0x00,0x00,0x00,0x00,
    0x00,0x00,0x00,0x00,0x00,0x00,0x00,0x00,0x00,0x00,0x00,0x00,0x00,0x00,0x00,0x00,0x00,0x00,
    0x00,0x00,0x00,0x00,0x00,0x00,0x00,0x00,0x00,0x00,0x00,0x00,0x00,0x00,0x00,0x00,0x00,0x00,
    0x00,0x00,0x00,0x00,0x00,0x00,0x00,0x00,0x00,0x00,0x00,0x00,0x00,0x00,0x00,0x00,0x00,0x00,
    0x31,0xF3,0xFF,0x00,0x00,0x00,0x00,0x00,0x00,0x00,0x00,0x00,0x00,0x00,0x00,0x00,0x00,0x00,
    0x00,0x00,0x00,0x00,0x00,0x00,0x00,0x00,0x00,0x00,0x00,0x00,0x00,0x00,0x00,0x00,0x00,0x00,
    0x00,0x00,0x00,0x00,0x00,0x00,0x00,0x00,0x00,0x00,0x00,0x00,0x00,0x00,0x00,0x00,0x00,0x00,
    0x00,0x00,0x00,0x00,0x00,0x00,0x00,0x00,0x00,0x00,0x00,0x00,0x00,0x00,0x00,0x00,0x00,0x00,
    0xBC,0x2C,0xFF,0xBC,0x2C,0xFF,0xBC,0x2C,0xFF,0xBC,0x2C,0xFF,0xBC,0x2C,0xFF,0xBC,0x2C,0xFF,
    0xBC,0x2C,0xFF,0xBC,0x2C,0xFF,0xBC,0x2C,0xFF,0xBC,0x2C,0xFF,0xBC,0x2C,0xFF,0xBC,0x2C,0xFF,
    0xBC,0x2C,0xFF,0xBC,0x2C,0xFF,0xBC,0x2C,0xFF,0x97,0x42,0xFF,0x97,0x42,0xFF,0x97,0x42,0xFF,
    0x97,0x42,0xFF,0x97,0x42,0xFF,0x97,0x42,0xFF,0x97,0x42,0xFF,0x97,0x42,0xFF,0x97,0x42,0xFF,
    0xBC,0x2C,0xFF,0xBC,0x2C,0xFF,0x4A,0x32,0xFF,0x4A,0x32,0xFF,0x4A,0x32,0xFF,0x4A,0x32,0xFF,
    0x4A,0x32,0xFF,0x4A,0x32,0xFF,0x4A,0x32,0xFF,0x4A,0x32,0xFF,0x4A,0x32,0xFF,0x4A,0x32,0xFF,
    0x4A,0x32,0xFF,0x4A,0x32,0xFF,0x4A,0x32,0xFF,0x4A,0x32,0xFF,0x4A,0x32,0xFF,0x4A,0x32,0xFF,
    0x4A,0x32,0xFF,0x4A,0x32,0xFF,0x4A,0x32,0xFF,0x4A,0x32,0xFF,0x4A,0x32,0xFF,0x4A,0x32,0xFF,
    0x4A,0x32,0xFF,0x4A,0x32,0xFF,0x4A,0x32,0xFF,0x4A,0x32,0xFF,0x00,0x00,0x00,0x00,0x00,0x00,
    0x00,0x00,0x00,0x00,0x00,0x00,0x00,0x00,0x00,0x00,0x00,0x00,0x00,0x00,0x00,0x00,0x00,0x00,
    0x00,0x00,0x00,0x00,0x00,0x00,0x00,0x00,0x00,0x00,0x00,0x00,0x00,0x00,0x00,0x00,0x00,0x00,
    0x00,0x00,0x00,0x00,0x00,0x00,0x00,0x00,0x00,0x00,0x00,0x00,0x00,0x00,0x00,0x00,0x00,0x00,
    0x31,0xF3,0xFF,0x31,0xF3,0xFF,0x00,0x00,0x00,0x00,0x00,0x00,0x00,0x00,0x00,0x00,0x00,0x00,
    0x00,0x00,0x00,0x00,0x00,0x00,0x00,0x00,0x00,0x00,0x00,0x00,0x00,0x00,0x00,0x00,0x00,0x00,
    0x00,0x00,0x00,0x00,0x00,0x00,0x00,0x00,0x00,0x00,0x00,0x00,0x00,0x00,0x00,0x00,0x00,0x00,
    0x00,0x00,0x00,0x00,0x00,0x00,0x00,0x00,0x00,0x00,0x00,0x00,0x00,0x00,0x00,0x00,0x00,0x00,
    0xBC,0x2C,0xFF,0xBC,0x2C,0xFF,0xBC,0x2C,0xFF,0xBC,0x2C,0xFF,0xBC,0x2C,0xFF,0xBC,0x2C,0xFF,
    0xBC,0x2C,0xFF,0xBC,0x2C,0xFF,0xBC,0x2C,0xFF,0xBC,0x2C,0xFF,0xBC,0x2C,0xFF,0xBC,0x2C,0xFF,
    0xBC,0x2C,0xFF,0xBC,0x2C,0xFF,0xBC,0x2C,0xFF,0xBC,0x2C,0xFF,0x97,0x42,0xFF,0x97,0x42,0xFF,
    0x97,0x42,0xFF,0x97,0x42,0xFF,0x97,0x42,0xFF,0x97,0x42,0xFF,0x97,0x42,0xFF,0xBC,0x2C,0xFF,
    0xBC,0x2C,0xFF,0xBC,0x2C,0xFF,0x4A,0x32,0xFF,0x4A,0x32,0xFF,0x4A,0x32,0xFF,0x4A,0x32,0xFF,
    0x4A,0x32,0xFF,0x4A,0x32,0xFF,0x4A,0x32,0xFF,0x4A,0x32,0xFF,0x4A,0x32,0xFF,0x4A,0x32,0xFF,
    0x4A,0x32,0xFF,0x4A,0x32,0xFF,0x4A,0x32,0xFF,0x4A,0x32,0xFF,0x4A,0x32,0xFF,0x4A,0x32,0xFF,
    0x4A,0x32,0xFF,0x4A,0x32,0xFF,0x4A,0x32,0xFF,0x4A,0x32,0xFF,0x4A,0x32,0xFF,0x4A,0x32,0xFF,
    0x4A,0x32,0xFF,0x4A,0x32,0xFF,0x4A,0x32,0xFF,0x4A,0x32,0xFF,0x00,0x00,0x00,0x00,0x00,0x00,
    0x00,0x00,0x00,0x00,0x00,0x00,0x00,0x00,0x00,0x00,0x00,0x00,0x00,0x00,0x00,0x00,0x00,0x00,
    0x00,0x00,0x00,0x00,0x00,0x00,0x00,0x00,0x00,0x00,0x00,0x00,0x00,0x00,0x00,0x00,0x00,0x00,
    0x00,0x00,0x00,0x00,0x00,0x00,0x00,0x00,0x00,0x00,0x00,0x00,0x00,0x00,0x00,0x31,0xF3,0xFF,
    0x31,0xF3,0xFF,0x31,0xF3,0xFF,0x00,0x00,0x00,0x00,0x00,0x00,0x00,0x00,0x00,0x00,0x00,0x00,
    0x00,0x00,0x00,0x00,0x00,0x00,0x00,0x00,0x00,0x00,0x00,0x00,0x00,0x00,0x00,0x00,0x00,0x00,
    0x00,0x00,0x00,0x00,0x00,0x00,0x00,0x00,0x00,0x00,0x00,0x00,0x00,0x00,0x00,0x00,0x00,0x00,
    0x00,0x00,0x00,0x00,0x00,0x00,0x00,0x00,0x00,0x00,0x00,0x00,0x00,0x00,0x00,0x00,0x00,0x00,
    0xBC,0x2C,0xFF,0xBC,0x2C,0xFF,0xBC,0x2C,0xFF,0xBC,0x2C,0xFF,0xBC,0x2C,0xFF,0xBC,0x2C,0xFF,
    0xBC,0x2C,0xFF,0xBC,0x2C,0xFF,0xBC,0x2C,0xFF,0xBC,0x2C,0xFF,0xBC,0x2C,0xFF,0xBC,0x2C,0xFF,
    0xBC,0x2C,0xFF,0xBC,0x2C,0xFF,0xBC,0x2C,0xFF,0xBC,0x2C,0xFF,0xBC,0x2C,0xFF,0xBC,0x2C,0xFF,
    0xBC,0x2C,0xFF,0x97,0x42,0xFF,0xBC,0x2C,0xFF,0xBC,0x2C,0xFF,0xBC,0x2C,0xFF,0xBC,0x2C,0xFF,
    0xBC,0x2C,0xFF,0xBC,0x2C,0xFF,0x4A,0x32,0xFF,0x4A,0x32,0xFF,0x4A,0x32,0xFF,0x4A,0x32,0xFF,
    0x4A,0x32,0xFF,0x4A,0x32,0xFF,0x4A,0x32,0xFF,0x4A,0x32,0xFF,0x4A,0x32,0xFF,0x4A,0x32,0xFF,
    0x4A,0x32,0xFF,0x4A,0x32,0xFF,0x4A,0x32,0xFF,0x4A,0x32,0xFF,0x4A,0x32,0xFF,0x4A,0x32,0xFF,
    0x4A,0x32,0xFF,0x4A,0x32,0xFF,0x4A,0x32,0xFF,0x4A,0x32,0xFF,0x4A,0x32,0xFF,0x4A,0x32,0xFF,
    0x4A,0x32,0xFF,0x4A,0x32,0xFF,0x4A,0x32,0xFF,0x4A,0x32,0xFF,0x00,0x00,0x00,0x00,0x00,0x00,
    0x00,0x00,0x00,0x00,0x00,0x00,0x00,0x00,0x00,0x00,0x00,0x00,0x00,0x00,0x00,0x00,0x00,0x00,
    0x00,0x00,0x00,0x00,0x00,0x00,0x00,0x00,0x00,0x00,0x00,0x00,0x00,0x00,0x00,0x00,0x00,0x00,
    0x00,0x00,0x00,0x00,0x00,0x00,0x00,0x00,0x00,0x00,0x00,0x00,0x00,0x00,0x00,0x31,0xF3,0xFF,
    0x31,0xF3,0xFF,0x31,0xF3,0xFF,0x31,0xF3,0xFF,0x00,0x00,0x00,0x00,0x00,0x00,0x00,0x00,0x00,
    0x00,0x00,0x00,0x00,0x00,0x00,0x00,0x00,0x00,0x00,0x00,0x00,0x00,0x00,0x00,0x00,0x00,0x00,
    0x00,0x00,0x00,0x00,0x00,0x00,0x00,0x00,0x00,0x00,0x00,0x00,0x00,0x00,0x00,0x00,0x00,0x00,
    0x00,0x00,0x00,0x00,0x00,0x00,0x00,0x00,0x00,0x00,0x00,0x00,0x00,0x00,0x00,0x00,0x00,0x00,
    0xBC,0x2C,0xFF,0xBC,0x2C,0xFF,0xBC,0x2C,0xFF,0xBC,0x2C,0xFF,0xBC,0x2C,0xFF,0xBC,0x2C,0xFF,
    0xBC,0x2C,0xFF,0xBC,0x2C,0xFF,0xBC,0x2C,0xFF,0xBC,0x2C,0xFF,0xBC,0x2C,0xFF,0xBC,0x2C,0xFF,
    0xBC,0x2C,0xFF,0xBC,0x2C,0xFF,0xBC,0x2C,0xFF,0xBC,0x2C,0xFF,0xBC,0x2C,0xFF,0xBC,0x2C,0xFF,
    0xBC,0x2C,0xFF,0xBC,0x2C,0xFF,0xBC,0x2C,0xFF,0xBC,0x2C,0xFF,0xBC,0x2C,0xFF,0xBC,0x2C,0xFF,
    0xBC,0x2C,0xFF,0xBC,0x2C,0xFF,0x4A,0x32,0xFF,0x4A,0x32,0xFF,0x4A,0x32,0xFF,0x4A,0x32,0xFF,
    0x4A,0x32,0xFF,0x4A,0x32,0xFF,0x4A,0x32,0xFF,0x4A,0x32,0xFF,0x4A,0x32,0xFF,0x4A,0x32,0xFF,
    0x4A,0x32,0xFF,0x4A,0x32,0xFF,0x4A,0x32,0xFF,0x4A,0x32,0xFF,0x4A,0x32,0xFF,0x4A,0x32,0xFF,
    0x4A,0x32,0xFF,0x4A,0x32,0xFF,0x4A,0x32,0xFF,0x4A,0x32,0xFF,0x4A,0x32,0xFF,0x4A,0x32,0xFF,
    0x4A,0x32,0xFF,0x4A,0x32,0xFF,0x4A,0x32,0xFF,0x4A,0x32,0xFF,0x00,0x00,0x00,0x00,0x00,0x00,
    0x00,0x00,0x00,0x00,0x00,0x00,0x00,0x00,0x00,0x00,0x00,0x00,0x00,0x00,0x00,0x00,0x00,0x00,
    0x00,0x00,0x00,0x00,0x00,0x00,0x00,0x00,0x00,0x00,0x00,0x00,0x00,0x00,0x00,0x00,0x00,0x00,
    0x00,0x00,0x00,0x00,0x00,0x00,0x00,0x00,0x00,0x00,0x00,0x00,0x31,0xF3,0xFF,0x31,0xF3,0xFF,
    0x31,0xF3,0xFF,0x31,0xF3,0xFF,0x31,0xF3,0xFF,0x31,0xF3,0xFF,0x00,0x00,0x00,0x00,0x00,0x00,
    0x00,0x00,0x00,0x00,0x00,0x00,0x00,0x00,0x00,0x00,0x00,0x00,0x00,0x00,0x00,0x00,0x00,0x00,
    0x00,0x00,0x00,0x00,0x00,0x00,0x00,0x00,0x00,0x00,0x00,0x00,0x00,0x00,0x00,0x00,0x00,0x00,
    0x00,0x00,0x00,0x00,0x00,0x00,0x00,0x00,0x00,0x00,0x00,0x00,0x00,0x00,0x00,0x00,0x00,0x00,
    0xBC,0x2C,0xFF,0xBC,0x2C,0xFF,0xBC,0x2C,0xFF,0xBC,0x2C,0xFF,0xBC,0x2C,0xFF,0xBC,0x2C,0xFF,
    0xBC,0x2C,0xFF,0xBC,0x2C,0xFF,0xBC,0x2C,0xFF,0xBC,0x2C,0xFF,0xBC,0x2C,0xFF,0xBC,0x2C,0xFF,
    0xBC,0x2C,0xFF,0xBC,0x2C,0xFF,0xBC,0x2C,0xFF,0xBC,0x2C,0xFF,0xBC,0x2C,0xFF,0xBC,0x2C,0xFF,
    0xBC,0x2C,0xFF,0xBC,0x2C,0xFF,0xBC,0x2C,0xFF,0xBC,0x2C,0xFF,0xBC,0x2C,0xFF,0xBC,0x2C,0xFF,
    0xBC,0x2C,0xFF,0xBC,0x2C,0xFF,0x4A,0x32,0xFF,0x4A,0x32,0xFF,0x4A,0x32,0xFF,0x4A,0x32,0xFF,
    0x4A,0x32,0xFF,0x4A,0x32,0xFF,0x4A,0x32,0xFF,0x4A,0x32,0xFF,0x4A,0x32,0xFF,0x4A,0x32,0xFF,
    0x4A,0x32,0xFF,0x4A,0x32,0xFF,0x4A,0x32,0xFF,0x4A,0x32,0xFF,0x4A,0x32,0xFF,0x4A,0x32,0xFF,
    0x4A,0x32,0xFF,0x4A,0x32,0xFF,0x4A,0x32,0xFF,0x4A,0x32,0xFF,0x4A,0x32,0xFF,0x4A,0x32,0xFF,
    0x4A,0x32,0xFF,0x4A,0x32,0xFF,0x4A,0x32,0xFF,0x4A,0x32,0xFF,0x00,0x00,0x00,0x00,0x00,0x00,
    0x00,0x00,0x00,0x00,0x00,0x00,0x00,0x00,0x00,0x00,0x00,0x00,0x00,0x00,0x00,0x00,0x00,0x00,
    0x00,0x00,0x00,0x00,0x00,0x00,0x00,0x00,0x00,0x00,0x00,0x00,0x00,0x00,0x00,0x00,0x00,0x00,
    0x00,0x00,0x00,0x00,0x00,0x00,0x00,0x00,0x00,0x31,0xF3,0xFF,0x31,0xF3,0xFF,0x31,0xF3,0xFF,
    0x31,0xF3,0xFF,0x31,0xF3,0xFF,0x31,0xF3,0xFF,0x31,0xF3,0xFF,0x31,0xF3,0xFF,0x00,0x00,0x00,
    0x00,0x00,0x00,0x00,0x00,0x00,0x00,0x00,0x00,0x00,0x00,0x00,0x00,0x00,0x00,0x00,0x00,0x00,
    0x00,0x00,0x00,0x00,0x00,0x00,0x00,0x00,0x00,0x00,0x00,0x00,0x00,0x00,0x00,0x00,0x00,0x00,
    0x00,0x00,0x00,0x00,0x00,0x00,0x00,0x00,0x00,0x00,0x00,0x00,0x00,0x00,0x00,0x00,0x00,0x00,
    0xBC,0x2C,0xFF,0xBC,0x2C,0xFF,0xBC,0x2C,0xFF,0xBC,0x2C,0xFF,0xBC,0x2C,0xFF,0xBC,0x2C,0xFF,
    0xBC,0x2C,0xFF,0xBC,0x2C,0xFF,0xBC,0x2C,0xFF,0xBC,0x2C,0xFF,0xBC,0x2C,0xFF,0xBC,0x2C,0xFF,
    0xBC,0x2C,0xFF,0xBC,0x2C,0xFF,0xBC,0x2C,0xFF,0xBC,0x2C,0xFF,0xBC,0x2C,0xFF,0xBC,0x2C,0xFF,
    0xBC,0x2C,0xFF,0xBC,0x2C,0xFF,0xBC,0x2C,0xFF,0xBC,0x2C,0xFF,0xBC,0x2C,0xFF,0xBC,0x2C,0xFF,
    0xBC,0x2C,0xFF,0xBC,0x2C,0xFF,0x4A,0x32,0xFF,0x4A,0x32,0xFF,0x4A,0x32,0xFF,0x4A,0x32,0xFF,
    0x4A,0x32,0xFF,0x4A,0x32,0xFF,0x4A,0x32,0xFF,0x4A,0x32,0xFF,0x4A,0x32,0xFF,0x4A,0x32,0xFF,
    0x4A,0x32,0xFF,0x4A,0x32,0xFF,0x4A,0x32,0xFF,0x4A,0x32,0xFF,0x4A,0x32,0xFF,0x4A,0x32,0xFF,
    0x4A,0x32,0xFF,0x4A,0x32,0xFF,0x4A,0x32,0xFF,0x4A,0x32,0xFF,0x4A,0x32,0xFF,0x4A,0x32,0xFF,
    0x4A,0x32,0xFF,0x4A,0x32,0xFF,0x4A,0x32,0xFF,0x4A,0x32,0xFF,0x00,0x00,0x00,0x00,0x00,0x00,
    0x00,0x00,0x00,0x00,0x00,0x00,0x00,0x00,0x00,0x00,0x00,0x00,0x00,0x00,0x00,0x00,0x00,0x00,
    0x00,0x00,0x00,0x00,0x00,0x00,0x00,0x00,0x00,0x00,0x00,0x00,0x00,0x00,0x00,0x00,0x00,0x00,
    0x00,0x00,0x00,0x00,0x00,0x00,0x31,0xF3,0xFF,0x31,0xF3,0xFF,0x31,0xF3,0xFF,0x31,0xF3,0xFF,
    0x31,0xF3,0xFF,0x31,0xF3,0xFF,0x31,0xF3,0xFF,0x31,0xF3,0xFF,0x00,0x00,0x00,0x00,0x00,0x00,
    0x00,0x00,0x00,0x00,0x00,0x00,0x00,0x00,0x00,0x00,0x00,0x00,0x00,0x00,0x00,0x00,0x00,0x00,
    0x00,0x00,0x00,0x00,0x00,0x00,0x00,0x00,0x00,0x00,0x00,0x00,0x00,0x00,0x00,0x00,0x00,0x00,
    0x00,0x00,0x00,0x00,0x00,0x00,0x00,0x00,0x00,0x00,0x00,0x00,0x00,0x00,0x00,0x00,0x00,0x00,
    0xBC,0x2C,0xFF,0xBC,0x2C,0xFF,0xBC,0x2C,0xFF,0xBC,0x2C,0xFF,0xBC,0x2C,0xFF,0xBC,0x2C,0xFF,
    0xBC,0x2C,0xFF,0xBC,0x2C,0xFF,0xBC,0x2C,0xFF,0xBC,0x2C,0xFF,0xBC,0x2C,0xFF,0xBC,0x2C,0xFF,
    0xBC,0x2C,0xFF,0xBC,0x2C,0xFF,0xBC,0x2C,0xFF,0xBC,0x2C,0xFF,0xBC,0x2C,0xFF,0xBC,0x2C,0xFF,
    0xBC,0x2C,0xFF,0xBC,0x2C,0xFF,0xBC,0x2C,0xFF,0xBC,0x2C,0xFF,0xBC,0x2C,0xFF,0xBC,0x2C,0xFF,
    0xBC,0x2C,0xFF,0xBC,0x2C,0xFF,0x4A,0x32,0xFF,0x4A,0x32,0xFF,0x4A,0x32,0xFF,0x4A,0x32,0xFF,
    0x4A,0x32,0xFF,0x4A,0x32,0xFF,0x4A,0x32,0xFF,0x4A,0x32,0xFF,0x4A,0x32,0xFF,0x4A,0x32,0xFF,
    0x4A,0x32,0xFF,0x4A,0x32,0xFF,0x4A,0x32,0xFF,0x4A,0x32,0xFF,0x4A,0x32,0xFF,0x4A,0x32,0xFF,
    0x4A,0x32,0xFF,0x4A,0x32,0xFF,0x4A,0x32,0xFF,0x4A,0x32,0xFF,0x4A,0x32,0xFF,0x4A,0x32,0xFF,
    0x4A,0x32,0xFF,0x4A,0x32,0xFF,0x4A,0x32,0xFF,0x4A,0x32,0xFF,0x00,0x00,0x00,0x00,0x00,0x00,
    0x00,0x00,0x00,0x00,0x00,0x00,0x00,0x00,0x00,0x00,0x00,0x00,0x00,0x00,0x00,0x00,0x00,0x00,
    0x00,0x00,0x00,0x00,0x00,0x00,0x00,0x00,0x00,0x00,0x00,0x00,0x00,0x00,0x00,0x00,0x00,0x00,
    0x00,0x00,0x00,0x00,0x00,0x00,0x00,0x00,0x00,0x31,0xF3,0xFF,0x31,0xF3,0xFF,0x31,0xF3,0xFF,
    0x31,0xF3,0xFF,0x31,0xF3,0xFF,0x31,0xF3,0xFF,0x00,0x00,0x00,0x00,0x00,0x00,0x00,0x00,0x00,
    0x00,0x00,0x00,0x00,0x00,0x00,0x00,0x00,0x00,0x00,0x00,0x00,0x00,0x00,0x00,0x00,0x00,0x00,
    0x00,0x00,0x00,0x00,0x00,0x00,0x00,0x00,0x00,0x00,0x00,0x00,0x00,0x00,0x00,0x00,0x00,0x00,
    0x00,0x00,0x00,0x00,0x00,0x00,0x00,0x00,0x00,0x00,0x00,0x00,0x00,0x00,0x00,0x00,0x00,0x00,
    0xBC,0x2C,0xFF,0xBC,0x2C,0xFF,0xBC,0x2C,0xFF,0xBC,0x2C,0xFF,0xBC,0x2C,0xFF,0xBC,0x2C,0xFF,
    0xBC,0x2C,0xFF,0xBC,0x2C,0xFF,0xBC,0x2C,0xFF,0xBC,0x2C,0xFF,0xBC,0x2C,0xFF,0xBC,0x2C,0xFF,
    0xBC,0x2C,0xFF,0xBC,0x2C,0xFF,0xBC,0x2C,0xFF,0xBC,0x2C,0xFF,0xBC,0x2C,0xFF,0xBC,0x2C,0xFF,
    0xBC,0x2C,0xFF,0xBC,0x2C,0xFF,0xBC,0x2C,0xFF,0xBC,0x2C,0xFF,0xBC,0x2C,0xFF,0xBC,0x2C,0xFF,
    0xBC,0x2C,0xFF,0xBC,0x2C,0xFF,0x4A,0x32,0xFF,0x4A,0x32,0xFF,0x4A,0x32,0xFF,0x4A,0x32,0xFF,
    0x4A,0x32,0xFF,0x4A,0x32,0xFF,0x4A,0x32,0xFF,0x4A,0x32,0xFF,0x4A,0x32,0xFF,0x4A,0x32,0xFF,
    0x4A,0x32,0xFF,0x4A,0x32,0xFF,0x4A,0x32,0xFF,0x4A,0x32,0xFF,0x4A,0x32,0xFF,0x4A,0x32,0xFF,
    0x4A,0x32,0xFF,0x4A,0x32,0xFF,0x4A,0x32,0xFF,0x4A,0x32,0xFF,0x4A,0x32,0xFF,0x4A,0x32,0xFF,
    0x4A,0x32,0xFF,0x4A,0x32,0xFF,0x4A,0x32,0xFF,0x4A,0x32,0xFF,0x00,0x00,0x00,0x00,0x00,0x00,
    0x00,0x00,0x00,0x00,0x00,0x00,0x00,0x00,0x00,0x00,0x00,0x00,0x00,0x00,0x00,0x00,0x00,0x00,
    0x00,0x00,0x00,0x00,0x00,0x00,0x00,0x00,0x00,0x00,0x00,0x00,0x00,0x00,0x00,0x00,0x00,0x00,
    0x00,0x00,0x00,0x00,0x00,0x00,0x00,0x00,0x00,0x00,0x00,0x00,0x31,0xF3,0xFF,0x31,0xF3,0xFF,
    0x31,0xF3,0xFF,0x31,0xF3,0xFF,0x00,0x00,0x00,0x00,0x00,0x00,0x00,0x00,0x00,0x00,0x00,0x00,
    0x00,0x00,0x00,0x00,0x00,0x00,0x00,0x00,0x00,0x00,0x00,0x00,0x00,0x00,0x00,0x00,0x00,0x00,
    0x00,0x00,0x00,0x00,0x00,0x00,0x00,0x00,0x00,0x00,0x00,0x00,0x00,0x00,0x00,0x00,0x00,0x00,
    0x00,0x00,0x00,0x00,0x00,0x00,0x00,0x00,0x00,0x00,0x00,0x00,0x00,0x00,0x00,0x00,0x00,0x00,
    0xBC,0x2C,0xFF,0xBC,0x2C,0xFF,0xBC,0x2C,0xFF,0xBC,0x2C,0xFF,0xBC,0x2C,0xFF,0xBC,0x2C,0xFF,
    0xBC,0x2C,0xFF,0xBC,0x2C,0xFF,0xBC,0x2C,0xFF,0xBC,0x2C,0xFF,0xBC,0x2C,0xFF,0xBC,0x2C,0xFF,
    0xBC,0x2C,0xFF,0xBC,0x2C,0xFF,0xBC,0x2C,0xFF,0xBC,0x2C,0xFF,0xBC,0x2C,0xFF,0xBC,0x2C,0xFF,
    0xBC,0x2C,0xFF,0xBC,0x2C,0xFF,0xBC,0x2C,0xFF,0xBC,0x2C,0xFF,0xBC,0x2C,0xFF,0xBC,0x2C,0xFF,
    0xBC,0x2C,0xFF,0xBC,0x2C,0xFF,0x4A,0x32,0xFF,0x4A,0x32,0xFF,0x4A,0x32,0xFF,0x4A,0x32,0xFF,
    0x4A,0x32,0xFF,0x4A,0x32,0xFF,0x4A,0x32,0xFF,0x4A,0x32,0xFF,0x4A,0x32,0xFF,0x4A,0x32,0xFF,
    0x4A,0x32,0xFF,0x4A,0x32,0xFF,0x4A,0x32,0xFF,0x4A,0x32,0xFF,0x4A,0x32,0xFF,0x4A,0x32,0xFF,
    0x4A,0x32,0xFF,0x4A,0x32,0xFF,0x4A,0x32,0xFF,0x4A,0x32,0xFF,0x4A,0x32,0xFF,0x4A,0x32,0xFF,
    0x4A,0x32,0xFF,0x4A,0x32,0xFF,0x4A,0x32,0xFF,0x4A,0x32,0xFF,0x00,0x00,0x00,0x00,0x00,0x00,
    0x00,0x00,0x00,0x00,0x00,0x00,0x00,0x00,0x00,0x00,0x00,0x00,0x00,0x00,0x00,0x00,0x00,0x00,
    0x00,0x00,0x00,0x00,0x00,0x00,0x00,0x00,0x00,0x00,0x00,0x00,0x00,0x00,0x00,0x00,0x00,0x00,
    0x00,0x00,0x00,0x00,0x00,0x00,0x00,0x00,0x00,0x00,0x00,0x00,0x00,0x00,0x00,0x31,0xF3,0xFF,
    0x31,0xF3,0xFF,0x00,0x00,0x00,0x00,0x00,0x00,0x00,0x00,0x00,0x00,0x00,0x00,0x00,0x00,0x00,
    0x00,0x00,0x00,0x00,0x00,0x00,0x00,0x00,0x00,0x00,0x00,0x00,0x00,0x00,0x00,0x00,0x00,0x00,
    0x00,0x00,0x00,0x00,0x00,0x00,0x00,0x00,0x00,0x00,0x00,0x00,0x00,0x00,0x00,0x00,0x00,0x00,
    0x00,0x00,0x00,0x00,0x00,0x00,0x00,0x00,0x00,0x00,0x00,0x00,0x00,0x00,0x00,0x00,0x00,0x00,
    0xBC,0x2C,0xFF,0xBC,0x2C,0xFF,0xBC,0x2C,0xFF,0xBC,0x2C,0xFF,0xBC,0x2C,0xFF,0xBC,0x2C,0xFF,
    0xBC,0x2C,0xFF,0xBC,0x2C,0xFF,0xBC,0x2C,0xFF,0xBC,0x2C,0xFF,0xBC,0x2C,0xFF,0xBC,0x2C,0xFF,
    0xBC,0x2C,0xFF,0xBC,0x2C,0xFF,0xBC,0x2C,0xFF,0xBC,0x2C,0xFF,0xBC,0x2C,0xFF,0xBC,0x2C,0xFF,
    0xBC,0x2C,0xFF,0xBC,0x2C,0xFF,0xBC,0x2C,0xFF,0xBC,0x2C,0xFF,0xBC,0x2C,0xFF,0xBC,0x2C,0xFF,
    0xBC,0x2C,0xFF,0xBC,0x2C,0xFF,0x4A,0x32,0xFF,0x4A,0x32,0xFF,0x4A,0x32,0xFF,0x4A,0x32,0xFF,
    0x4A,0x32,0xFF,0x4A,0x32,0xFF,0x4A,0x32,0xFF,0x4A,0x32,0xFF,0x4A,0x32,0xFF,0x4A,0x32,0xFF,
    0x4A,0x32,0xFF,0x4A,0x32,0xFF,0x4A,0x32,0xFF,0x4A,0x32,0xFF,0x4A,0x32,0xFF,0x4A,0x32,0xFF,
    0x4A,0x32,0xFF,0x4A,0x32,0xFF,0x4A,0x32,0xFF,0x4A,0x32,0xFF,0x4A,0x32,0xFF,0x4A,0x32,0xFF,
    0x4A,0x32,0xFF,0x4A,0x32,0xFF,0x4A,0x32,0xFF,0x4A,0x32,0xFF,0x00,0x00,0x00,0x00,0x00,0x00,
    0x00,0x00,0x00,0x00,0x00,0x00,0x00,0x00,0x00,0x00,0x00,0x00,0x00,0x00,0x00,0x00,0x00,0x00,
    0x00,0x00,0x00,0x00,0x00,0x00,0x00,0x00,0x00,0x00,0x00,0x00,0x00,0x00,0x00,0x00,0x00,0x00,
    0x00,0x00,0x00,0x00,0x00,0x00,0x00,0x00,0x00,0x00,0x00,0x00,0x00,0x00,0x00,0x00,0x00,0x00,
    0x00,0x00,0x00,0x00,0x00,0x00,0x00,0x00,0x00,0x00,0x00,0x00,0x00,0x00,0x00,0x00,0x00,0x00,
    0x00,0x00,0x00,0x00,0x00,0x00,0x00,0x00,0x00,0x00,0x00,0x00,0x00,0x00,0x00,0x00,0x00,0x00,
    0x00,0x00,0x00,0x00,0x00,0x00,0x00,0x00,0x00,0x00,0x00,0x00,0x00,0x00,0x00,0x00,0x00,0x00,
    0x00,0x00,0x00,0x00,0x00,0x00,0x00,0x00,0x00,0x00,0x00,0x00,0x00,0x00,0x00,0x00,0x00,0x00,
    0xBC,0x2C,0xFF,0xBC,0x2C,0xFF,0xBC,0x2C,0xFF,0xBC,0x2C,0xFF,0xBC,0x2C,0xFF,0xBC,0x2C,0xFF,
    0xBC,0x2C,0xFF,0xBC,0x2C,0xFF,0xBC,0x2C,0xFF,0xBC,0x2C,0xFF,0xBC,0x2C,0xFF,0xBC,0x2C,0xFF,
    0xBC,0x2C,0xFF,0xBC,0x2C,0xFF,0xBC,0x2C,0xFF,0xBC,0x2C,0xFF,0xBC,0x2C,0xFF,0xBC,0x2C,0xFF,
    0xBC,0x2C,0xFF,0xBC,0x2C,0xFF,0xBC,0x2C,0xFF,0xBC,0x2C,0xFF,0xBC,0x2C,0xFF,0xBC,0x2C,0xFF,
    0xBC,0x2C,0xFF,0xBC,0x2C,0xFF,0x4A,0x32,0xFF,0x4A,0x32,0xFF,0x4A,0x32,0xFF,0x4A,0x32,0xFF,
    0x4A,0x32,0xFF,0x4A,0x32,0xFF,0x4A,0x32,0xFF,0x4A,0x32,0xFF,0x4A,0x32,0xFF,0x4A,0x32,0xFF,
    0x4A,0x32,0xFF,0x4A,0x32,0xFF,0x4A,0x32,0xFF,0x4A,0x32,0xFF,0x4A,0x32,0xFF,0x4A,0x32,0xFF,
    0x4A,0x32,0xFF,0x4A,0x32,0xFF,0x4A,0x32,0xFF,0x4A,0x32,0xFF,0x4A,0x32,0xFF,0x4A,0x32,0xFF,
    0x4A,0x32,0xFF,0x4A,0x32,0xFF,0x4A,0x32,0xFF,0x4A,0x32,0xFF,0x00,0x00,0x00,0x00,0x00,0x00,
    0x00,0x00,0x00,0x00,0x00,0x00,0x00,0x00,0x00,0x00,0x00,0x00,0x00,0x00,0x00,0x00,0x00,0x00,
    0x00,0x00,0x00,0x00,0x00,0x00,0x00,0x00,0x00,0x00,0x00,0x00,0x00,0x00,0x00,0x00,0x00,0x00,
    0x00,0x00,0x00,0x00,0x00,0x00,0x00,0x00,0x00,0x00,0x00,0x00,0x00,0x00,0x00,0x00,0x00,0x00,
    0x00,0x00,0x00,0x00,0x00,0x00,0x00,0x00,0x00,0x00,0x00,0x00,0x00,0x00,0x00,0x00,0x00,0x00,
    0x00,0x00,0x00,0x00,0x00,0x00,0x00,0x00,0x00,0x00,0x00,0x00,0x00,0x00,0x00,0x00,0x00,0x00,
    0x00,0x00,0x00,0x00,0x00,0x00,0x00,0x00,0x00,0x00,0x00,0x00,0x00,0x00,0x00,0x00,0x00,0x00,
    0x00,0x00,0x00,0x00,0x00,0x00,0x00,0x00,0x00,0x00,0x00,0x00,0x00,0x00,0x00,0x00,0x00,0x00,
    0xBC,0x2C,0xFF,0xBC,0x2C,0xFF,0xBC,0x2C,0xFF,0xBC,0x2C,0xFF,0xBC,0x2C,0xFF,0xBC,0x2C,0xFF,
    0xBC,0x2C,0xFF,0xBC,0x2C,0xFF,0xBC,0x2C,0xFF,0xBC,0x2C,0xFF,0xBC,0x2C,0xFF,0xBC,0x2C,0xFF,
    0xBC,0x2C,0xFF,0xBC,0x2C,0xFF,0xBC,0x2C,0xFF,0xBC,0x2C,0xFF,0xBC,0x2C,0xFF,0xBC,0x2C,0xFF,
    0xBC,0x2C,0xFF,0xBC,0x2C,0xFF,0xBC,0x2C,0xFF,0xBC,0x2C,0xFF,0xBC,0x2C,0xFF,0xBC,0x2C,0xFF,
    0xBC,0x2C,0xFF,0xBC,0x2C,0xFF,0x4A,0x32,0xFF,0x4A,0x32,0xFF,0x4A,0x32,0xFF,0x4A,0x32,0xFF,
    0x4A,0x32,0xFF,0x4A,0x32,0xFF,0x4A,0x32,0xFF,0x4A,0x32,0xFF,0x4A,0x32,0xFF,0x4A,0x32,0xFF,
    0x4A,0x32,0xFF,0x4A,0x32,0xFF,0x4A,0x32,0xFF,0x4A,0x32,0xFF,0x4A,0x32,0xFF,0x4A,0x32,0xFF,
    0x4A,0x32,0xFF,0x4A,0x32,0xFF,0x4A,0x32,0xFF,0x4A,0x32,0xFF,0x4A,0x32,0xFF,0x4A,0x32,0xFF,
    0x4A,0x32,0xFF,0x4A,0x32,0xFF,0x4A,0x32,0xFF,0x4A,0x32,0xFF,0x00,0x00,0x00,0x00,0x00,0x00,
    0x00,0x00,0x00,0x00,0x00,0x00,0x00,0x00,0x00,0x00,0x00,0x00,0x00,0x00,0x00,0x00,0x00,0x00,
    0x00,0x00,0x00,0x00,0x00,0x00,0x00,0x00,0x00,0x00,0x00,0x00,0x00,0x00,0x00,0x00,0x00,0x00,
    0x00,0x00,0x00,0x00,0x00,0x00,0x00,0x00,0x00,0x00,0x00,0x00,0x00,0x00,0x00,0x00,0x00,0x00,
    0x00,0x00,0x00,0x00,0x00,0x00,0x00,0x00,0x00,0x00,0x00,0x00,0x00,0x00,0x00,0x00,0x00,0x00,
    0x00,0x00,0x00,0x00,0x00,0x00,0x00,0x00,0x00,0x00,0x00,0x00,0x00,0x00,0x00,0x00,0x00,0x00,
    0x00,0x00,0x00,0x00,0x00,0x00,0x00,0x00,0x00,0x00,0x00,0x00,0x00,0x00,0x00,0x00,0x00,0x00,
    0x00,0x00,0x00,0x00,0x00,0x00,0x00,0x00,0x00,0x00,0x00,0x00,0x00,0x00,0x00,0x00,0x00,0x00,
    0xBC,0x2C,0xFF,0xBC,0x2C,0xFF,0xBC,0x2C,0xFF,0xBC,0x2C,0xFF,0xBC,0x2C,0xFF,0xBC,0x2C,0xFF,
    0xBC,0x2C,0xFF,0xBC,0x2C,0xFF,0xBC,0x2C,0xFF,0xBC,0x2C,0xFF,0xBC,0x2C,0xFF,0xBC,0x2C,0xFF,
    0xBC,0x2C,0xFF,0xBC,0x2C,0xFF,0xBC,0x2C,0xFF,0xBC,0x2C,0xFF,0xBC,0x2C,0xFF,0xBC,0x2C,0xFF,
    0xBC,0x2C,0xFF,0xBC,0x2C,0xFF,0xBC,0x2C,0xFF,0xBC,0x2C,0xFF,0xBC,0x2C,0xFF,0xBC,0x2C,0xFF,
    0xBC,0x2C,0xFF,0xBC,0x2C,0xFF,0x4A,0x32,0xFF,0x4A,0x32,0xFF,0x4A,0x32,0xFF,0x4A,0x32,0xFF,
    0x4A,0x32,0xFF,0x4A,0x32,0xFF,0x4A,0x32,0xFF,0x4A,0x32,0xFF,0x4A,0x32,0xFF,0x4A,0x32,0xFF,
    0x4A,0x32,0xFF,0x4A,0x32,0xFF,0x4A,0x32,0xFF,0x4A,0x32,0xFF,0x4A,0x32,0xFF,0x4A,0x32,0xFF,
    0x4A,0x32,0xFF,0x4A,0x32,0xFF,0x4A,0x32,0xFF,0x4A,0x32,0xFF,0x4A,0x32,0xFF,0x4A,0x32,0xFF,
    0x4A,0x32,0xFF,0x4A,0x32,0xFF,0x4A,0x32,0xFF,0x4A,0x32,0xFF,0x00,0x00,0x00,0x00,0x00,0x00,
    0x00,0x00,0x00,0x00,0x00,0x00,0x00,0x00,0x00,0x00,0x00,0x00,0x00,0x00,0x00,0x00,0x00,0x00,
    0x00,0x00,0x00,0x00,0x00,0x00,0x00,0x00,0x00,0x00,0x00,0x00,0x00,0x00,0x00,0x00,0x00,0x00,
    0x00,0x00,0x00,0x00,0x00,0x00,0x00,0x00,0x00,0x00,0x00,0x00,0x00,0x00,0x00,0x00,0x00,0x00,
    0x00,0x00,0x00,0x00,0x00,0x00,0x00,0x00,0x00,0x00,0x00,0x00,0x00,0x00,0x00,0x00,0x00,0x00,
    0x00,0x00,0x00,0x00,0x00,0x00,0x00,0x00,0x00,0x00,0x00,0x00,0x00,0x00,0x00,0x00,0x00,0x00,
    0x00,0x00,0x00,0x00,0x00,0x00,0x00,0x00,0x00,0x00,0x00,0x00,0x00,0x00,0x00,0x00,0x00,0x00,
    0x00,0x00,0x00,0x00,0x00,0x00,0x00,0x00,0x00,0x00,0x00,0x00,0x00,0x00,0x00,0x00,0x00,0x00,
    0xBC,0x2C,0xFF,0xBC,0x2C,0xFF,0xBC,0x2C,0xFF,0xBC,0x2C,0xFF,0xBC,0x2C,0xFF,0xBC,0x2C,0xFF,
    0xBC,0x2C,0xFF,0xBC,0x2C,0xFF,0xBC,0x2C,0xFF,0xBC,0x2C,0xFF,0xBC,0x2C,0xFF,0xBC,0x2C,0xFF,
    0xBC,0x2C,0xFF,0xBC,0x2C,0xFF,0xBC,0x2C,0xFF,0xBC,0x2C,0xFF,0xBC,0x2C,0xFF,0xBC,0x2C,0xFF,
    0xBC,0x2C,0xFF,0xBC,0x2C,0xFF,0xBC,0x2C,0xFF,0xBC,0x2C,0xFF,0xBC,0x2C,0xFF,0xBC,0x2C,0xFF,
    0xBC,0x2C,0xFF,0xBC,0x2C,0xFF,0x4A,0x32,0xFF,0x4A,0x32,0xFF,0x4A,0x32,0xFF,0x4A,0x32,0xFF,
    0x4A,0x32,0xFF,0x4A,0x32,0xFF,0x4A,0x32,0xFF,0x4A,0x32,0xFF,0x4A,0x32,0xFF,0x4A,0x32,0xFF,
    0x4A,0x32,0xFF,0x4A,0x32,0xFF,0x4A,0x32,0xFF,0x4A,0x32,0xFF,0x4A,0x32,0xFF,0x4A,0x32,0xFF,
    0x4A,0x32,0xFF,0x4A,0x32,0xFF,0x4A,0x32,0xFF,0x4A,0x32,0xFF,0x4A,0x32,0xFF,0x4A,0x32,0xFF,
    0x4A,0x32,0xFF,0x4A,0x32,0xFF,0x4A,0x32,0xFF,0x4A,0x32,0xFF,0x00,0x00,0x00,0x00,0x00,0x00,
    0x00,0x00,0x00,0x00,0x00,0x00,0x00,0x00,0x00,0x00,0x00,0x00,0x00,0x00,0x00,0x00,0x00,0x00,
    0x00,0x00,0x00,0x00,0x00,0x00,0x00,0x00,0x00,0x00,0x00,0x00,0x00,0x00,0x00,0x00,0x00,0x00,
    0x00,0x00,0x00,0x00,0x00,0x00,0x00,0x00,0x00,0x00,0x00,0x00,0x00,0x00,0x00,0x00,0x00,0x00,
    0x00,0x00,0x00,0x00,0x00,0x00,0x00,0x00,0x00,0x00,0x00,0x00,0x00,0x00,0x00,0x00,0x00,0x00,
    0x00,0x00,0x00,0x00,0x00,0x00,0x00,0x00,0x00,0x00,0x00,0x00,0x00,0x00,0x00,0x00,0x00,0x00,
    0x00,0x00,0x00,0x00,0x00,0x00,0x00,0x00,0x00,0x00,0x00,0x00,0x00,0x00,0x00,0x00,0x00,0x00,
    0x00,0x00,0x00,0x00,0x00,0x00,0x00,0x00,0x00,0x00,0x00,0x00,0x00,0x00,0x00,0x00,0x00,0x00,
    0xBC,0x2C,0xFF,0xBC,0x2C,0xFF,0xBC,0x2C,0xFF,0xBC,0x2C,0xFF,0xBC,0x2C,0xFF,0xBC,0x2C,0xFF,
    0xBC,0x2C,0xFF,0xBC,0x2C,0xFF,0xBC,0x2C,0xFF,0xBC,0x2C,0xFF,0xBC,0x2C,0xFF,0xBC,0x2C,0xFF,
    0xBC,0x2C,0xFF,0xBC,0x2C,0xFF,0xBC,0x2C,0xFF,0xBC,0x2C,0xFF,0xBC,0x2C,0xFF,0xBC,0x2C,0xFF,
    0xBC,0x2C,0xFF,0xBC,0x2C,0xFF,0xBC,0x2C,0xFF,0xBC,0x2C,0xFF,0xBC,0x2C,0xFF,0xBC,0x2C,0xFF,
    0xBC,0x2C,0xFF,0xBC,0x2C,0xFF,0x4A,0x32,0xFF,0x4A,0x32,0xFF,0x4A,0x32,0xFF,0x4A,0x32,0xFF,
    0x4A,0x32,0xFF,0x4A,0x32,0xFF,0x4A,0x32,0xFF,0x4A,0x32,0xFF,0x4A,0x32,0xFF,0x4A,0x32,0xFF,
    0x4A,0x32,0xFF,0x4A,0x32,0xFF,0x4A,0x32,0xFF,0x4A,0x32,0xFF,0x4A,0x32,0xFF,0x4A,0x32,0xFF,
    0x4A,0x32,0xFF,0x4A,0x32,0xFF,0x4A,0x32,0xFF,0x4A,0x32,0xFF,0x4A,0x32,0xFF,0x4A,0x32,0xFF,
    0x4A,0x32,0xFF,0x4A,0x32,0xFF,0x4A,0x32,0xFF,0x4A,0x32,0xFF,0x00,0x00,0x00,0x00,0x00,0x00,
    0x00,0x00,0x00,0x00,0x00,0x00,0x00,0x00,0x00,0x00,0x00,0x00,0x00,0x00,0x00,0x00,0x00,0x00,
    0x00,0x00,0x00,0x00,0x00,0x00,0x00,0x00,0x00,0x00,0x00,0x00,0x00,0x00,0x00,0x00,0x00,0x00,
    0x00,0x00,0x00,0x00,0x00,0x00,0x00,0x00,0x00,0x00,0x00,0x00,0x00,0x00,0x00,0x00,0x00,0x00,
    0x00,0x00,0x00,0x00,0x00,0x00,0x00,0x00,0x00,0x00,0x00,0x00,0x00,0x00,0x00,0x00,0x00,0x00,
    0x00,0x00,0x00,0x00,0x00,0x00,0x00,0x00,0x00,0x00,0x00,0x00,0x00,0x00,0x00,0x00,0x00,0x00,
    0x00,0x00,0x00,0x00,0x00,0x00,0x00,0x00,0x00,0x00,0x00,0x00,0x00,0x00,0x00,0x00,0x00,0x00,
    0x00,0x00,0x00,0x00,0x00,0x00,0x00,0x00,0x00,0x00,0x00,0x00,0x00,0x00,0x00,0x00,0x00,0x00,
    0xBC,0x2C,0xFF,0xBC,0x2C,0xFF,0xBC,0x2C,0xFF,0xBC,0x2C,0xFF,0xBC,0x2C,0xFF,0xBC,0x2C,0xFF,
    0xBC,0x2C,0xFF,0xBC,0x2C,0xFF,0xBC,0x2C,0xFF,0xBC,0x2C,0xFF,0xBC,0x2C,0xFF,0xBC,0x2C,0xFF,
    0xBC,0x2C,0xFF,0xBC,0x2C,0xFF,0xBC,0x2C,0xFF,0xBC,0x2C,0xFF,0xBC,0x2C,0xFF,0xBC,0x2C,0xFF,
    0xBC,0x2C,0xFF,0xBC,0x2C,0xFF,0xBC,0x2C,0xFF,0xBC,0x2C,0xFF,0xBC,0x2C,0xFF,0xBC,0x2C,0xFF,
    0xBC,0x2C,0xFF,0xBC,0x2C,0xFF,0x4A,0x32,0xFF,0x4A,0x32,0xFF,0x4A,0x32,0xFF,0x4A,0x32,0xFF,
    0x4A,0x32,0xFF,0x4A,0x32,0xFF,0x4A,0x32,0xFF,0x4A,0x32,0xFF,0x4A,0x32,0xFF,0x4A,0x32,0xFF,
    0x4A,0x32,0xFF,0x4A,0x32,0xFF,0x4A,0x32,0xFF,0x4A,0x32,0xFF,0x4A,0x32,0xFF,0x4A,0x32,0xFF,
    0x4A,0x32,0xFF,0x4A,0x32,0xFF,0x4A,0x32,0xFF,0x4A,0x32,0xFF,0x4A,0x32,0xFF,0x4A,0x32,0xFF,
    0x4A,0x32,0xFF,0x4A,0x32,0xFF,0x4A,0x32,0xFF,0x4A,0x32,0xFF,0x00,0x00,0x00,0x00,0x00,0x00,
    0x00,0x00,0x00,0x00,0x00,0x00,0x00,0x00,0x00,0x00,0x00,0x00,0x00,0x00,0x00,0x00,0x00,0x00,
    0x00,0x00,0x00,0x00,0x00,0x00,0x00,0x00,0x00,0x00,0x00,0x00,0x00,0x00,0x00,0x00,0x00,0x00,
    0x00,0x00,0x00,0x00,0x00,0x00,0x00,0x00,0x00,0x00,0x00,0x00,0x00,0x00,0x00,0x00,0x00,0x00,
    0x00,0x00,0x00,0x00,0x00,0x00,0x00,0x00,0x00,0x00,0x00,0x00,0x00,0x00,0x00,0x00,0x00,0x00,
    0x00,0x00,0x00,0x00,0x00,0x00,0x00,0x00,0x00,0x00,0x00,0x00,0x00,0x00,0x00,0x00,0x00,0x00,
    0x00,0x00,0x00,0x00,0x00,0x00,0x00,0x00,0x00,0x00,0x00,0x00,0x00,0x00,0x00,0x00,0x00,0x00,
    0x00,0x00,0x00,0x00,0x00,0x00,0x00,0x00,0x00,0x00,0x00,0x00,0x00,0x00,0x00,0x00,0x00,0x00,
    0xBC,0x2C,0xFF,0xBC,0x2C,0xFF,0xBC,0x2C,0xFF,0xBC,0x2C,0xFF,0xBC,0x2C,0xFF,0xBC,0x2C,0xFF,
    0xBC,0x2C,0xFF,0xBC,0x2C,0xFF,0xBC,0x2C,0xFF,0xBC,0x2C,0xFF,0xBC,0x2C,0xFF,0xBC,0x2C,0xFF,
    0xBC,0x2C,0xFF,0xBC,0x2C,0xFF,0xBC,0x2C,0xFF,0xBC,0x2C,0xFF,0xBC,0x2C,0xFF,0xBC,0x2C,0xFF,
    0xBC,0x2C,0xFF,0xBC,0x2C,0xFF,0xBC,0x2C,0xFF,0xBC,0x2C,0xFF,0xBC,0x2C,0xFF,0xBC,0x2C,0xFF,
    0xBC,0x2C,0xFF,0xBC,0x2C,0xFF,0x4A,0x32,0xFF,0x4A,0x32,0xFF,0x4A,0x32,0xFF,0x4A,0x32,0xFF,
    0x4A,0x32,0xFF,0x4A,0x32,0xFF,0x4A,0x32,0xFF,0x4A,0x32,0xFF,0x4A,0x32,0xFF,0x4A,0x32,0xFF,
    0x4A,0x32,0xFF,0x4A,0x32,0xFF,0x4A,0x32,0xFF,0x4A,0x32,0xFF,0x4A,0x32,0xFF,0x4A,0x32,0xFF,
    0x4A,0x32,0xFF,0x4A,0x32,0xFF,0x4A,0x32,0xFF,0x4A,0x32,0xFF,0x4A,0x32,0xFF,0x4A,0x32,0xFF,
    0x4A,0x32,0xFF,0x4A,0x32,0xFF,0x4A,0x32,0xFF,0x4A,0x32,0xFF,0x00,0x00,0x00,0x00,0x00,0x00,
    0x00,0x00,0x00,0x00,0x00,0x00,0x00,0x00,0x00,0x00,0x00,0x00,0x00,0x00,0x00,0x00,0x00,0x00,
    0x00,0x00,0x00,0x00,0x00,0x00,0x00,0x00,0x00,0x00,0x00,0x00,0x00,0x00,0x00,0x00,0x00,0x00,
    0x00,0x00,0x00,0x00,0x00,0x00,0x00,0x00,0x00,0x00,0x00,0x00,0x00,0x00,0x00,0x00,0x00,0x00,
    0x00,0x00,0x00,0x00,0x00,0x00,0x00,0x00,0x00,0x00,0x00,0x00,0x00,0x00,0x00,0x00,0x00,0x00,
    0x00,0x00,0x00,0x00,0x00,0x00,0x00,0x00,0x00,0x00,0x00,0x00,0x00,0x00,0x00,0x00,0x00,0x00,
    0x00,0x00,0x00,0x00,0x00,0x00,0x00,0x00,0x00,0x00,0x00,0x00,0x00,0x00,0x00,0x00,0x00,0x00,
    0x00,0x00,0x00,0x00,0x00,0x00,0x00,0x00,0x00,0x00,0x00,0x00,0x00,0x00,0x00,0x00,0x00,0x00,
    0xBC,0x2C,0xFF,0xBC,0x2C,0xFF,0xBC,0x2C,0xFF,0xBC,0x2C,0xFF,0xBC,0x2C,0xFF,0xBC,0x2C,0xFF,
    0xBC,0x2C,0xFF,0xBC,0x2C,0xFF,0xBC,0x2C,0xFF,0xBC,0x2C,0xFF,0xBC,0x2C,0xFF,0xBC,0x2C,0xFF,
    0xBC,0x2C,0xFF,0xBC,0x2C,0xFF,0xBC,0x2C,0xFF,0xBC,0x2C,0xFF,0xBC,0x2C,0xFF,0xBC,0x2C,0xFF,
    0xBC,0x2C,0xFF,0xBC,0x2C,0xFF,0xBC,0x2C,0xFF,0xBC,0x2C,0xFF,0xBC,0x2C,0xFF,0xBC,0x2C,0xFF,
    0xBC,0x2C,0xFF,0xBC,0x2C,0xFF,0x4A,0x32,0xFF,0x4A,0x32,0xFF,0x4A,0x32,0xFF,0x4A,0x32,0xFF,
    0x4A,0x32,0xFF,0x4A,0x32,0xFF,0x4A,0x32,0xFF,0x4A,0x32,0xFF,0x4A,0x32,0xFF,0x4A,0x32,0xFF,
    0x4A,0x32,0xFF,0x4A,0x32,0xFF,0x4A,0x32,0xFF,0x4A,0x32,0xFF,0x4A,0x32,0xFF,0x4A,0x32,0xFF,
    0x4A,0x32,0xFF,0x4A,0x32,0xFF,0x4A,0x32,0xFF,0x4A,0x32,0xFF,0x4A,0x32,0xFF,0x4A,0x32,0xFF,
    0x4A,0x32,0xFF,0x4A,0x32,0xFF,0x4A,0x32,0xFF,0x4A,0x32,0xFF,0x00,0x00,0x00,0x00,0x00,0x00,
    0x00,0x00,0x00,0x00,0x00,0x00,0x00,0x00,0x00,0x00,0x00,0x00,0x00,0x00,0x00,0x00,0x00,0x00,
    0x00,0x00,0x00,0x00,0x00,0x00,0x00,0x00,0x00,0x00,0x00,0x00,0x00,0x00,0x00,0x00,0x00,0x00,
    0x00,0x00,0x00,0x00,0x00,0x00,0x00,0x00,0x00,0x00,0x00,0x00,0x00,0x00,0x00,0x00,0x00,0x00,
    0x00,0x00,0x00,0x00,0x00,0x00,0x00,0x00,0x00,0x00,0x00,0x00,0x00,0x00,0x00,0x00,0x00,0x00,
    0x00,0x00,0x00,0x00,0x00,0x00,0x00,0x00,0x00,0x00,0x00,0x00,0x00,0x00,0x00,0x00,0x00,0x00,
    0x00,0x00,0x00,0x00,0x00,0x00,0x00,0x00,0x00,0x00,0x00,0x00,0x00,0x00,0x00,0x00,0x00,0x00,
    0x00,0x00,0x00,0x00,0x00,0x00,0x00,0x00,0x00,0x00,0x00,0x00,0x00,0x00,0x00,0x00,0x00,0x00,
    0xBC,0x2C,0xFF,0xBC,0x2C,0xFF,0xBC,0x2C,0xFF,0xBC,0x2C,0xFF,0xBC,0x2C,0xFF,0xBC,0x2C,0xFF,
    0xBC,0x2C,0xFF,0xBC,0x2C,0xFF,0xBC,0x2C,0xFF,0xBC,0x2C,0xFF,0xBC,0x2C,0xFF,0xBC,0x2C,0xFF,
    0xBC,0x2C,0xFF,0xBC,0x2C,0xFF,0xBC,0x2C,0xFF,0xBC,0x2C,0xFF,0xBC,0x2C,0xFF,0xBC,0x2C,0xFF,
    0xBC,0x2C,0xFF,0xBC,0x2C,0xFF,0xBC,0x2C,0xFF,0xBC,0x2C,0xFF,0xBC,0x2C,0xFF,0xBC,0x2C,0xFF,
    0xBC,0x2C,0xFF,0xBC,0x2C,0xFF,0x4A,0x32,0xFF,0x4A,0x32,0xFF,0x4A,0x32,0xFF,0x4A,0x32,0xFF,
    0x4A,0x32,0xFF,0x4A,0x32,0xFF,0x4A,0x32,0xFF,0x4A,0x32,0xFF,0x4A,0x32,0xFF,0x4A,0x32,0xFF,
    0x4A,0x32,0xFF,0x4A,0x32,0xFF,0x4A,0x32,0xFF,0x4A,0x32,0xFF,0x4A,0x32,0xFF,0x4A,0x32,0xFF,
    0x4A,0x32,0xFF,0x4A,0x32,0xFF,0x4A,0x32,0xFF,0x4A,0x32,0xFF,0x4A,0x32,0xFF,0x4A,0x32,0xFF,
    0x4A,0x32,0xFF,0x4A,0x32,0xFF,0x4A,0x32,0xFF,0x4A,0x32,0xFF,0x00,0x00,0x00,0x00,0x00,0x00,
    0x00,0x00,0x00,0x00,0x00,0x00,0x00,0x00,0x00,0x00,0x00,0x00,0x00,0x00,0x00,0x00,0x00,0x00,
    0x00,0x00,0x00,0x00,0x00,0x00,0x00,0x00,0x00,0x00,0x00,0x00,0x00,0x00,0x00,0x00,0x00,0x00,
    0x00,0x00,0x00,0x00,0x00,0x00,0x00,0x00,0x00,0x00,0x00,0x00,0x00,0x00,0x00,0x00,0x00,0x00,
    0x00,0x00,0x00,0x00,0x00,0x00,0x00,0x00,0x00,0x00,0x00,0x00,0x00,0x00,0x00,0x00,0x00,0x00,
    0x00,0x00,0x00,0x00,0x00,0x00,0x00,0x00,0x00,0x00,0x00,0x00,0x00,0x00,0x00,0x00,0x00,0x00,
    0x00,0x00,0x00,0x00,0x00,0x00,0x00,0x00,0x00,0x00,0x00,0x00,0x00,0x00,0x00,0x00,0x00,0x00,
    0x00,0x00,0x00,0x00,0x00,0x00,0x00,0x00,0x00,0x00,0x00,0x00,0x00,0x00,0x00,0x00,0x00,0x00,
    0xBC,0x2C,0xFF,0xBC,0x2C,0xFF,0xBC,0x2C,0xFF,0xBC,0x2C,0xFF,0xBC,0x2C,0xFF,0xBC,0x2C,0xFF,
    0xBC,0x2C,0xFF,0xBC,0x2C,0xFF,0xBC,0x2C,0xFF,0xBC,0x2C,0xFF,0xBC,0x2C,0xFF,0xBC,0x2C,0xFF,
    0xBC,0x2C,0xFF,0xBC,0x2C,0xFF,0xBC,0x2C,0xFF,0xBC,0x2C,0xFF,0xBC,0x2C,0xFF,0xBC,0x2C,0xFF,
    0xBC,0x2C,0xFF,0xBC,0x2C,0xFF,0xBC,0x2C,0xFF,0xBC,0x2C,0xFF,0xBC,0x2C,0xFF,0xBC,0x2C,0xFF,
    0xBC,0x2C,0xFF,0xBC,0x2C,0xFF,0x4A,0x32,0xFF,0x4A,0x32,0xFF,0x4A,0x32,0xFF,0x4A,0x32,0xFF,
    0x4A,0x32,0xFF,0x4A,0x32,0xFF,0x4A,0x32,0xFF,0x4A,0x32,0xFF,0x4A,0x32,0xFF,0x4A,0x32,0xFF,
    0x4A,0x32,0xFF,0x4A,0x32,0xFF,0x4A,0x32,0xFF,0x4A,0x32,0xFF,0x4A,0x32,0xFF,0x4A,0x32,0xFF,
    0x4A,0x32,0xFF,0x4A,0x32,0xFF,0x4A,0x32,0xFF,0x4A,0x32,0xFF,0x4A,0x32,0xFF,0x4A,0x32,0xFF,
    0x4A,0x32,0xFF,0x4A,0x32,0xFF,0x4A,0x32,0xFF,0x4A,0x32,0xFF,0x00,0x00,0x00,0x00,0x00,0x00,
    0x00,0x00,0x00,0x00,0x00,0x00,0x00,0x00,0x00,0x00,0x00,0x00,0x00,0x00,0x00,0x00,0x00,0x00,
    0x00,0x00,0x00,0x00,0x00,0x00,0x00,0x00,0x00,0x00,0x00,0x00,0x00,0x00,0x00,0x00,0x00,0x00,
    0x00,0x00,0x00,0x00,0x00,0x00,0x00,0x00,0x00,0x00,0x00,0x00,0x00,0x00,0x00,0x00,0x00,0x00,
    0x00,0x00,0x00,0x00,0x00,0x00,0x00,0x00,0x00,0x00,0x00,0x00,0x00,0x00,0x00,0x00,0x00,0x00,
    0x00,0x00,0x00,0x00,0x00,0x00,0x00,0x00,0x00,0x00,0x00,0x00,0x00,0x00,0x00,0x00,0x00,0x00,
    0x00,0x00,0x00,0x00,0x00,0x00,0x00,0x00,0x00,0x00,0x00,0x00,0x00,0x00,0x00,0x00,0x00,0x00,
    0x00,0x00,0x00,0x00,0x00,0x00,0x00,0x00,0x00,0x00,0x00,0x00,0x00,0x00,0x00,0x00,0x00,0x00,
    0xBC,0x2C,0xFF,0xBC,0x2C,0xFF,0xBC,0x2C,0xFF,0xBC,0x2C,0xFF,0xBC,0x2C,0xFF,0xBC,0x2C,0xFF,
    0xBC,0x2C,0xFF,0xBC,0x2C,0xFF,0xBC,0x2C,0xFF,0xBC,0x2C,0xFF,0xBC,0x2C,0xFF,0xBC,0x2C,0xFF,
    0xBC,0x2C,0xFF,0xBC,0x2C,0xFF,0xBC,0x2C,0xFF,0xBC,0x2C,0xFF,0xBC,0x2C,0xFF,0xBC,0x2C,0xFF,
    0xBC,0x2C,0xFF,0xBC,0x2C,0xFF,0xBC,0x2C,0xFF,0xBC,0x2C,0xFF,0xBC,0x2C,0xFF,0xBC,0x2C,0xFF,
    0xBC,0x2C,0xFF,0xBC,0x2C,0xFF,0x4A,0x32,0xFF,0x4A,0x32,0xFF,0x4A,0x32,0xFF,0x4A,0x32,0xFF,
    0x4A,0x32,0xFF,0x4A,0x32,0xFF,0x4A,0x32,0xFF,0x4A,0x32,0xFF,0x4A,0x32,0xFF,0x4A,0x32,0xFF,
    0x4A,0x32,0xFF,0x4A,0x32,0xFF,0x4A,0x32,0xFF,0x4A,0x32,0xFF,0x4A,0x32,0xFF,0x4A,0x32,0xFF,
    0x4A,0x32,0xFF,0x4A,0x32,0xFF,0x4A,0x32,0xFF,0x4A,0x32,0xFF,0x4A,0x32,0xFF,0x4A,0x32,0xFF,
    0x4A,0x32,0xFF,0x4A,0x32,0xFF,0x4A,0x32,0xFF,0x4A,0x32,0xFF,0x00,0x00,0x00,0x00,0x00,0x00,
    0x00,0x00,0x00,0x00,0x00,0x00,0x00,0x00,0x00,0x00,0x00,0x00,0x00,0x00,0x00,0x00,0x00,0x00,
    0x00,0x00,0x00,0x00,0x00,0x00,0x00,0x00,0x00,0x00,0x00,0x00,0x00,0x00,0x00,0x00,0x00,0x00,
    0x00,0x00,0x00,0x00,0x00,0x00,0x00,0x00,0x00,0x00,0x00,0x00,0x00,0x00,0x00,0x00,0x00,0x00,
    0x00,0x00,0x00,0x00,0x00,0x00,0x00,0x00,0x00,0x00,0x00,0x00,0x00,0x00,0x00,0x00,0x00,0x00,
    0x00,0x00,0x00,0x00,0x00,0x00,0x00,0x00,0x00,0x00,0x00,0x00,0x00,0x00,0x00,0x00,0x00,0x00,
    0x00,0x00,0x00,0x00,0x00,0x00,0x00,0x00,0x00,0x00,0x00,0x00,0x00,0x00,0x00,0x00,0x00,0x00,
    0x00,0x00,0x00,0x00,0x00,0x00,0x00,0x00,0x00,0x00,0x00,0x00,0x00,0x00,0x00,0x00,0x00,0x00,
    0xBC,0x2C,0xFF,0xBC,0x2C,0xFF,0xBC,0x2C,0xFF,0xBC,0x2C,0xFF,0xBC,0x2C,0xFF,0xBC,0x2C,0xFF,
    0xBC,0x2C,0xFF,0xBC,0x2C,0xFF,0xBC,0x2C,0xFF,0xBC,0x2C,0xFF,0xBC,0x2C,0xFF,0xBC,0x2C,0xFF,
    0xBC,0x2C,0xFF,0xBC,0x2C,0xFF,0xBC,0x2C,0xFF,0xBC,0x2C,0xFF,0xBC,0x2C,0xFF,0xBC,0x2C,0xFF,
    0xBC,0x2C,0xFF,0xBC,0x2C,0xFF,0xBC,0x2C,0xFF,0xBC,0x2C,0xFF,0xBC,0x2C,0xFF,0xBC,0x2C,0xFF,
    0xBC,0x2C,0xFF,0xBC,0x2C,0xFF,0x4A,0x32,0xFF,0x4A,0x32,0xFF,0x4A,0x32,0xFF,0x4A,0x32,0xFF,
    0x4A,0x32,0xFF,0x4A,0x32,0xFF,0x4A,0x32,0xFF,0x4A,0x32,0xFF,0x4A,0x32,0xFF,0x4A,0x32,0xFF,
    0x4A,0x32,0xFF,0x4A,0x32,0xFF,0x4A,0x32,0xFF,0x4A,0x32,0xFF,0x4A,0x32,0xFF,0x4A,0x32,0xFF,
    0x4A,0x32,0xFF,0x4A,0x32,0xFF,0x4A,0x32,0xFF,0x4A,0x32,0xFF,0x4A,0x32,0xFF,0x4A,0x32,0xFF,
    0x4A,0x32,0xFF,0x4A,0x32,0xFF,0x4A,0x32,0xFF,0x4A,0x32,0xFF,0x00,0x00,0x00,0x00,0x00,0x00,
    0x00,0x00,0x00,0x00,0x00,0x00,0x00,0x00,0x00,0x00,0x00,0x00,0x00,0x00,0x00,0x00,0x00,0x00,
    0x00,0x00,0x00,0x00,0x00,0x00,0x00,0x00,0x00,0x00,0x00,0x00,0x00,0x00,0x00,0x00,0x00,0x00,
    0x00,0x00,0x00,0x00,0x00,0x00,0x00,0x00,0x00,0x00,0x00,0x00,0x00,0x00,0x00,0x00,0x00,0x00,
    0x00,0x00,0x00,0x00,0x00,0x00,0x00,0x00,0x00,0x00,0x00,0x00,0x00,0x00,0x00,0x00,0x00,0x00,
    0x00,0x00,0x00,0x00,0x00,0x00,0x00,0x00,0x00,0x00,0x00,0x00,0x00,0x00,0x00,0x00,0x00,0x00,
    0x00,0x00,0x00,0x00,0x00,0x00,0x00,0x00,0x00,0x00,0x00,0x00,0x00,0x00,0x00,0x00,0x00,0x00,
    0x00,0x00,0x00,0x00,0x00,0x00,0x00,0x00,0x00,0x00,0x00,0x00,0x00,0x00,0x00,0x00,0x00,0x00,
    0xBC,0x2C,0xFF,0xBC,0x2C,0xFF,0xBC,0x2C,0xFF,0xBC,0x2C,0xFF,0xBC,0x2C,0xFF,0xBC,0x2C,0xFF,
    0xBC,0x2C,0xFF,0xBC,0x2C,0xFF,0xBC,0x2C,0xFF,0xBC,0x2C,0xFF,0xBC,0x2C,0xFF,0xBC,0x2C,0xFF,
    0xBC,0x2C,0xFF,0xBC,0x2C,0xFF,0xBC,0x2C,0xFF,0xBC,0x2C,0xFF,0xBC,0x2C,0xFF,0xBC,0x2C,0xFF,
    0xBC,0x2C,0xFF,0xBC,0x2C,0xFF,0xBC,0x2C,0xFF,0xBC,0x2C,0xFF,0xBC,0x2C,0xFF,0xBC,0x2C,0xFF,
    0xBC,0x2C,0xFF,0xBC,0x2C,0xFF,0x4A,0x32,0xFF,0x4A,0x32,0xFF,0x4A,0x32,0xFF,0x4A,0x32,0xFF,
    0x4A,0x32,0xFF,0x4A,0x32,0xFF,0x4A,0x32,0xFF,0x4A,0x32,0xFF,0x4A,0x32,0xFF,0x4A,0x32,0xFF,
    0x4A,0x32,0xFF,0x4A,0x32,0xFF,0x4A,0x32,0xFF,0x4A,0x32,0xFF,0x4A,0x32,0xFF,0x4A,0x32,0xFF,
    0x4A,0x32,0xFF,0x4A,0x32,0xFF,0x4A,0x32,0xFF,0x4A,0x32,0xFF,0x4A,0x32,0xFF,0x4A,0x32,0xFF,
    0x4A,0x32,0xFF,0x4A,0x32,0xFF,0x4A,0x32,0xFF,0x4A,0x32,0xFF,0x00,0x00,0x00,0x00,0x00,0x00,
    0x00,0x00,0x00,0x00,0x00,0x00,0x00,0x00,0x00,0x00,0x00,0x00,0x00,0x00,0x00,0x00,0x00,0x00,
    0x00,0x00,0x00,0x00,0x00,0x00,0x00,0x00,0x00,0x00,0x00,0x00,0x00,0x00,0x00,0x00,0x00,0x00,
    0x00,0x00,0x00,0x00,0x00,0x00,0x00,0x00,0x00,0x00,0x00,0x00,0x00,0x00,0x00,0x00,0x00,0x00,
    0x00,0x00,0x00,0x00,0x00,0x00,0x00,0x00,0x00,0x00,0x00,0x00,0x00,0x00,0x00,0x00,0x00,0x00,
    0x00,0x00,0x00,0x00,0x00,0x00,0x00,0x00,0x00,0x00,0x00,0x00,0x00,0x00,0x00,0x00,0x00,0x00,
    0x00,0x00,0x00,0x00,0x00,0x00,0x00,0x00,0x00,0x00,0x00,0x00,0x00,0x00,0x00,0x00,0x00,0x00,
    0x00,0x00,0x00,0x00,0x00,0x00,0x00,0x00,0x00,0x00,0x00,0x00,0x00,0x00,0x00,0x00,0x00,0x00,
    0xBC,0x2C,0xFF,0xBC,0x2C,0xFF,0xBC,0x2C,0xFF,0xBC,0x2C,0xFF,0xBC,0x2C,0xFF,0xBC,0x2C,0xFF,
    0xBC,0x2C,0xFF,0xBC,0x2C,0xFF,0xBC,0x2C,0xFF,0xBC,0x2C,0xFF,0xBC,0x2C,0xFF,0xBC,0x2C,0xFF,
    0xBC,0x2C,0xFF,0xBC,0x2C,0xFF,0xBC,0x2C,0xFF,0xBC,0x2C,0xFF,0xBC,0x2C,0xFF,0xBC,0x2C,0xFF,
    0xBC,0x2C,0xFF,0xBC,0x2C,0xFF,0xBC,0x2C,0xFF,0xBC,0x2C,0xFF,0xBC,0x2C,0xFF,0xBC,0x2C,0xFF,
    0xBC,0x2C,0xFF,0xBC,0x2C,0xFF,0x4A,0x32,0xFF,0x4A,0x32,0xFF,0x4A,0x32,0xFF,0x4A,0x32,0xFF,
    0x4A,0x32,0xFF,0x4A,0x32,0xFF,0x4A,0x32,0xFF,0x4A,0x32,0xFF,0x4A,0x32,0xFF,0x4A,0x32,0xFF,
    0x4A,0x32,0xFF,0x4A,0x32,0xFF,0x4A,0x32,0xFF,0x4A,0x32,0xFF,0x4A,0x32,0xFF,0x4A,0x32,0xFF,
    0x4A,0x32,0xFF,0x4A,0x32,0xFF,0x4A,0x32,0xFF,0x4A,0x32,0xFF,0x4A,0x32,0xFF,0x4A,0x32,0xFF,
    0x4A,0x32,0xFF,0x4A,0x32,0xFF,0x4A,0x32,0xFF,0x4A,0x32,0xFF,0x00,0x00,0x00,0x00,0x00,0x00,
    0x00,0x00,0x00,0x00,0x00,0x00,0x00,0x00,0x00,0x00,0x00,0x00,0x00,0x00,0x00,0x00,0x00,0x00,
    0x00,0x00,0x00,0x00,0x00,0x00,0x00,0x00,0x00,0x00,0x00,0x00,0x00,0x00,0x00,0x00,0x00,0x00,
    0x00,0x00,0x00,0x00,0x00,0x00,0x00,0x00,0x00,0x00,0x00,0x00,0x00,0x00,0x00,0x00,0x00,0x00,
    0x00,0x00,0x00,0x00,0x00,0x00,0x00,0x00,0x00,0x00,0x00,0x00,0x00,0x00,0x00,0x00,0x00,0x00,
    0x00,0x00,0x00,0x00,0x00,0x00,0x00,0x00,0x00,0x00,0x00,0x00,0x00,0x00,0x00,0x00,0x00,0x00,
    0x00,0x00,0x00,0x00,0x00,0x00,0x00,0x00,0x00,0x00,0x00,0x00,0x00,0x00,0x00,0x00,0x00,0x00,
    0x00,0x00,0x00,0x00,0x00,0x00,0x00,0x00,0x00,0x00,0x00,0x00,0x00,0x00,0x00,0x00,0x00,0x00,
    0xBC,0x2C,0xFF,0xBC,0x2C,0xFF,0xBC,0x2C,0xFF,0xBC,0x2C,0xFF,0xBC,0x2C,0xFF,0xBC,0x2C,0xFF,
    0xBC,0x2C,0xFF,0xBC,0x2C,0xFF,0xBC,0x2C,0xFF,0xBC,0x2C,0xFF,0xBC,0x2C,0xFF,0xBC,0x2C,0xFF,
    0xBC,0x2C,0xFF,0xBC,0x2C,0xFF,0xBC,0x2C,0xFF,0xBC,0x2C,0xFF,0xBC,0x2C,0xFF,0xBC,0x2C,0xFF,
    0xBC,0x2C,0xFF,0xBC,0x2C,0xFF,0xBC,0x2C,0xFF,0xBC,0x2C,0xFF,0xBC,0x2C,0xFF,0xBC,0x2C,0xFF,
    0xBC,0x2C,0xFF,0xBC,0x2C,0xFF,0x4A,0x32,0xFF,0x4A,0x32,0xFF,0x4A,0x32,0xFF,0x4A,0x32,0xFF,
    0x4A,0x32,0xFF,0x4A,0x32,0xFF,0x4A,0x32,0xFF,0x4A,0x32,0xFF,0x4A,0x32,0xFF,0x4A,0x32,0xFF,
    0x4A,0x32,0xFF,0x4A,0x32,0xFF,0x4A,0x32,0xFF,0x4A,0x32,0xFF,0x4A,0x32,0xFF,0x4A,0x32,0xFF,
    0x4A,0x32,0xFF,0x4A,0x32,0xFF,0x4A,0x32,0xFF,0x4A,0x32,0xFF,0x4A,0x32,0xFF,0x4A,0x32,0xFF,
    0x4A,0x32,0xFF,0x4A,0x32,0xFF,0x4A,0x32,0xFF,0x4A,0x32,0xFF,0x00,0x00,0x00,0x00,0x00,0x00,
    0x00,0x00,0x00,0x00,0x00,0x00,0x00,0x00,0x00,0x00,0x00,0x00,0x00,0x00,0x00,0x00,0x00,0x00,
    0x00,0x00,0x00,0x00,0x00,0x00,0x00,0x00,0x00,0x00,0x00,0x00,0x00,0x00,0x00,0x00,0x00,0x00,
    0x00,0x00,0x00,0x00,0x00,0x00,0x00,0x00,0x00,0x00,0x00,0x00,0x00,0x00,0x00,0x00,0x00,0x00,
    0x00,0x00,0x00,0x00,0x00,0x00,0x00,0x00,0x00,0x00,0x00,0x00,0x00,0x00,0x00,0x00,0x00,0x00,
    0x00,0x00,0x00,0x00,0x00,0x00,0x00,0x00,0x00,0x00,0x00,0x00,0x00,0x00,0x00,0x00,0x00,0x00,
    0x00,0x00,0x00,0x00,0x00,0x00,0x00,0x00,0x00,0x00,0x00,0x00,0x00,0x00,0x00,0x00,0x00,0x00,
    0x00,0x00,0x00,0x00,0x00,0x00,0x00,0x00,0x00,0x00,0x00,0x00,0x00,0x00,0x00,0x00,0x00,0x00,
    0xBC,0x2C,0xFF,0xBC,0x2C,0xFF,0xBC,0x2C,0xFF,0xBC,0x2C,0xFF,0xBC,0x2C,0xFF,0xBC,0x2C,0xFF,
    0xBC,0x2C,0xFF,0xBC,0x2C,0xFF,0xBC,0x2C,0xFF,0xBC,0x2C,0xFF,0xBC,0x2C,0xFF,0xBC,0x2C,0xFF,
    0xBC,0x2C,0xFF,0xBC,0x2C,0xFF,0xBC,0x2C,0xFF,0xBC,0x2C,0xFF,0xBC,0x2C,0xFF,0xBC,0x2C,0xFF,
    0xBC,0x2C,0xFF,0xBC,0x2C,0xFF,0xBC,0x2C,0xFF,0xBC,0x2C,0xFF,0xBC,0x2C,0xFF,0xBC,0x2C,0xFF,
    0xBC,0x2C,0xFF,0xBC,0x2C,0xFF,0x00,0x00,0x00,0x00,0x00,0x00,0x00,0x00,0x00,0x00,0x00,0x00,
    0x00,0x00,0x00,0x00,0x00,0x00,0x00,0x00,0x00,0x00,0x00,0x00,0x00,0x00,0x00,0x00,0x00,0x00,
    0x00,0x00,0x00,0x00,0x00,0x00,0x00,0x00,0x00,0x00,0x00,0x00,0x00,0x00,0x00,0x00,0x00,0x00,
    0x00,0x00,0x00,0x00,0x00,0x00,0x00,0x00,0x00,0x00,0x00,0x00,0x00,0x00,0x00,0x00,0x00,0x00,
    0x00,0x00,0x00,0x00,0x00,0x00,0x00,0x00,0x00,0x00,0x00,0x00,0x00,0x00,0x00,0x00,0x00,0x00,
    0x00,0x00,0x00,0x00,0x00,0x00,0x00,0x00,0x00,0x00,0x00,0x00,0x00,0x00,0x00,0x00,0x00,0x00,
    0x00,0x00,0x00,0x00,0x00,0x00,0x00,0x00,0x00,0x00,0x00,0x00,0x00,0x00,0x00,0x00,0x00,0x00,
    0x00,0x00,0x00,0x00,0x00,0x00,0x00,0x00,0x00,0x00,0x00,0x00,0x00,0x00,0x00,0x00,0x00,0x00,
    0x00,0x00,0x00,0x00,0x00,0x00,0x00,0x00,0x00,0x00,0x00,0x00,0x00,0x00,0x00,0x00,0x00,0x00,
    0x00,0x00,0x00,0x00,0x00,0x00,0x00,0x00,0x00,0x00,0x00,0x00,0x00,0x00,0x00,0x00,0x00,0x00,
    0x00,0x00,0x00,0x00,0x00,0x00,0x00,0x00,0x00,0x00,0x00,0x00,0x00,0x00,0x00,0x00,0x00,0x00,
    0x00,0x00,0x00,0x00,0x00,0x00,0x00,0x00,0x00,0x00,0x00,0x00,0x00,0x00,0x00,0x00,0x00,0x00,
    0x00,0x00,0x00,0x00,0x00,0x00,0x00,0x00,0x00,0x00,0x00,0x00,0x00,0x00,0x00,0x00,0x00,0x00,
    0x00,0x00,0x00,0xBC,0x2C,0xFF,0xBC,0x2C,0xFF,0xBC,0x2C,0xFF,0xBC,0x2C,0xFF,0xBC,0x2C,0xFF,
    0xBC,0x2C,0xFF,0xBC,0x2C,0xFF,0xBC,0x2C,0xFF,0xBC,0x2C,0xFF,0xBC,0x2C,0xFF,0xBC,0x2C,0xFF,
    0xBC,0x2C,0xFF,0xBC,0x2C,0xFF,0xBC,0x2C,0xFF,0xBC,0x2C,0xFF,0xBC,0x2C,0xFF,0xBC,0x2C,0xFF,
    0xBC,0x2C,0xFF,0xBC,0x2C,0xFF,0x00,0x00,0x00,0x00,0x00,0x00,0x00,0x00,0x00,0x00,0x00,0x00,
    0x00,0x00,0x00,0x00,0x00,0x00,0x00,0x00,0x00,0x00,0x00,0x00,0x00,0x00,0x00,0x00,0x00,0x00,
    0x00,0x00,0x00,0x00,0x00,0x00,0x00,0x00,0x00,0x00,0x00,0x00,0x00,0x00,0x00,0x00,0x00,0x00,
    0x00,0x00,0x00,0x00,0x00,0x00,0x00,0x00,0x00,0x00,0x00,0x00,0x00,0x00,0x00,0x00,0x00,0x00,
    0x00,0x00,0x00,0x00,0x00,0x00,0x00,0x00,0x00,0x00,0x00,0x00,0x00,0x00,0x00,0x00,0x00,0x00,
    0x00,0x00,0x00,0x00,0x00,0x00,0x00,0x00,0x00,0x00,0x00,0x00,0x00,0x00,0x00,0x00,0x00,0x00,
    0x00,0x00,0x00,0x00,0x00,0x00,0x00,0x00,0x00,0x00,0x00,0x00,0x00,0x00,0x00,0x00,0x00,0x00,
    0x00,0x00,0x00,0x00,0x00,0x00,0x00,0x00,0x00,0x00,0x00,0x00,0x00,0x00,0x00,0x00,0x00,0x00,
    0x00,0x00,0x00,0x00,0x00,0x00,0x00,0x00,0x00,0x00,0x00,0x00,0x00,0x00,0x00,0x00,0x00,0x00,
    0x00,0x00,0x00,0x00,0x00,0x00,0x00,0x00,0x00,0x00,0x00,0x00,0x00,0x00,0x00,0x00,0x00,0x00,
    0x00,0x00,0x00,0x00,0x00,0x00,0x00,0x00,0x00,0x00,0x00,0x00,0x00,0x00,0x00,0x00,0x00,0x00,
    0x00,0x00,0x00,0x00,0x00,0x00,0x00,0x00,0x00,0x00,0x00,0x00,0x00,0x00,0x00,0x00,0x00,0x00,
    0x00,0x00,0x00,0x00,0x00,0x00,0x00,0x00,0x00,0x00,0x00,0x00,0x00,0x00,0x00,0x00,0x00,0x00,
    0x00,0x00,0x00,0x00,0x00,0x00,0x00,0x00,0x00,0x00,0x00,0x00,0x00,0x00,0x00,0x00,0x00,0x00,
    0x00,0x00,0x00,0xBC,0x2C,0xFF,0xBC,0x2C,0xFF,0xBC,0x2C,0xFF,0xBC,0x2C,0xFF,0xBC,0x2C,0xFF,
    0xBC,0x2C,0xFF,0xBC,0x2C,0xFF,0xBC,0x2C,0xFF,0xBC,0x2C,0xFF,0xBC,0x2C,0xFF,0xBC,0x2C,0xFF,
    0xBC,0x2C,0xFF,0xBC,0x2C,0xFF,0x00,0x00,0x00,0x00,0x00,0x00,0x00,0x00,0x00,0x00,0x00,0x00,
    0x00,0x00,0x00,0x00,0x00,0x00,0x00,0x00,0x00,0x00,0x00,0x00,0x00,0x00,0x00,0x00,0x00,0x00,
    0x00,0x00,0x00,0x00,0x00,0x00,0x00,0x00,0x00,0x00,0x00,0x00,0x00,0x00,0x00,0x00,0x00,0x00,
    0x00,0x00,0x00,0x00,0x00,0x00,0x00,0x00,0x00,0x00,0x00,0x00,0x00,0x00,0x00,0x00,0x00,0x00,
    0x00,0x00,0x00,0x00,0x00,0x00,0x00,0x00,0x00,0x00,0x00,0x00,0x00,0x00,0x00,0x00,0x00,0x00,
    0x00,0x00,0x00,0x00,0x00,0x00,0x00,0x00,0x00,0x00,0x00,0x00,0x00,0x00,0x00,0x00,0x00,0x00,
    0x00,0x00,0x00,0x00,0x00,0x00,0x00,0x00,0x00,0x00,0x00,0x00,0x00,0x00,0x00,0x00,0x00,0x00,
    0x00,0x00,0x00,0x00,0x00,0x00,0x00,0x00,0x00,0x00,0x00,0x00,0x00,0x00,0x00,0x00,0x00,0x00,
    0x00,0x00,0x00,0x00,0x00,0x00,0x00,0x00,0x00,0x00,0x00,0x00,0x00,0x00,0x00,0x00,0x00,0x00,
    0x00,0x00,0x00,0x00,0x00,0x00,0x00,0x00,0x00,0x00,0x00,0x00,0x00,0x00,0x00,0x00,0x00,0x00,
    0x00,0x00,0x00,0x00,0x00,0x00,0x00,0x00,0x00,0x00,0x00,0x00,0x00,0x00,0x00,0x00,0x00,0x00,
    0x00,0x00,0x00,0x00,0x00,0x00,0x00,0x00,0x00,0x00,0x00,0x00,0x00,0x00,0x00,0x00,0x00,0x00,
    0x00,0x00,0x00,0x00,0x00,0x00,0x00,0x00,0x00,0x00,0x00,0x00,0x00,0x00,0x00,0x00,0x00,0x00,
    0x00,0x00,0x00,0x00,0x00,0x00,0x00,0x00,0x00,0x00,0x00,0x00,0x00,0x00,0x00,0x00,0x00,0x00,
    0x00,0x00,0x00,0x00,0x00,0x00,0x00,0x00,0x00,0x00,0x00,0x00,0x00,0x00,0x00,0x00,0x00,0x00,
    0x00,0x00,0x00,0x00,0x00,0x00,0xBC,0x2C,0xFF,0xBC,0x2C,0xFF,0xBC,0x2C,0xFF,0xBC,0x2C,0xFF,
    0xBC,0x2C,0xFF,0xBC,0x2C,0xFF,0x00,0x00,0x00,0x00,0x00,0x00,0x00,0x00,0x00,0x00,0x00,0x00,
    0x00,0x00,0x00,0x00,0x00,0x00,0x00,0x00,0x00,0x00,0x00,0x00,0x00,0x00,0x00,0x00,0x00,0x00,
    0x00,0x00,0x00,0x00,0x00,0x00,0x00,0x00,0x00,0x00,0x00,0x00,0x00,0x00,0x00,0x00,0x00,0x00,
    0x00,0x00,0x00,0x00,0x00,0x00,0x00,0x00,0x00,0x00,0x00,0x00,0x00,0x00,0x00,0x00,0x00,0x00,
    0x00,0x00,0x00,0x00,0x00,0x00,0x00,0x00,0x00,0x00,0x00,0x00,0x00,0x00,0x00,0x00,0x00,0x00,
    0x00,0x00,0x00,0x00,0x00,0x00,0x00,0x00,0x00,0x00,0x00,0x00,0x00,0x00,0x00,0x00,0x00,0x00,
    0x00,0x00,0x00,0x00,0x00,0x00,0x00,0x00,0x00,0x00,0x00,0x00,0x00,0x00,0x00,0x00,0x00,0x00,
    0x00,0x00,0x00,0x00,0x00,0x00,0x00,0x00,0x00,0x00,0x00,0x00,0x00,0x00,0x00,0x00,0x00,0x00,
    0x00,0x00,0x00,0x00,0x00,0x00,0x00,0x00,0x00,0x00,0x00,0x00,0x00,0x00,0x00,0x00,0x00,0x00,
    0x00,0x00,0x00,0x00,0x00,0x00,0x00,0x00,0x00,0x00,0x00,0x00,0x00,0x00,0x00,0x00,0x00,0x00,
    0x00,0x00,0x00,0x00,0x00,0x00,0x00,0x00,0x00,0x00,0x00,0x00,0x00,0x00,0x00,0x00,0x00,0x00,
    0x00,0x00,0x00,0x00,0x00,0x00,0x00,0x00,0x00,0x00,0x00,0x00,0x00,0x00,0x00,0x00,0x00,0x00,
    0x00,0x00,0x00,0x00,0x00,0x00,0x00,0x00,0x00,0x00,0x00,0x00,0x00,0x00,0x00,0x00,0x00,0x00,
    0x00,0x00,0x00,0x00,0x00,0x00,0x00,0x00,0x00,0x00,0x00,0x00,0x00,0x00,0x00,0x00,0x00,0x00,
    0x00,0x00,0x00,0x00,0x00,0x00,0x00,0x00,0x00,0x00,0x00,0x00,0x00,0x00,0x00,0x00,0x00,0x00,
    0x00,0x00,0x00,0x00,0x00,0x00,0x00,0x00,0x00,0x00,0x00,0x00,0x00,0x00,0x00,0x00,0x00,0x00,
    0x00,0x00,0x00,0x00,0x00,0x00,0x00,0x00,0x00,0x00,0x00,0x00,0x00,0x00,0x00,0x00,0x00,0x00,
    0x00,0x00,0x00,0x00,0x00,0x00,0x00,0x00,0x00,0x00,0x00,0x00,0x00,0x00,0x00,0x00,0x00,0x00,
    0x00,0x00,0x00,0x00,0x00,0x00,0x00,0x00,0x00,0x00,0x00,0x00,0x00,0x00,0x00,0x00,0x00,0x00,
    0x00,0x00,0x00,0x00,0x00,0x00,0x00,0x00,0x00,0x00,0x00,0x00,0x00,0x00,0x00,0x00,0x00,0x00,
    0x00,0x00,0x00,0x00,0x00,0x00,0x00,0x00,0x00,0x00,0x00,0x00,0x00,0x00,0x00,0x00,0x00,0x00,
    0x00,0x00,0x00,0x00,0x00,0x00,0x00,0x00,0x00,0x00,0x00,0x00,0x00,0x00,0x00,0x00,0x00,0x00,
    0x00,0x00,0x00,0x00,0x00,0x00,0x00,0x00,0x00,0x00,0x00,0x00,0x00,0x00,0x00,0x00,0x00,0x00,
    0x00,0x00,0x00,0x00,0x00,0x00,0x00,0x00,0x00,0x00,0x00,0x00,0x00,0x00,0x00,0x00,0x00,0x00,
    0x00,0x00,0x00,0x00,0x00,0x00,0x00,0x00,0x00,0x00,0x00,0x00,0x00,0x00,0x00,0x00,0x00,0x00,
    0x00,0x00,0x00,0x00,0x00,0x00,0x00,0x00,0x00,0x00,0x00,0x00,0x00,0x00,0x00,0x00,0x00,0x00,
    0x00,0x00,0x00,0x00,0x00,0x00,0x00,0x00,0x00,0x00,0x00,0x00,0x00,0x00,0x00,0x00,0x00,0x00,
    0x00,0x00,0x00,0x00,0x00,0x00,0x00,0x00,0x00,0x00,0x00,0x00,0x00,0x00,0x00,0x00,0x00,0x00,
    0x00,0x00,0x00,0x00,0x00,0x00,0x00,0x00,0x00,0x00,0x00,0x00,0x00,0x00,0x00,0x00,0x00,0x00,
    0x00,0x00,0x00,0x00,0x00,0x00,0x00,0x00,0x00,0x00,0x00,0x00,0x00,0x00,0x00,0x00,0x00,0x00,
    0x00,0x00,0x00,0x00,0x00,0x00,0x00,0x00,0x00,0x00,0x00,0x00,0x00,0x00,0x00,0x00,0x00,0x00,
    0x00,0x00,0x00,0x00,0x00,0x00,0x00,0x00,0x00,0x00,0x00,0x00,0x00,0x00,0x00,0x00,0x00,0x00,
    0x00,0x00,0x00,0x00,0x00,0x00,0x00,0x00,0x00,0x00,0x00,0x00,0x00,0x00,0x00,0x00,0x00,0x00,
    0x00,0x00,0x00,0x00,0x00,0x00,0x00,0x00,0x00,0x00,0x00,0x00,0x00,0x00,0x00,0x00,0x00,0x00,
    0x00,0x00,0x00,0x00,0x00,0x00,0x00,0x00,0x00,0x00,0x00,0x00,0x00,0x00,0x00,0x00,0x00,0x00,
    0x00,0x00,0x00,0x00,0x00,0x00,0x00,0x00,0x00,0x00,0x00,0x00,0x00,0x00,0x00,0x00,0x00,0x00,
    0x00,0x00,0x00,0x00,0x00,0x00,0x00,0x00,0x00,0x00,0x00,0x00,0x00,0x00,0x00,0x00,0x00,0x00,
    0x00,0x00,0x00,0x00,0x00,0x00,0x00,0x00,0x00,0x00,0x00,0x00,0x00,0x00,0x00,0x00,0x00,0x00,
    0x00,0x00,0x00,0x00,0x00,0x00,0x00,0x00,0x00,0x00,0x00,0x00,0x00,0x00,0x00,0x00,0x00,0x00,
    0x00,0x00,0x00,0x00,0x00,0x00,0x00,0x00,0x00,0x00,0x00,0x00,0x00,0x00,0x00,0x00,0x00,0x00,
    0x00,0x00,0x00,0x00,0x00,0x00,0x00,0x00,0x00,0x00,0x00,0x00,0x00,0x00,0x00,0x00,0x00,0x00,
    0x00,0x00,0x00,0x00,0x00,0x00,0x00,0x00,0x00,0x00,0x00,0x00,0x00,0x00,0x00,0x00,0x00,0x00,
    0x00,0x00,0x00,0x00,0x00,0x00,0x00,0x00,0x00,0x00,0x00,0x00,0x00,0x00,0x00,0x00,0x00,0x00,
    0x00,0x00,0x00,0x00,0x00,0x00,0x00,0x00,0x00,0x00,0x00,0x00,0x00,0x00,0x00,0x00,0x00,0x00,
    0x00,0x00,0x00,0x00,0x00,0x00,0x00,0x00,0x00,0x00,0x00,0x00,0x00,0x00,0x00,0x00,0x00,0x00,
    0x00,0x00,0x00,0x00,0x00,0x00,0x00,0x00,0x00,0x00,0x00,0x00,0x00,0x00,0x00,0x00,0x00,0x00,
    0x00,0x00,0x00,0x00,0x00,0x00,0x00,0x00,0x00,0x00,0x00,0x00,0x00,0x00,0x00,0x00,0x00,0x00,
    0x00,0x00,0x00,0x00,0x00,0x00,0x00,0x00,0x00,0x00,0x00,0x00,0x00,0x00,0x00,0x00,0x00,0x00,
    0x00,0x00,0x00,0x00,0x00,0x00,0x00,0x00,0x00,0x00,0x00,0x00,0x00,0x00,0x00,0x00,0x00,0x00,
    0x00,0x00,0x00,0x00,0x00,0x00,0x00,0x00,0x00,0x00,0x00,0x00,0x00,0x00,0x00,0x00,0x00,0x00,
    0x00,0x00,0x00,0x00,0x00,0x00,0x00,0x00,0x00,0x00,0x00,0x00,0x00,0x00,0x00,0x00,0x00,0x00,
    0x00,0x00,0x00,0x00,0x00,0x00,0x00,0x00,0x00,0x00,0x00,0x00,0x00,0x00,0x00,0x00,0x00,0x00,
    0x00,0x00,0x00,0x00,0x00,0x00,0x00,0x00,0x00,0x00,0x00,0x00,0x00,0x00,0x00,0x00,0x00,0x00,
    0x00,0x00,0x00,0x00,0x00,0x00,0x00,0x00,0x00,0x00,0x00,0x00,0x00,0x00,0x00,0x00,0x00,0x00,
    0x00,0x00,0x00,0x00,0x00,0x00,0x00,0x00,0x00,0x00,0x00,0x00,0x00,0x00,0x00,0x00,0x00,0x00,
    0x00,0x00,0x00,0x00,0x00,0x00,0x00,0x00,0x00,0x00,0x00,0x00,0x00,0x00,0x00,0x00,0x00,0x00,
    0x00,0x00,0x00,0x00,0x00,0x00,0x00,0x00,0x00,0x00,0x00,0x00,0x00,0x00,0x00,0x00,0x00,0x00,
    0x00,0x00,0x00,0x00,0x00,0x00,0x00,0x00,0x00,0x00,0x00,0x00,0x00,0x00,0x00,0x00,0x00,0x00,
    0x00,0x00,0x00,0x00,0x00,0x00,0x00,0x00,0x00,0x00,0x00,0x00,0x00,0x00,0x00,0x00,0x00,0x00,
    0x00,0x00,0x00,0x00,0x00,0x00,0x00,0x00,0x00,0x00,0x00,0x00,0x00,0x00,0x00,0x00,0x00,0x00,
    0x00,0x00,0x00,0x00,0x00,0x00,0x00,0x00,0x00,0x00,0x00,0x00,0x00,0x00,0x00,0x00,0x00,0x00,
    0x00,0x00,0x00,0x00,0x00,0x00,0x00,0x00,0x00,0x00,0x00,0x00,0x00,0x00,0x00,0x00,0x00,0x00,
    0x00,0x00,0x00,0x00,0x00,0x00,0x00,0x00,0x00,0x00,0x00,0x00,0x00,0x00,0x00,0x00,0x00,0x00,
    0x00,0x00,0x00,0x00,0x00,0x00,0x00,0x00,0x00,0x00,0x00,0x00,0x00,0x00,0x00,0x00,0x00,0x00,
    0x00,0x00,0x00,0x00,0x00,0x00,0x00,0x00,0x00,0x00,0x00,0x00,0x00,0x00,0x00,0x00,0x00,0x00,
    0x00,0x00,0x00,0x00,0x00,0x00,0x00,0x00,0x00,0x00,0x00,0x00,0x00,0x00,0x00,0x00,0x00,0x00,
    0x00,0x00,0x00,0x00,0x00,0x00,0x00,0x00,0x00,0x00,0x00,0x00,0x00,0x00,0x00,0x00,0x00,0x00,
    0x00,0x00,0x00,0x00,0x00,0x00,0x00,0x00,0x00,0x00,0x00,0x00,0x00,0x00,0x00,0x00,0x00,0x00,
    0x00,0x00,0x00,0x00,0x00,0x00,0x00,0x00,0x00,0x00,0x00,0x00,0x00,0x00,0x00,0x00,0x00,0x00,
    0x00,0x00,0x00,0x00,0x00,0x00,0x00,0x00,0x00,0x00,0x00,0x00,0x00,0x00,0x00,0x00,0x00,0x00,
    0x00,0x00,0x00,0x00,0x00,0x00,0x00,0x00,0x00,0x00,0x00,0x00,0x00,0x00,0x00,0x00,0x00,0x00,
    0x00,0x00,0x00,0x00,0x00,0x00,0x00,0x00,0x00,0x00,0x00,0x00,0x00,0x00,0x00,0x00,0x00,0x00,
    0x00,0x00,0x00,0x00,0x00,0x00,0x00,0x00,0x00,0x00,0x00,0x00,0x00,0x00,0x00,0x00,0x00,0x00,
    0x00,0x00,0x00,0x00,0x00,0x00,0x00,0x00,0x00,0x00,0x00,0x00,0x00,0x00,0x00,0x00,0x00,0x00,
    0x00,0x00,0x00,0x00,0x00,0x00,0x00,0x00,0x00,0x00,0x00,0x00,0x00,0x00,0x00,0x00,0x00,0x00,
    0x00,0x00,0x00,0x00,0x00,0x00,0x00,0x00,0x00,0x00,0x00,0x00,0x00,0x00,0x00,0x00,0x00,0x00,
    0x00,0x00,0x00,0x00,0x00,0x00,0x00,0x00,0x00,0x00,0x00,0x00,0x00,0x00,0x00,0x00,0x00,0x00,
    0x00,0x00,0x00,0x00,0x00,0x00,0x00,0x00,0x00,0x00,0x00,0x00,0x00,0x00,0x00,0x00,0x00,0x00,
    0x00,0x00,0x00,0x00,0x00,0x00,0x00,0x00,0x00,0x00,0x00,0x00,0x00,0x00,0x00,0x00,0x00,0x00,
    0x00,0x00,0x00,0x00,0x00,0x00,0x00,0x00,0x00,0x00,0x00,0x00,0x00,0x00,0x00,0x00,0x00,0x00,
    0x00,0x00,0x00,0x00,0x00,0x00,0x00,0x00,0x00,0x00,0x00,0x00,0x00,0x00,0x00,0x00,0x00,0x00,
    0x00,0x00,0x00,0x00,0x00,0x00,0x00,0x00,0x00,0x00,0x00,0x00,0x00,0x00,0x00,0x00,0x00,0x00,
    0x00,0x00,0x00,0x00,0x00,0x00,0x00,0x00,0x00,0x00,0x00,0x00,0x00,0x00,0x00,0x00,0x00,0x00,
    0x00,0x00,0x00,0x00,0x00,0x00,0x00,0x00,0x00,0x00,0x00,0x00,0x00,0x00,0x00,0x00,0x00,0x00,
    0x00,0x00,0x00,0x00,0x00,0x00,0x00,0x00,0x00,0x00,0x00,0x00,0x00,0x00,0x00,0x00,0x00,0x00,
    0x00,0x00,0x00,0x00,0x00,0x00,0x00,0x00,0x00,0x00,0x00,0x00,0x00,0x00,0x00,0x00,0x00,0x00,
    0x00,0x00,0x00,0x00,0x00,0x00,0x00,0x00,0x00,0x00,0x00,0x00,0x00,0x00,0x00,0x00,0x00,0x00,
    0x00,0x00,0x00,0x00,0x00,0x00,0x00,0x00,0x00,0x00,0x00,0x00,0x00,0x00,0x00,0x00,0x00,0x00,
    0x00,0x00,0x00,0x00,0x00,0x00,0x00,0x00,0x00,0x00,0x00,0x00,0x00,0x00,0x00,0x00,0x00,0x00,
    0x00,0x00,0x00,0x00,0x00,0x00,0x00,0x00,0x00,0x00,0x00,0x00,0x00,0x00,0x00,0x00,0x00,0x00,
    0x00,0x00,0x00,0x00,0x00,0x00,0x00,0x00,0x00,0x00,0x00,0x00,0x00,0x00,0x00,0x00,0x00,0x00,
    0x00,0x00,0x00,0x00,0x00,0x00,0x00,0x00,0x00,0x00,0x00,0x00,0x00,0x00,0x00,0x00,0x00,0x00,
    0x00,0x00,0x00,0x00,0x00,0x00,0x00,0x00,0x00,0x00,0x00,0x00,0x00,0x00,0x00,0x00,0x00,0x00,
    0x00,0x00,0x00,0x00,0x00,0x00,0x00,0x00,0x00,0x00,0x00,0x00,0x00,0x00,0x00,0x00,0x00,0x00,
    0x00,0x00,0x00,0x00,0x00,0x00,0x00,0x00,0x00,0x00,0x00,0x00,0x00,0x00,0x00,0x00,0x00,0x00,
    0x00,0x00,0x00,0x00,0x00,0x00,0x00,0x00,0x00,0x00,0x00,0x00,0x00,0x00,0x00,0x00,0x00,0x00,
    0x00,0x00,0x00,0x00,0x00,0x00,0x00,0x00,0x00,0x00,0x00,0x00,0x00,0x00,0x00,0x00,0x00,0x00,
    0x00,0x00,0x00,0x00,0x00,0x00,0x00,0x00,0x00,0x00,0x00,0x00,0x00,0x00,0x00,0x00,0x00,0x00,
    0x00,0x00,0x00,0x00,0x00,0x00,0x00,0x00,0x00,0x00,0x00,0x00,0x00,0x00,0x00,0x00,0x00,0x00,
    0x00,0x00,0x00,0x00,0x00,0x00,0x00,0x00,0x00,0x00,0x00,0x00,0x00,0x00,0x00,0x00,0x00,0x00,
    0x00,0x00,0x00,0x00,0x00,0x00,0x00,0x00,0x00,0x00,0x00,0x00,0x00,0x00,0x00,0x00,0x00,0x00,
    0x00,0x00,0x00,0x00,0x00,0x00,0x00,0x00,0x00,0x00,0x00,0x00,0x00,0x00,0x00,0x00,0x00,0x00,
    0x00,0x00,0x00,0x00,0x00,0x00,0x00,0x00,0x00,0x00,0x00,0x00,0x00,0x00,0x00,0x00,0x00,0x00,
    0x00,0x00,0x00,0x00,0x00,0x00,0x00,0x00,0x00,0x00,0x00,0x00,0x00,0x00,0x00,0x00,0x00,0x00,
    0x00,0x00,0x00,0x00,0x00,0x00,0x00,0x00,0x00,0x00,0x00,0x00,0x00,0x00,0x00,0x00,0x00,0x00,
    0x00,0x00,0x00,0x00,0x00,0x00,0x00,0x00,0x00,0x00,0x00,0x00,0x00,0x00,0x00,0x00,0x00,0x00,
    0x00,0x00,0x00,0x00,0x00,0x00,0x00,0x00,0x00,0x00,0x00,0x00,0x00,0x00,0x00,0x00,0x00,0x00,
    0x00,0x00,0x00,0x00,0x00,0x00,0x00,0x00,0x00,0x00,0x00,0x00,0x00,0x00,0x00,0x00,0x00,0x00,
    0x00,0x00,0x00,0x00,0x00,0x00,0x00,0x00,0x00,0x00,0x00,0x00,0x00,0x00,0x00,0x00,0x00,0x00,
    0x00,0x00,0x00,0x00,0x00,0x00,0x00,0x00,0x00,0x00,0x00,0x00,0x00,0x00,0x00,0x00,0x00,0x00,
    0x00,0x00,0x00,0x00,0x00,0x00,0x00,0x00,0x00,0x00,0x00,0x00,0x00,0x00,0x00,0x00,0x00,0x00,
    0x00,0x00,0x00,0x00,0x00,0x00,0x00,0x00,0x00,0x00,0x00,0x00,0x00,0x00,0x00,0x00,0x00,0x00,
    0x00,0x00,0x00,0x00,0x00,0x00,0x00,0x00,0x00,0x00,0x00,0x00,0x00,0x00,0x00,0x00,0x00,0x00,
    0x00,0x00,0x00,0x00,0x00,0x00,0x00,0x00,0x00,0x00,0x00,0x00,0x00,0x00,0x00,0x00,0x00,0x00,
    0x00,0x00,0x00,0x00,0x00,0x00,0x00,0x00,0x00,0x00,0x00,0x00,0x00,0x00,0x00,0x00,0x00,0x00,
    0x00,0x00,0x00,0x00,0x00,0x00,0x00,0x00,0x00,0x00,0x00,0x00,0x00,0x00,0x00,0x00,0x00,0x00,
    0x00,0x00,0x00,0x00,0x00,0x00,0x00,0x00,0x00,0x00,0x00,0x00,0x00,0x00,0x00,0x00,0x00,0x00,
    0x00,0x00,0x00,0x00,0x00,0x00,0x00,0x00,0x00,0x00,0x00,0x00,0x00,0x00,0x00,0x00,0x00,0x00,
    0x00,0x00,0x00,0x00,0x00,0x00,0x00,0x00,0x00,0x00,0x00,0x00,0x00,0x00,0x00,0x00,0x00,0x00,
    0x00,0x00,0x00,0x00,0x00,0x00,0x00,0x00,0x00,0x00,0x00,0x00,0x00,0x00,0x00,0x00,0x00,0x00,
    0x00,0x00,0x00,0x00,0x00,0x00,0x00,0x00,0x00,0x00,0x00,0x00,0x00,0x00,0x00,0x00,0x00,0x00,
    0x00,0x00,0x00,0x00,0x00,0x00,0x00,0x00,0x00,0x00,0x00,0x00,0x00,0x00,0x00,0x00,0x00,0x00,
    0x00,0x00,0x00,0x00,0x00,0x00,0x00,0x00,0x00,0x00,0x00,0x00,0x00,0x00,0x00,0x00,0x00,0x00,
    0x00,0x00,0x00,0x00,0x00,0x00,0x00,0x00,0x00,0x00,0x00,0x00,0x00,0x00,0x00,0x00,0x00,0x00,
    0x00,0x00,0x00,0x00,0x00,0x00,0x00,0x00,0x00,0x00,0x00,0x00,0x00,0x00,0x00,0x00,0x00,0x00,
    0x00,0x00,0x00,0x00,0x00,0x00,0x00,0x00,0x00,0x00,0x00,0x00,0x00,0x00,0x00,0x00,0x00,0x00,
    0x00,0x00,0x00,0x00,0x00,0x00,0x00,0x00,0x00,0x00,0x00,0x00,0x00,0x00,0x00,0x00,0x00,0x00,
    0x00,0x00,0x00,0x00,0x00,0x00,0x00,0x00,0x00,0x00,0x00,0x00,0x00,0x00,0x00,0x00,0x00,0x00,
    0x00,0x00,0x00,0x00,0x00,0x00,0x00,0x00,0x00,0x00,0x00,0x00,0x00,0x00,0x00,0x00,0x00,0x00,
    0x00,0x00,0x00,0x00,0x00,0x00,0x00,0x00,0x00,0x00,0x00,0x00,0x00,0x00,0x00,0x00,0x00,0x00,
    0x00,0x00,0x00,0x00,0x00,0x00,0x00,0x00,0x00,0x00,0x00,0x00,0x00,0x00,0x00,0x00,0x00,0x00,
    0x00,0x00,0x00,0x00,0x00,0x00,0x00,0x00,0x00,0x00,0x00,0x00,0x00,0x00,0x00,0x00,0x00,0x00,
    0x00,0x00,0x00,0x00,0x00,0x00,0x00,0x00,0x00,0x00,0x00,0x00,0x00,0x00,0x00,0x00,0x00,0x00,
    0x00,0x00,0x00,0x00,0x00,0x00,0x00,0x00,0x00,0x00,0x00,0x00,0x00,0x00,0x00,0x00,0x00,0x00,
    0x00,0x00,0x00,0x00,0x00,0x00,0x00,0x00,0x00,0x00,0x00,0x00,0x00,0x00,0x00,0x00,0x00,0x00,
    0x00,0x00,0x00,0x00,0x00,0x00,0x00,0x00,0x00,0x00,0x00,0x00,0x00,0x00,0x00,0x00,0x00,0x00,
    0x00,0x00,0x00,0x00,0x00,0x00,0x00,0x00,0x00,0x00,0x00,0x00,0x00,0x00,0x00,0x00,0x00,0x00,
    0x00,0x00,0x00,0x00,0x00,0x00,0x00,0x00,0x00,0x00,0x00,0x00,0x00,0x00,0x00,0x00,0x00,0x00,
    0x00,0x00,0x00,0x00,0x00,0x00,0x00,0x00,0x00,0x00,0x00,0x00,0x00,0x00,0x00,0x00,0x00,0x00,
    0x00,0x00,0x00,0x00,0x00,0x00,0x00,0x00,0x00,0x00,0x00,0x00,0x00,0x00,0x00,0x00,0x00,0x00,
    0x00,0x00,0x00,0x00,0x00,0x00,0x00,0x00,0x00,0x00,0x00,0x00,0x00,0x00,0x00,0x00,0x00,0x00,
    0x00,0x00,0x00,0x00,0x00,0x00,0x00,0x00,0x00,0x00,0x00,0x00,0x00,0x00,0x00,0x00,0x00,0x00,
    0x00,0x00,0x00,0x00,0x00,0x00,0x00,0x00,0x00,0x00,0x00,0x00,0x00,0x00,0x00,0x00,0x00,0x00,
    0x00,0x00,0x00,0x00,0x00,0x00,0x00,0x00,0x00,0x00,0x00,0x00,0x00,0x00,0x00,0x00,0x00,0x00,
    0x00,0x00,0x00,0x00,0x00,0x00,0x00,0x00,0x00,0x00,0x00,0x00,0x00,0x00,0x00,0x00,0x00,0x00,
    0x00,0x00,0x00,0x00,0x00,0x00,0x00,0x00,0x00,0x00,0x00,0x00,0x00,0x00,0x00,0x00,0x00,0x00,
    0x00,0x00,0x00,0x00,0x00,0x00,0x00,0x00,0x00,0x00,0x00,0x00,0x00,0x00,0x00,0x00,0x00,0x00,
    0x00,0x00,0x00,0x00,0x00,0x00,0x00,0x00,0x00,0x00,0x00,0x00,0x00,0x00,0x00,0x00,0x00,0x00,
    0x00,0x00,0x00,0x00,0x00,0x00,0x00,0x00,0x00,0x00,0x00,0x00,0x00,0x00,0x00,0x00,0x00,0x00,
    0x00,0x00,0x00,0x00,0x00,0x00,0x00,0x00,0x00,0x00,0x00,0x00,0x00,0x00,0x00,0x00,0x00,0x00,
    0x00,0x00,0x00,0x00,0x00,0x00,0x00,0x00,0x00,0x00,0x00,0x00,0x00,0x00,0x00,0x00,0x00,0x00,
    0x00,0x00,0x00,0x00,0x00,0x00,0x00,0x00,0x00,0x00,0x00,0x00,0x00,0x00,0x00,0x00,0x00,0x00,
    0x00,0x00,0x00,0x00,0x00,0x00,0x00,0x00,0x00,0x00,0x00,0x00,0x00,0x00,0x00,0x00,0x00,0x00,
    0x00,0x00,0x00,0x00,0x00,0x00,0x00,0x00,0x00,0x00,0x00,0x00,0x00,0x00,0x00,0x00,0x00,0x00,
    0x00,0x00,0x00,0x00,0x00,0x00,0x00,0x00,0x00,0x00,0x00,0x00,0x00,0x00,0x00,0x00,0x00,0x00,
    0x00,0x00,0x00,0x00,0x00,0x00,0x00,0x00,0x00,0x00,0x00,0x00,0x00,0x00,0x00,0x00,0x00,0x00,
    0x00,0x00,0x00,0x00,0x00,0x00,0x00,0x00,0x00,0x00,0x00,0x00,0x00,0x00,0x00,0x00,0x00,0x00,
    0x00,0x00,0x00,0x00,0x00,0x00,0x00,0x00,0x00,0x00,0x00,0x00,0x00,0x00,0x00,0x00,0x00,0x00,
    0x00,0x00,0x00,0x00,0x00,0x00,0x00,0x00,0x00,0x00,0x00,0x00,0x00,0x00,0x00,0x00,0x00,0x00,
    0x00,0x00,0x00,0x00,0x00,0x00,0x00,0x00,0x00,0x00,0x00,0x00,0x00,0x00,0x00,0x00,0x00,0x00,
    0x00,0x00,0x00,0x00,0x00,0x00,0x00,0x00,0x00,0x00,0x00,0x00,0x00,0x00,0x00,0x00,0x00,0x00,
    0x00,0x00,0x00,0x00,0x00,0x00,0x00,0x00,0x00,0x00,0x00,0x00,0x00,0x00,0x00,0x00,0x00,0x00,
    0x00,0x00,0x00,0x00,0x00,0x00,0x00,0x00,0x00,0x00,0x00,0x00,0x00,0x00,0x00,0x00,0x00,0x00,
    0x00,0x00,0x00,0x00,0x00,0x00,0x00,0x00,0x00,0x00,0x00,0x00,0x00,0x00,0x00,0x00,0x00,0x00,
    0x00,0x00,0x00,0x00,0x00,0x00,0x00,0x00,0x00,0x00,0x00,0x00,0x00,0x00,0x00,0x00,0x00,0x00,
    0x00,0x00,0x00,0x00,0x00,0x00,0x00,0x00,0x00,0x00,0x00,0x00,0x00,0x00,0x00,0x00,0x00,0x00,
    0x00,0x00,0x00,0x00,0x00,0x00,0x00,0x00,0x00,0x00,0x00,0x00,0x00,0x00,0x00,0x00,0x00,0x00,
    0x00,0x00,0x00,0x00,0x00,0x00,0x00,0x00,0x00,0x00,0x00,0x00,0x00,0x00,0x00,0x00,0x00,0x00,
    0x00,0x00,0x00,0x00,0x00,0x00,0x00,0x00,0x00,0x00,0x00,0x00,0x00,0x00,0x00,0x00,0x00,0x00,
    0x00,0x00,0x00,0x00,0x00,0x00,0x00,0x00,0x00,0x00,0x00,0x00,0x00,0x00,0x00,0x00,0x00,0x00,
    0x00,0x00,0x00,0x00,0x00,0x00,0x00,0x00,0x00,0x00,0x00,0x00,0x00,0x00,0x00,0x00,0x00,0x00,
    0x00,0x00,0x00,0x00,0x00,0x00,0x00,0x00,0x00,0x00,0x00,0x00,0x00,0x00,0x00,0x00,0x00,0x00,
    0x00,0x00,0x00,0x00,0x00,0x00,0x00,0x00,0x00,0x00,0x00,0x00,0x00,0x00,0x00,0x00,0x00,0x00,
    0x00,0x00,0x00,0x00,0x00,0x00,0x00,0x00,0x00,0x00,0x00,0x00,0x00,0x00,0x00,0x00,0x00,0x00,
    0x00,0x00,0x00,0x00,0x00,0x00,0x00,0x00,0x00,0x00,0x00,0x00,0x00,0x00,0x00,0x00,0x00,0x00,
    0x00,0x00,0x00,0x00,0x00,0x00,0x00,0x00,0x00,0x00,0x00,0x00,0x00,0x00,0x00,0x00,0x00,0x00,
    0x00,0x00,0x00,0x00,0x00,0x00,0x00,0x00,0x00,0x00,0x00,0x00,0x00,0x00,0x00,0x00,0x00,0x00,
    0x00,0x00,0x00,0x00,0x00,0x00,0x00,0x00,0x00,0x00,0x00,0x00,0x00,0x00,0x00,0x00,0x00,0x00,
    0x00,0x00,0x00,0x00,0x00,0x00,0x00,0x00,0x00,0x00,0x00,0x00,0x00,0x00,0x00,0x00,0x00,0x00,
    0x00,0x00,0x00,0x00,0x00,0x00,0x00,0x00,0x00,0x00,0x00,0x00,0x00,0x00,0x00,0x00,0x00,0x00,
    0x00,0x00,0x00,0x00,0x00,0x00,0x00,0x00,0x00,0x00,0x00,0x00,0x00,0x00,0x00,0x00,0x00,0x00,
    0x00,0x00,0x00,0x00,0x00,0x00,0x00,0x00,0x00,0x00,0x00,0x00,0x00,0x00,0x00,0x00,0x00,0x00,
    0x00,0x00,0x00,0x00,0x00,0x00,0x00,0x00,0x00,0x00,0x00,0x00,0x00,0x00,0x00,0x00,0x00,0x00,
    0x00,0x00,0x00,0x00,0x00,0x00,0x00,0x00,0x00,0x00,0x00,0x00,0x00,0x00,0x00,0x00,0x00,0x00,
    0x00,0x00,0x00,0x00,0x00,0x00,0x00,0x00,0x00,0x00,0x00,0x00,0x00,0x00,0x00,0x00,0x00,0x00,
    0x00,0x00,0x00,0x00,0x00,0x00,0x00,0x00,0x00,0x00,0x00,0x00,0x00,0x00,0x00,0x00,0x00,0x00,
    0x00,0x00,0x00,0x00,0x00,0x00,0x00,0x00,0x00,0x00,0x00,0x00,0x00,0x00,0x00,0x00,0x00,0x00,
    0x00,0x00,0x00,0x00,0x00,0x00,0x00,0x00,0x00,0x00,0x00,0x00,0x00,0x00,0x00,0x00,0x00,0x00,
    0x00,0x00,0x00,0x00,0x00,0x00,0x00,0x00,0x00,0x00,0x00,0x00,0x00,0x00,0x00,0x00,0x00,0x00,
    0x00,0x00,0x00,0x00,0x00,0x00,0x00,0x00,0x00,0x00,0x00,0x00,0x00,0x00,0x00,0x00,0x00,0x00,
    0x00,0x00,0x00,0x00,0x00,0x00,0x00,0x00,0x00,0x00,0x00,0x00,0x00,0x00,0x00,0x00,0x00,0x00,
    0x00,0x00,0x00,0x00,0x00,0x00,0x00,0x00,0x00,0x00,0x00,0x00,0x00,0x00,0x00,0x00,0x00,0x00,
    0x00,0x00,0x00,0x00,0x00,0x00,0x00,0x00,0x00,0x00,0x00,0x00,0x00,0x00,0x00,0x00,0x00,0x00,
    0x00,0x00,0x00,0x00,0x00,0x00,0x00,0x00,0x00,0x00,0x00,0x00,0x00,0x00,0x00,0x00,0x00,0x00,
    0x00,0x00,0x00,0x00,0x00,0x00,0x00,0x00,0x00,0x00,0x00,0x00,0x00,0x00,0x00,0x00,0x00,0x00,
    0x00,0x00,0x00,0x00,0x00,0x00,0x00,0x00,0x00,0x00,0x00,0x00,0x00,0x00,0x00,0x00,0x00,0x00,
    0x00,0x00,0x00,0x00,0x00,0x00,0x00,0x00,0x00,0x00,0x00,0x00,0x00,0x00,0x00,0x00,0x00,0x00,
    0x00,0x00,0x00,0x00,0x00,0x00,0x00,0x00,0x00,0x00,0x00,0x00,0x00,0x00,0x00,0x00,0x00,0x00,
    0x00,0x00,0x00,0x00,0x00,0x00,0x00,0x00,0x00,0x00,0x00,0x00,0x00,0x00,0x00,0x00,0x00,0x00,
    0x00,0x00,0x00,0x00,0x00,0x00,0x00,0x00,0x00,0x00,0x00,0x00,0x00,0x00,0x00,0x00,0x00,0x00,
    0x00,0x00,0x00,0x00,0x00,0x00,0x00,0x00,0x00,0x00,0x00,0x00,0x00,0x00,0x00,0x00,0x00,0x00,
    0x00,0x00,0x00,0x00,0x00,0x00,0x00,0x00,0x00,0x00,0x00,0x00,0x00,0x00,0x00,0x00,0x00,0x00,
    0x00,0x00,0x00,0x00,0x00,0x00,0x00,0x00,0x00,0x00,0x00,0x00,0x00,0x00,0x00,0x00,0x00,0x00,
    0x00,0x00,0x00,0x00,0x00,0x00,0x00,0x00,0x00,0x00,0x00,0x00,0x00,0x00,0x00,0x00,0x00,0x00,
    0x00,0x00,0x00,0x00,0x00,0x00,0x00,0x00,0x00,0x00,0x00,0x00,0x00,0x00,0x00,0x00,0x00,0x00,
    0x00,0x00,0x00,0x00,0x00,0x00,0x00,0x00,0x00,0x00,0x00,0x00,0x00,0x00,0x00,0x00,0x00,0x00,
    0x00,0x00,0x00,0x00,0x00,0x00,0x00,0x00,0x00,0x00,0x00,0x00,0x00,0x00,0x00,0x00,0x00,0x00,
    0x00,0x00,0x00,0x00,0x00,0x00,0x00,0x00,0x00,0x00,0x00,0x00,0x00,0x00,0x00,0x00,0x00,0x00,
    0x00,0x00,0x00,0x00,0x00,0x00,0x00,0x00,0x00,0x00,0x00,0x00,0x00,0x00,0x00,0x00,0x00,0x00,
    0x00,0x00,0x00,0x00,0x00,0x00,0x00,0x00,0x00,0x00,0x00,0x00,0x00,0x00,0x00,0x00,0x00,0x00,
    0x00,0x00,0x00,0x00,0x00,0x00,0x00,0x00,0x00,0x00,0x00,0x00,0x00,0x00,0x00,0x00,0x00,0x00,
    0x00,0x00,0x00,0x00,0x00,0x00,0x00,0x00,0x00,0x00,0x00,0x00,0x00,0x00,0x00,0x00,0x00,0x00,
    0x00,0x00,0x00,0x00,0x00,0x00,0x00,0x00,0x00,0x00,0x00,0x00,0x00,0x00,0x00,0x00,0x00,0x00,
    0x00,0x00,0x00,0x00,0x00,0x00,0x00,0x00,0x00,0x00,0x00,0x00,0x00,0x00,0x00,0x00,0x00,0x00,
    0x00,0x00,0x00,0x00,0x00,0x00,0x00,0x00,0x00,0x00,0x00,0x00,0x00,0x00,0x00,0x00,0x00,0x00,
    0x00,0x00,0x00,0x00,0x00,0x00,0x00,0x00,0x00,0x00,0x00,0x00,0x00,0x00,0x00,0x00,0x00,0x00,
    0x00,0x00,0x00,0x00,0x00,0x00,0x00,0x00,0x00,0x00,0x00,0x00,0x00,0x00,0x00,0x00,0x00,0x00,
    0x00,0x00,0x00,0x00,0x00,0x00,0x00,0x00,0x00,0x00,0x00,0x00,0x00,0x00,0x00,0x00,0x00,0x00,
    0x00,0x00,0x00,0x00,0x00,0x00,0x00,0x00,0x00,0x00,0x00,0x00,0x00,0x00,0x00,0x00,0x00,0x00,
    0x00,0x00,0x00,0x00,0x00,0x00,0x00,0x00,0x00,0x00,0x00,0x00,0x00,0x00,0x00,0x00,0x00,0x00,
    0x00,0x00,0x00,0x00,0x00,0x00,0x00,0x00,0x00,0x00,0x00,0x00,0x00,0x00,0x00,0x00,0x00,0x00,
    0x00,0x00,0x00,0x00,0x00,0x00,0x00,0x00,0x00,0x00,0x00,0x00,0x00,0x00,0x00,0x00,0x00,0x00,
    0x00,0x00,0x00,0x00,0x00,0x00,0x00,0x00,0x00,0x00,0x00,0x00,0x00,0x00,0x00,0x00,0x00,0x00,
    0x00,0x00,0x00,0x00,0x00,0x00,0x00,0x00,0x00,0x00,0x00,0x00,0x00,0x00,0x00,0x00,0x00,0x00,
    0x00,0x00,0x00,0x00,0x00,0x00,0x00,0x00,0x00,0x00,0x00,0x00,0x00,0x00,0x00,0x00,0x00,0x00,
    0x00,0x00,0x00,0x00,0x00,0x00,0x00,0x00,0x00,0x00,0x00,0x00,0x00,0x00,0x00,0x00,0x00,0x00,
    0x00,0x00,0x00,0x00,0x00,0x00,0x00,0x00,0x00,0x00,0x00,0x00,0x00,0x00,0x00,0x00,0x00,0x00,
    0x00,0x00,0x00,0x00,0x00,0x00,0x00,0x00,0x00,0x00,0x00,0x00,0x00,0x00,0x00,0x00,0x00,0x00,
    0x00,0x00,0x00,0x00,0x00,0x00,0x00,0x00,0x00,0x00,0x00,0x00,0x00,0x00,0x00,0x00,0x00,0x00,
    0x00,0x00,0x00,0x00,0x00,0x00,0x00,0x00,0x00,0x00,0x00,0x00,0x00,0x00,0x00,0x00,0x00,0x00,
    0x00,0x00,0x00,0x00,0x00,0x00,0x00,0x00,0x00,0x00,0x00,0x00,0x00,0x00,0x00,0x00,0x00,0x00,
    0x00,0x00,0x00,0x00,0x00,0x00,0x00,0x00,0x00,0x00,0x00,0x00,0x00,0x00,0x00,0x00,0x00,0x00,
};

static lv_img_dsc_t make_ui_img_placeholder_actuator()
{
    lv_img_dsc_t image = {};
    image.header.always_zero = 0;
    image.header.w = 96;
    image.header.h = 96;
    image.data_size = sizeof(ui_img_placeholder_actuator_data);
    image.header.cf = LV_IMG_CF_TRUE_COLOR_ALPHA;
    image.data = ui_img_placeholder_actuator_data;
    return image;
}

extern const lv_img_dsc_t ui_img_placeholder_actuator = make_ui_img_placeholder_actuator();
