// Generated role-specific LVGL placeholder image.
// Source role: hybrid

#include "ui.h"

#ifndef LV_ATTRIBUTE_MEM_ALIGN
    #define LV_ATTRIBUTE_MEM_ALIGN
#endif

const LV_ATTRIBUTE_MEM_ALIGN uint8_t ui_img_placeholder_hybrid_data[] = {
    0x00,0x00,0x00,0x00,0x00,0x00,0x00,0x00,0x00,0x00,0x00,0x00,0x00,0x00,0x00,0x00,0x00,0x00,
    0x00,0x00,0x00,0x00,0x00,0x00,0x00,0x00,0x00,0x00,0x00,0x00,0x00,0x00,0x00,0x00,0x00,0x00,
    0x00,0x00,0x00,0x00,0x00,0x00,0x00,0x00,0x00,0x00,0x00,0x00,0x00,0x00,0x00,0x00,0x00,0x00,
    0x00,0x00,0x00,0x00,0x00,0x00,0x00,0x00,0x00,0x00,0x00,0x00,0x00,0x00,0x00,0x00,0x00,0x00,
    0x00,0x00,0x00,0x00,0x00,0x00,0x00,0x00,0x00,0x00,0x00,0x00,0x00,0x00,0x00,0x00,0x00,0x00,
    0x00,0x00,0x00,0x00,0x00,0x00,0x00,0x00,0x00,0x00,0x00,0x00,0x00,0x00,0x00,0x00,0x00,0x00,
    0x00,0x00,0x00,0x00,0x00,0x00,0x00,0x00,0x00,0x00,0x00,0x00,0x00,0x00,0x00,0x00,0x00,0x00,
    0x00,0x00,0x00,0x00,0x00,0x00,0x00,0x00,0x00,0x00,0x00,0x00,0x00,0x00,0x00,0x00,0x00,0x00,
    0x00,0x00,0x00,0x00,0x00,0x00,0x00,0x00,0x00,0x00,0x00,0x00,0x00,0x00,0x00,0x00,0x00,0x00,
    0x00,0x00,0x00,0x00,0x00,0x00,0x00,0x00,0x00,0x00,0x00,0x00,0x00,0x00,0x00,0x00,0x00,0x00,
    0x00,0x00,0x00,0x00,0x00,0x00,0x00,0x00,0x00,0x00,0x00,0x00,0x00,0x00,0x00,0x00,0x00,0x00,
    0x00,0x00,0x00,0x00,0x00,0x00,0x00,0x00,0x00,0x00,0x00,0x00,0x00,0x00,0x00,0x00,0x00,0x00,
    0x00,0x00,0x00,0x00,0x00,0x00,0x00,0x00,0x00,0x00,0x00,0x00,0x00,0x00,0x00,0x00,0x00,0x00,
    0x00,0x00,0x00,0x00,0x00,0x00,0x00,0x00,0x00,0x00,0x00,0x00,0x00,0x00,0x00,0x00,0x00,0x00,
    0x00,0x00,0x00,0x00,0x00,0x00,0x00,0x00,0x00,0x00,0x00,0x00,0x00,0x00,0x00,0x00,0x00,0x00,
    0x00,0x00,0x00,0x00,0x00,0x00,0x00,0x00,0x00,0x00,0x00,0x00,0x00,0x00,0x00,0x00,0x00,0x00,
    0x00,0x00,0x00,0x00,0x00,0x00,0x00,0x00,0x00,0x00,0x00,0x00,0x00,0x00,0x00,0x00,0x00,0x00,
    0x00,0x00,0x00,0x00,0x00,0x00,0x00,0x00,0x00,0x00,0x00,0x00,0x00,0x00,0x00,0x00,0x00,0x00,
    0x00,0x00,0x00,0x00,0x00,0x00,0x00,0x00,0x00,0x00,0x00,0x00,0x00,0x00,0x00,0x00,0x00,0x00,
    0x00,0x00,0x00,0x00,0x00,0x00,0x00,0x00,0x00,0x00,0x00,0x00,0x00,0x00,0x00,0x00,0x00,0x00,
    0x00,0x00,0x00,0x00,0x00,0x00,0x00,0x00,0x00,0x00,0x00,0x00,0x00,0x00,0x00,0x00,0x00,0x00,
    0x00,0x00,0x00,0x00,0x00,0x00,0x00,0x00,0x00,0x00,0x00,0x00,0x00,0x00,0x00,0x00,0x00,0x00,
    0x00,0x00,0x00,0x00,0x00,0x00,0x00,0x00,0x00,0x00,0x00,0x00,0x00,0x00,0x00,0x00,0x00,0x00,
    0x00,0x00,0x00,0x00,0x00,0x00,0x00,0x00,0x00,0x00,0x00,0x00,0x00,0x00,0x00,0x00,0x00,0x00,
    0x00,0x00,0x00,0x00,0x00,0x00,0x00,0x00,0x00,0x00,0x00,0x00,0x00,0x00,0x00,0x00,0x00,0x00,
    0x00,0x00,0x00,0x00,0x00,0x00,0x00,0x00,0x00,0x00,0x00,0x00,0x00,0x00,0x00,0x00,0x00,0x00,
    0x00,0x00,0x00,0x00,0x00,0x00,0x00,0x00,0x00,0x00,0x00,0x00,0x00,0x00,0x00,0x00,0x00,0x00,
    0x00,0x00,0x00,0x00,0x00,0x00,0x00,0x00,0x00,0x00,0x00,0x00,0x00,0x00,0x00,0x00,0x00,0x00,
    0x00,0x00,0x00,0x00,0x00,0x00,0x00,0x00,0x00,0x00,0x00,0x00,0x00,0x00,0x00,0x00,0x00,0x00,
    0x00,0x00,0x00,0x00,0x00,0x00,0x00,0x00,0x00,0x00,0x00,0x00,0x00,0x00,0x00,0x00,0x00,0x00,
    0x00,0x00,0x00,0x00,0x00,0x00,0x00,0x00,0x00,0x00,0x00,0x00,0x00,0x00,0x00,0x00,0x00,0x00,
    0x00,0x00,0x00,0x00,0x00,0x00,0x00,0x00,0x00,0x00,0x00,0x00,0x00,0x00,0x00,0x00,0x00,0x00,
    0x00,0x00,0x00,0x00,0x00,0x00,0x00,0x00,0x00,0x00,0x00,0x00,0x00,0x00,0x00,0x00,0x00,0x00,
    0x00,0x00,0x00,0x00,0x00,0x00,0x00,0x00,0x00,0x00,0x00,0x00,0x00,0x00,0x00,0x00,0x00,0x00,
    0x00,0x00,0x00,0x00,0x00,0x00,0x00,0x00,0x00,0x00,0x00,0x00,0x00,0x00,0x00,0x00,0x00,0x00,
    0x00,0x00,0x00,0x00,0x00,0x00,0x00,0x00,0x00,0x00,0x00,0x00,0x00,0x00,0x00,0x00,0x00,0x00,
    0x00,0x00,0x00,0x00,0x00,0x00,0x00,0x00,0x00,0x00,0x00,0x00,0x00,0x00,0x00,0x00,0x00,0x00,
    0x00,0x00,0x00,0x00,0x00,0x00,0x00,0x00,0x00,0x00,0x00,0x00,0x00,0x00,0x00,0x00,0x00,0x00,
    0x00,0x00,0x00,0x00,0x00,0x00,0x00,0x00,0x00,0x00,0x00,0x00,0x00,0x00,0x00,0x00,0x00,0x00,
    0x00,0x00,0x00,0x00,0x00,0x00,0x00,0x00,0x00,0x00,0x00,0x00,0x00,0x00,0x00,0x00,0x00,0x00,
    0x00,0x00,0x00,0x00,0x00,0x00,0x00,0x00,0x00,0x00,0x00,0x00,0x00,0x00,0x00,0x00,0x00,0x00,
    0x00,0x00,0x00,0x00,0x00,0x00,0x00,0x00,0x00,0x00,0x00,0x00,0x00,0x00,0x00,0x00,0x00,0x00,
    0x00,0x00,0x00,0x00,0x00,0x00,0x00,0x00,0x00,0x00,0x00,0x00,0x00,0x00,0x00,0x00,0x00,0x00,
    0x00,0x00,0x00,0x00,0x00,0x00,0x00,0x00,0x00,0x00,0x00,0x00,0x00,0x00,0x00,0x00,0x00,0x00,
    0x00,0x00,0x00,0x00,0x00,0x00,0x00,0x00,0x00,0x00,0x00,0x00,0x00,0x00,0x00,0x00,0x00,0x00,
    0x00,0x00,0x00,0x00,0x00,0x00,0x00,0x00,0x00,0x00,0x00,0x00,0x00,0x00,0x00,0x00,0x00,0x00,
    0x00,0x00,0x00,0x00,0x00,0x00,0x00,0x00,0x00,0x00,0x00,0x00,0x00,0x00,0x00,0x00,0x00,0x00,
    0x00,0x00,0x00,0x00,0x00,0x00,0x00,0x00,0x00,0x00,0x00,0x00,0x00,0x00,0x00,0x00,0x00,0x00,
    0x00,0x00,0x00,0x00,0x00,0x00,0x00,0x00,0x00,0x00,0x00,0x00,0x00,0x00,0x00,0x00,0x00,0x00,
    0x00,0x00,0x00,0x00,0x00,0x00,0x00,0x00,0x00,0x00,0x00,0x00,0x00,0x00,0x00,0x00,0x00,0x00,
    0x00,0x00,0x00,0x00,0x00,0x00,0x00,0x00,0x00,0x00,0x00,0x00,0x00,0x00,0x00,0x00,0x00,0x00,
    0x00,0x00,0x00,0x00,0x00,0x00,0x00,0x00,0x00,0x00,0x00,0x00,0x00,0x00,0x00,0x00,0x00,0x00,
    0x00,0x00,0x00,0x00,0x00,0x00,0x00,0x00,0x00,0x00,0x00,0x00,0x00,0x00,0x00,0x00,0x00,0x00,
    0x00,0x00,0x00,0x00,0x00,0x00,0x00,0x00,0x00,0x00,0x00,0x00,0x00,0x00,0x00,0x00,0x00,0x00,
    0x00,0x00,0x00,0x00,0x00,0x00,0x00,0x00,0x00,0x00,0x00,0x00,0x00,0x00,0x00,0x00,0x00,0x00,
    0x00,0x00,0x00,0x00,0x00,0x00,0x00,0x00,0x00,0x00,0x00,0x00,0x00,0x00,0x00,0x00,0x00,0x00,
    0x00,0x00,0x00,0x00,0x00,0x00,0x00,0x00,0x00,0x00,0x00,0x00,0x00,0x00,0x00,0x00,0x00,0x00,
    0x00,0x00,0x00,0x00,0x00,0x00,0x00,0x00,0x00,0x00,0x00,0x00,0x00,0x00,0x00,0x00,0x00,0x00,
    0x00,0x00,0x00,0x00,0x00,0x00,0x00,0x00,0x00,0x00,0x00,0x00,0x00,0x00,0x00,0x00,0x00,0x00,
    0x00,0x00,0x00,0x00,0x00,0x00,0x00,0x00,0x00,0x00,0x00,0x00,0x00,0x00,0x00,0x00,0x00,0x00,
    0x00,0x00,0x00,0x00,0x00,0x00,0x00,0x00,0x00,0x00,0x00,0x00,0x00,0x00,0x00,0x00,0x00,0x00,
    0x00,0x00,0x00,0x00,0x00,0x00,0x00,0x00,0x00,0x00,0x00,0x00,0x00,0x00,0x00,0x00,0x00,0x00,
    0x00,0x00,0x00,0x00,0x00,0x00,0x00,0x00,0x00,0x00,0x00,0x00,0x00,0x00,0x00,0x00,0x00,0x00,
    0x00,0x00,0x00,0x00,0x00,0x00,0x00,0x00,0x00,0x00,0x00,0x00,0x00,0x00,0x00,0x00,0x00,0x00,
    0x00,0x00,0x00,0x00,0x00,0x00,0x00,0x00,0x00,0x00,0x00,0x00,0x00,0x00,0x00,0x00,0x00,0x00,
    0x00,0x00,0x00,0x00,0x00,0x00,0x00,0x00,0x00,0x00,0x00,0x00,0x00,0x00,0x00,0x00,0x00,0x00,
    0x00,0x00,0x00,0x00,0x00,0x00,0x00,0x00,0x00,0x00,0x00,0x00,0x00,0x00,0x00,0x00,0x00,0x00,
    0x00,0x00,0x00,0x00,0x00,0x00,0x00,0x00,0x00,0x00,0x00,0x00,0x00,0x00,0x00,0x00,0x00,0x00,
    0x00,0x00,0x00,0x00,0x00,0x00,0x00,0x00,0x00,0x00,0x00,0x00,0x00,0x00,0x00,0x00,0x00,0x00,
    0x00,0x00,0x00,0x00,0x00,0x00,0x00,0x00,0x00,0x00,0x00,0x00,0x00,0x00,0x00,0x00,0x00,0x00,
    0x00,0x00,0x00,0x00,0x00,0x00,0x00,0x00,0x00,0x00,0x00,0x00,0x00,0x00,0x00,0x00,0x00,0x00,
    0x00,0x00,0x00,0x00,0x00,0x00,0x00,0x00,0x00,0x00,0x00,0x00,0x00,0x00,0x00,0x00,0x00,0x00,
    0x00,0x00,0x00,0x00,0x00,0x00,0x00,0x00,0x00,0x00,0x00,0x00,0x00,0x00,0x00,0x00,0x00,0x00,
    0x00,0x00,0x00,0x00,0x00,0x00,0x00,0x00,0x00,0x00,0x00,0x00,0x00,0x00,0x00,0x00,0x00,0x00,
    0x00,0x00,0x00,0x00,0x00,0x00,0x00,0x00,0x00,0x00,0x00,0x00,0x00,0x00,0x00,0x00,0x00,0x00,
    0x00,0x00,0x00,0x00,0x00,0x00,0x00,0x00,0x00,0x00,0x00,0x00,0x00,0x00,0x00,0x00,0x00,0x00,
    0x00,0x00,0x00,0x00,0x00,0x00,0x00,0x00,0x00,0x00,0x00,0x00,0x00,0x00,0x00,0x00,0x00,0x00,
    0x00,0x00,0x00,0x00,0x00,0x00,0x00,0x00,0x00,0x00,0x00,0x00,0x00,0x00,0x00,0x00,0x00,0x00,
    0x00,0x00,0x00,0x00,0x00,0x00,0x00,0x00,0x00,0x00,0x00,0x00,0x00,0x00,0x00,0x00,0x00,0x00,
    0x00,0x00,0x00,0x00,0x00,0x00,0x00,0x00,0x00,0x00,0x00,0x00,0x00,0x00,0x00,0x00,0x00,0x00,
    0x00,0x00,0x00,0x00,0x00,0x00,0x00,0x00,0x00,0x00,0x00,0x00,0x00,0x00,0x00,0x00,0x00,0x00,
    0x00,0x00,0x00,0x00,0x00,0x00,0x00,0x00,0x00,0x00,0x00,0x00,0x00,0x00,0x00,0x00,0x00,0x00,
    0x00,0x00,0x00,0x00,0x00,0x00,0x00,0x00,0x00,0x00,0x00,0x00,0x00,0x00,0x00,0x00,0x00,0x00,
    0x00,0x00,0x00,0x00,0x00,0x00,0x00,0x00,0x00,0x00,0x00,0x00,0x00,0x00,0x00,0x00,0x00,0x00,
    0x00,0x00,0x00,0x00,0x00,0x00,0x00,0x00,0x00,0x00,0x00,0x00,0x00,0x00,0x00,0x00,0x00,0x00,
    0x00,0x00,0x00,0x00,0x00,0x00,0x00,0x00,0x00,0x00,0x00,0x00,0x00,0x00,0x00,0x00,0x00,0x00,
    0x00,0x00,0x00,0x00,0x00,0x00,0x00,0x00,0x00,0x00,0x00,0x00,0x00,0x00,0x00,0x00,0x00,0x00,
    0x00,0x00,0x00,0x00,0x00,0x00,0x00,0x00,0x00,0x00,0x00,0x00,0x00,0x00,0x00,0x00,0x00,0x00,
    0x00,0x00,0x00,0x00,0x00,0x00,0x00,0x00,0x00,0x00,0x00,0x00,0x00,0x00,0x00,0x00,0x00,0x00,
    0x00,0x00,0x00,0x00,0x00,0x00,0x00,0x00,0x00,0x00,0x00,0x00,0x00,0x00,0x00,0x00,0x00,0x00,
    0x00,0x00,0x00,0x00,0x00,0x00,0x00,0x00,0x00,0x00,0x00,0x00,0x00,0x00,0x00,0x00,0x00,0x00,
    0x00,0x00,0x00,0x00,0x00,0x00,0x00,0x00,0x00,0x00,0x00,0x00,0x00,0x00,0x00,0x00,0x00,0x00,
    0x00,0x00,0x00,0x00,0x00,0x00,0x00,0x00,0x00,0x00,0x00,0x00,0x00,0x00,0x00,0x00,0x00,0x00,
    0x00,0x00,0x00,0x00,0x00,0x00,0x00,0x00,0x00,0x00,0x00,0x00,0x00,0x00,0x00,0x00,0x00,0x00,
    0x00,0x00,0x00,0x00,0x00,0x00,0x00,0x00,0x00,0x00,0x00,0x00,0x00,0x00,0x00,0x00,0x00,0x00,
    0x00,0x00,0x00,0x00,0x00,0x00,0x00,0x00,0x00,0x00,0x00,0x00,0x00,0x00,0x00,0x00,0x00,0x00,
    0x00,0x00,0x00,0x00,0x00,0x00,0x00,0x00,0x00,0x00,0x00,0x00,0x00,0x00,0x00,0x00,0x00,0x00,
    0x00,0x00,0x00,0x00,0x00,0x00,0x00,0x00,0x00,0x00,0x00,0x00,0x00,0x00,0x00,0x00,0x00,0x00,
    0x00,0x00,0x00,0x00,0x00,0x00,0x00,0x00,0x00,0x00,0x00,0x00,0x00,0x00,0x00,0x00,0x00,0x00,
    0x00,0x00,0x00,0x00,0x00,0x00,0x00,0x00,0x00,0x00,0x00,0x00,0x00,0x00,0x00,0x00,0x00,0x00,
    0x00,0x00,0x00,0x00,0x00,0x00,0x00,0x00,0x00,0x00,0x00,0x00,0x00,0x00,0x00,0x00,0x00,0x00,
    0x00,0x00,0x00,0x00,0x00,0x00,0x00,0x00,0x00,0x00,0x00,0x00,0x00,0x00,0x00,0x00,0x00,0x00,
    0x00,0x00,0x00,0x00,0x00,0x00,0x00,0x00,0x00,0x00,0x00,0x00,0x00,0x00,0x00,0x00,0x00,0x00,
    0x00,0x00,0x00,0x00,0x00,0x00,0x00,0x00,0x00,0x00,0x00,0x00,0x00,0x00,0x00,0x00,0x00,0x00,
    0x00,0x00,0x00,0x00,0x00,0x00,0x00,0x00,0x00,0x00,0x00,0x00,0x00,0x00,0x00,0x00,0x00,0x00,
    0x00,0x00,0x00,0x00,0x00,0x00,0x00,0x00,0x00,0x00,0x00,0x00,0x00,0x00,0x00,0x00,0x00,0x00,
    0x00,0x00,0x00,0x00,0x00,0x00,0x00,0x00,0x00,0x00,0x00,0x00,0x00,0x00,0x00,0x00,0x00,0x00,
    0x00,0x00,0x00,0x00,0x00,0x00,0x00,0x00,0x00,0x00,0x00,0x00,0x00,0x00,0x00,0x00,0x00,0x00,
    0x00,0x00,0x00,0x00,0x00,0x00,0x00,0x00,0x00,0x00,0x00,0x00,0x00,0x00,0x00,0x00,0x00,0x00,
    0x00,0x00,0x00,0x00,0x00,0x00,0x00,0x00,0x00,0x00,0x00,0x00,0x00,0x00,0x00,0x00,0x00,0x00,
    0x00,0x00,0x00,0x00,0x00,0x00,0x00,0x00,0x00,0x00,0x00,0x00,0x00,0x00,0x00,0x00,0x00,0x00,
    0x00,0x00,0x00,0x00,0x00,0x00,0x00,0x00,0x00,0x00,0x00,0x00,0x00,0x00,0x00,0x00,0x00,0x00,
    0x00,0x00,0x00,0x00,0x00,0x00,0x00,0x00,0x00,0x00,0x00,0x00,0x00,0x00,0x00,0x00,0x00,0x00,
    0x00,0x00,0x00,0x00,0x00,0x00,0x00,0x00,0x00,0x00,0x00,0x00,0x00,0x00,0x00,0x00,0x00,0x00,
    0x00,0x00,0x00,0x00,0x00,0x00,0x00,0x00,0x00,0x00,0x00,0x00,0x00,0x00,0x00,0x00,0x00,0x00,
    0x00,0x00,0x00,0x00,0x00,0x00,0x00,0x00,0x00,0x00,0x00,0x00,0x00,0x00,0x00,0x00,0x00,0x00,
    0x00,0x00,0x00,0x00,0x00,0x00,0x00,0x00,0x00,0x00,0x00,0x00,0x00,0x00,0x00,0x00,0x00,0x00,
    0x00,0x00,0x00,0x00,0x00,0x00,0x00,0x00,0x00,0x00,0x00,0x00,0x00,0x00,0x00,0x00,0x00,0x00,
    0x00,0x00,0x00,0x00,0x00,0x00,0x00,0x00,0x00,0x00,0x00,0x00,0x00,0x00,0x00,0x00,0x00,0x00,
    0x00,0x00,0x00,0x00,0x00,0x00,0x00,0x00,0x00,0x00,0x00,0x00,0x00,0x00,0x00,0x00,0x00,0x00,
    0x00,0x00,0x00,0x00,0x00,0x00,0x00,0x00,0x00,0x00,0x00,0x00,0x00,0x00,0x00,0x00,0x00,0x00,
    0x00,0x00,0x00,0x00,0x00,0x00,0x00,0x00,0x00,0x00,0x00,0x00,0x00,0x00,0x00,0x00,0x00,0x00,
    0x00,0x00,0x00,0x00,0x00,0x00,0x00,0x00,0x00,0x00,0x00,0x00,0x00,0x00,0x00,0x00,0x00,0x00,
    0x00,0x00,0x00,0x00,0x00,0x00,0x00,0x00,0x00,0x00,0x00,0x00,0x00,0x00,0x00,0x00,0x00,0x00,
    0x00,0x00,0x00,0x00,0x00,0x00,0x00,0x00,0x00,0x00,0x00,0x00,0x00,0x00,0x00,0x00,0x00,0x00,
    0x00,0x00,0x00,0x00,0x00,0x00,0x00,0x00,0x00,0x00,0x00,0x00,0x00,0x00,0x00,0x00,0x00,0x00,
    0x00,0x00,0x00,0x00,0x00,0x00,0x00,0x00,0x00,0x00,0x00,0x00,0x00,0x00,0x00,0x00,0x00,0x00,
    0x00,0x00,0x00,0x00,0x00,0x00,0x00,0x00,0x00,0x00,0x00,0x00,0x00,0x00,0x00,0x00,0x00,0x00,
    0x00,0x00,0x00,0x00,0x00,0x00,0x00,0x00,0x00,0x00,0x00,0x00,0x00,0x00,0x00,0x00,0x00,0x00,
    0x00,0x00,0x00,0x00,0x00,0x00,0x00,0x00,0x00,0x00,0x00,0x00,0x00,0x00,0x00,0x00,0x00,0x00,
    0x00,0x00,0x00,0x00,0x00,0x00,0x00,0x00,0x00,0x00,0x00,0x00,0x00,0x00,0x00,0x00,0x00,0x00,
    0x00,0x00,0x00,0x00,0x00,0x00,0x00,0x00,0x00,0x00,0x00,0x00,0x00,0x00,0x00,0x00,0x00,0x00,
    0x00,0x00,0x00,0x00,0x00,0x00,0x00,0x00,0x00,0x00,0x00,0x00,0x00,0x00,0x00,0x00,0x00,0x00,
    0x00,0x00,0x00,0x00,0x00,0x00,0x00,0x00,0x00,0x00,0x00,0x00,0x00,0x00,0x00,0x00,0x00,0x00,
    0x00,0x00,0x00,0x00,0x00,0x00,0x00,0x00,0x00,0x00,0x00,0x00,0x00,0x00,0x00,0x00,0x00,0x00,
    0x7D,0x4E,0xFF,0x7D,0x4E,0xFF,0x7D,0x4E,0xFF,0x7D,0x4E,0xFF,0x7D,0x4E,0xFF,0x31,0xF3,0xFF,
    0x7D,0x4E,0xFF,0x7D,0x4E,0xFF,0x7D,0x4E,0xFF,0x7D,0x4E,0xFF,0x7D,0x4E,0xFF,0x7D,0x4E,0xFF,
    0x7D,0x4E,0xFF,0x00,0x00,0x00,0x00,0x00,0x00,0x00,0x00,0x00,0x00,0x00,0x00,0x00,0x00,0x00,
    0x00,0x00,0x00,0x00,0x00,0x00,0x00,0x00,0x00,0x00,0x00,0x00,0x00,0x00,0x00,0x00,0x00,0x00,
    0x00,0x00,0x00,0x00,0x00,0x00,0x00,0x00,0x00,0x00,0x00,0x00,0x00,0x00,0x00,0x00,0x00,0x00,
    0x00,0x00,0x00,0x00,0x00,0x00,0x00,0x00,0x00,0x00,0x00,0x00,0x00,0x00,0x00,0x00,0x00,0x00,
    0x00,0x00,0x00,0x00,0x00,0x00,0x00,0x00,0x00,0x00,0x00,0x00,0x00,0x00,0x00,0x00,0x00,0x00,
    0x00,0x00,0x00,0x00,0x00,0x00,0x00,0x00,0x00,0x00,0x00,0x00,0x00,0x00,0x00,0x00,0x00,0x00,
    0x00,0x00,0x00,0x00,0x00,0x00,0x00,0x00,0x00,0x00,0x00,0x00,0x00,0x00,0x00,0x00,0x00,0x00,
    0x00,0x00,0x00,0x00,0x00,0x00,0x00,0x00,0x00,0x00,0x00,0x00,0x00,0x00,0x00,0x00,0x00,0x00,
    0x00,0x00,0x00,0x00,0x00,0x00,0x00,0x00,0x00,0x00,0x00,0x00,0x00,0x00,0x00,0x00,0x00,0x00,
    0x00,0x00,0x00,0x00,0x00,0x00,0x00,0x00,0x00,0x00,0x00,0x00,0x00,0x00,0x00,0x00,0x00,0x00,
    0x00,0x00,0x00,0x00,0x00,0x00,0x00,0x00,0x00,0x00,0x00,0x00,0x00,0x00,0x00,0x00,0x00,0x00,
    0x00,0x00,0x00,0x00,0x00,0x00,0x00,0x00,0x00,0x00,0x00,0x00,0x00,0x00,0x00,0x00,0x00,0x00,
    0x00,0x00,0x00,0x00,0x00,0x00,0x00,0x00,0x00,0x00,0x00,0x00,0x00,0x00,0x00,0x00,0x00,0x00,
    0x00,0x00,0x00,0x00,0x00,0x00,0x7D,0x4E,0xFF,0x7D,0x4E,0xFF,0x7D,0x4E,0xFF,0x7D,0x4E,0xFF,
    0x7D,0x4E,0xFF,0x7D,0x4E,0xFF,0x31,0xF3,0xFF,0x31,0xF3,0xFF,0x31,0xF3,0xFF,0x31,0xF3,0xFF,
    0x31,0xF3,0xFF,0x31,0xF3,0xFF,0x31,0xF3,0xFF,0x7D,0x4E,0xFF,0x7D,0x4E,0xFF,0x7D,0x4E,0xFF,
    0x7D,0x4E,0xFF,0x7D,0x4E,0xFF,0x7D,0x4E,0xFF,0x7D,0x4E,0xFF,0x7D,0x4E,0xFF,0x00,0x00,0x00,
    0x00,0x00,0x00,0x00,0x00,0x00,0x00,0x00,0x00,0x00,0x00,0x00,0x00,0x00,0x00,0x00,0x00,0x00,
    0x00,0x00,0x00,0x00,0x00,0x00,0x00,0x00,0x00,0x00,0x00,0x00,0x00,0x00,0x00,0x00,0x00,0x00,
    0x00,0x00,0x00,0x00,0x00,0x00,0x00,0x00,0x00,0x00,0x00,0x00,0x00,0x00,0x00,0x00,0x00,0x00,
    0x00,0x00,0x00,0x00,0x00,0x00,0x00,0x00,0x00,0x00,0x00,0x00,0x00,0x00,0x00,0x00,0x00,0x00,
    0x00,0x00,0x00,0x00,0x00,0x00,0x00,0x00,0x00,0x00,0x00,0x00,0x00,0x00,0x00,0x00,0x00,0x00,
    0x00,0x00,0x00,0x00,0x00,0x00,0x00,0x00,0x00,0x00,0x00,0x00,0x00,0x00,0x00,0x00,0x00,0x00,
    0x00,0x00,0x00,0x00,0x00,0x00,0x00,0x00,0x00,0x00,0x00,0x00,0x00,0x00,0x00,0x00,0x00,0x00,
    0x00,0x00,0x00,0x00,0x00,0x00,0x00,0x00,0x00,0x00,0x00,0x00,0x00,0x00,0x00,0x00,0x00,0x00,
    0x00,0x00,0x00,0x00,0x00,0x00,0x00,0x00,0x00,0x00,0x00,0x00,0x00,0x00,0x00,0x00,0x00,0x00,
    0x00,0x00,0x00,0x00,0x00,0x00,0x00,0x00,0x00,0x00,0x00,0x00,0x00,0x00,0x00,0x00,0x00,0x00,
    0x00,0x00,0x00,0x00,0x00,0x00,0x00,0x00,0x00,0x00,0x00,0x00,0x00,0x00,0x00,0x00,0x00,0x00,
    0x00,0x00,0x00,0x00,0x00,0x00,0x00,0x00,0x00,0x00,0x00,0x00,0x7D,0x4E,0xFF,0x7D,0x4E,0xFF,
    0x7D,0x4E,0xFF,0x7D,0x4E,0xFF,0x7D,0x4E,0xFF,0x7D,0x4E,0xFF,0x7D,0x4E,0xFF,0x7D,0x4E,0xFF,
    0x7D,0x4E,0xFF,0x31,0xF3,0xFF,0x31,0xF3,0xFF,0x31,0xF3,0xFF,0x31,0xF3,0xFF,0x31,0xF3,0xFF,
    0x31,0xF3,0xFF,0x31,0xF3,0xFF,0x31,0xF3,0xFF,0x31,0xF3,0xFF,0x7D,0x4E,0xFF,0x7D,0x4E,0xFF,
    0x7D,0x4E,0xFF,0x7D,0x4E,0xFF,0x7D,0x4E,0xFF,0x7D,0x4E,0xFF,0x7D,0x4E,0xFF,0x7D,0x4E,0xFF,
    0x7D,0x4E,0xFF,0x7D,0x4E,0xFF,0x7D,0x4E,0xFF,0x00,0x00,0x00,0x00,0x00,0x00,0x00,0x00,0x00,
    0x00,0x00,0x00,0x00,0x00,0x00,0x00,0x00,0x00,0x00,0x00,0x00,0x00,0x00,0x00,0x00,0x00,0x00,
    0x00,0x00,0x00,0x00,0x00,0x00,0x00,0x00,0x00,0x00,0x00,0x00,0x00,0x00,0x00,0x00,0x00,0x00,
    0x00,0x00,0x00,0x00,0x00,0x00,0x00,0x00,0x00,0x00,0x00,0x00,0x00,0x00,0x00,0x00,0x00,0x00,
    0x00,0x00,0x00,0x00,0x00,0x00,0x00,0x00,0x00,0x00,0x00,0x00,0x00,0x00,0x00,0x00,0x00,0x00,
    0x00,0x00,0x00,0x00,0x00,0x00,0x00,0x00,0x00,0x00,0x00,0x00,0x00,0x00,0x00,0x00,0x00,0x00,
    0x00,0x00,0x00,0x00,0x00,0x00,0x00,0x00,0x00,0x00,0x00,0x00,0x00,0x00,0x00,0x00,0x00,0x00,
    0x00,0x00,0x00,0x00,0x00,0x00,0x00,0x00,0x00,0x00,0x00,0x00,0x00,0x00,0x00,0x00,0x00,0x00,
    0x00,0x00,0x00,0x00,0x00,0x00,0x00,0x00,0x00,0x00,0x00,0x00,0x00,0x00,0x00,0x00,0x00,0x00,
    0x00,0x00,0x00,0x00,0x00,0x00,0x00,0x00,0x00,0x00,0x00,0x00,0x00,0x00,0x00,0x00,0x00,0x00,
    0x00,0x00,0x00,0x00,0x00,0x00,0x00,0x00,0x00,0x00,0x00,0x00,0x00,0x00,0x00,0x00,0x00,0x00,
    0x00,0x00,0x00,0x00,0x00,0x00,0x7D,0x4E,0xFF,0x7D,0x4E,0xFF,0x7D,0x4E,0xFF,0x7D,0x4E,0xFF,
    0x7D,0x4E,0xFF,0x7D,0x4E,0xFF,0x7D,0x4E,0xFF,0x7D,0x4E,0xFF,0x7D,0x4E,0xFF,0x7D,0x4E,0xFF,
    0x31,0xF3,0xFF,0x31,0xF3,0xFF,0x31,0xF3,0xFF,0x31,0xF3,0xFF,0x31,0xF3,0xFF,0x31,0xF3,0xFF,
    0x31,0xF3,0xFF,0x31,0xF3,0xFF,0x31,0xF3,0xFF,0x31,0xF3,0xFF,0x31,0xF3,0xFF,0x7D,0x4E,0xFF,
    0x7D,0x4E,0xFF,0x7D,0x4E,0xFF,0x7D,0x4E,0xFF,0x7D,0x4E,0xFF,0x7D,0x4E,0xFF,0x7D,0x4E,0xFF,
    0x7D,0x4E,0xFF,0x7D,0x4E,0xFF,0x7D,0x4E,0xFF,0x7D,0x4E,0xFF,0x7D,0x4E,0xFF,0x00,0x00,0x00,
    0x00,0x00,0x00,0x00,0x00,0x00,0x00,0x00,0x00,0x00,0x00,0x00,0x00,0x00,0x00,0x00,0x00,0x00,
    0x00,0x00,0x00,0x00,0x00,0x00,0x00,0x00,0x00,0x00,0x00,0x00,0x00,0x00,0x00,0x00,0x00,0x00,
    0x00,0x00,0x00,0x00,0x00,0x00,0x00,0x00,0x00,0x00,0x00,0x00,0x00,0x00,0x00,0x00,0x00,0x00,
    0x00,0x00,0x00,0x00,0x00,0x00,0x00,0x00,0x00,0x00,0x00,0x00,0x00,0x00,0x00,0x00,0x00,0x00,
    0x00,0x00,0x00,0x00,0x00,0x00,0x00,0x00,0x00,0x00,0x00,0x00,0x00,0x00,0x00,0x00,0x00,0x00,
    0x00,0x00,0x00,0x00,0x00,0x00,0x00,0x00,0x00,0x00,0x00,0x00,0x00,0x00,0x00,0x00,0x00,0x00,
    0x00,0x00,0x00,0x00,0x00,0x00,0x00,0x00,0x00,0x00,0x00,0x00,0x00,0x00,0x00,0x00,0x00,0x00,
    0x00,0x00,0x00,0x00,0x00,0x00,0x00,0x00,0x00,0x00,0x00,0x00,0x00,0x00,0x00,0x00,0x00,0x00,
    0x00,0x00,0x00,0x00,0x00,0x00,0x00,0x00,0x00,0x00,0x00,0x00,0x00,0x00,0x00,0x00,0x00,0x00,
    0x00,0x00,0x00,0x00,0x00,0x00,0x00,0x00,0x00,0x00,0x00,0x00,0x00,0x00,0x00,0x00,0x00,0x00,
    0x7D,0x4E,0xFF,0x7D,0x4E,0xFF,0x7D,0x4E,0xFF,0x7D,0x4E,0xFF,0x7D,0x4E,0xFF,0x7D,0x4E,0xFF,
    0x7D,0x4E,0xFF,0x7D,0x4E,0xFF,0x7D,0x4E,0xFF,0x7D,0x4E,0xFF,0x7D,0x4E,0xFF,0x7D,0x4E,0xFF,
    0x31,0xF3,0xFF,0x31,0xF3,0xFF,0x31,0xF3,0xFF,0x31,0xF3,0xFF,0x31,0xF3,0xFF,0x31,0xF3,0xFF,
    0x31,0xF3,0xFF,0x31,0xF3,0xFF,0x31,0xF3,0xFF,0x31,0xF3,0xFF,0x31,0xF3,0xFF,0x7D,0x4E,0xFF,
    0x7D,0x4E,0xFF,0x7D,0x4E,0xFF,0x7D,0x4E,0xFF,0x7D,0x4E,0xFF,0x7D,0x4E,0xFF,0x7D,0x4E,0xFF,
    0x7D,0x4E,0xFF,0x7D,0x4E,0xFF,0x7D,0x4E,0xFF,0x7D,0x4E,0xFF,0x7D,0x4E,0xFF,0x7D,0x4E,0xFF,
    0x7D,0x4E,0xFF,0x00,0x00,0x00,0x00,0x00,0x00,0x00,0x00,0x00,0x00,0x00,0x00,0x00,0x00,0x00,
    0x00,0x00,0x00,0x00,0x00,0x00,0x00,0x00,0x00,0x00,0x00,0x00,0x00,0x00,0x00,0x00,0x00,0x00,
    0x00,0x00,0x00,0x00,0x00,0x00,0x00,0x00,0x00,0x00,0x00,0x00,0x00,0x00,0x00,0x00,0x00,0x00,
    0x00,0x00,0x00,0x00,0x00,0x00,0x00,0x00,0x00,0x00,0x00,0x00,0x00,0x00,0x00,0x00,0x00,0x00,
    0x00,0x00,0x00,0x00,0x00,0x00,0x00,0x00,0x00,0x00,0x00,0x00,0x00,0x00,0x00,0x00,0x00,0x00,
    0x00,0x00,0x00,0x00,0x00,0x00,0x00,0x00,0x00,0x00,0x00,0x00,0x00,0x00,0x00,0x00,0x00,0x00,
    0x00,0x00,0x00,0x00,0x00,0x00,0x00,0x00,0x00,0x00,0x00,0x00,0x00,0x00,0x00,0x00,0x00,0x00,
    0x00,0x00,0x00,0x00,0x00,0x00,0x00,0x00,0x00,0x00,0x00,0x00,0x00,0x00,0x00,0x00,0x00,0x00,
    0x00,0x00,0x00,0x00,0x00,0x00,0x00,0x00,0x00,0x00,0x00,0x00,0x00,0x00,0x00,0x00,0x00,0x00,
    0x00,0x00,0x00,0x00,0x00,0x00,0x00,0x00,0x00,0x00,0x00,0x00,0x7D,0x4E,0xFF,0x7D,0x4E,0xFF,
    0x7D,0x4E,0xFF,0x7D,0x4E,0xFF,0x7D,0x4E,0xFF,0x7D,0x4E,0xFF,0x7D,0x4E,0xFF,0x7D,0x4E,0xFF,
    0x7D,0x4E,0xFF,0x7D,0x4E,0xFF,0x7D,0x4E,0xFF,0x7D,0x4E,0xFF,0x7D,0x4E,0xFF,0x7D,0x4E,0xFF,
    0x31,0xF3,0xFF,0x31,0xF3,0xFF,0x31,0xF3,0xFF,0x31,0xF3,0xFF,0x31,0xF3,0xFF,0x31,0xF3,0xFF,
    0x31,0xF3,0xFF,0x31,0xF3,0xFF,0x31,0xF3,0xFF,0x31,0xF3,0xFF,0x31,0xF3,0xFF,0x00,0x00,0x00,
    0x7D,0x4E,0xFF,0x7D,0x4E,0xFF,0x7D,0x4E,0xFF,0x7D,0x4E,0xFF,0x7D,0x4E,0xFF,0x7D,0x4E,0xFF,
    0x7D,0x4E,0xFF,0x7D,0x4E,0xFF,0x7D,0x4E,0xFF,0x7D,0x4E,0xFF,0x7D,0x4E,0xFF,0x7D,0x4E,0xFF,
    0x7D,0x4E,0xFF,0x7D,0x4E,0xFF,0x7D,0x4E,0xFF,0x00,0x00,0x00,0x00,0x00,0x00,0x00,0x00,0x00,
    0x00,0x00,0x00,0x00,0x00,0x00,0x00,0x00,0x00,0x00,0x00,0x00,0x00,0x00,0x00,0x00,0x00,0x00,
    0x00,0x00,0x00,0x00,0x00,0x00,0x00,0x00,0x00,0x00,0x00,0x00,0x00,0x00,0x00,0x00,0x00,0x00,
    0x00,0x00,0x00,0x00,0x00,0x00,0x00,0x00,0x00,0x00,0x00,0x00,0x00,0x00,0x00,0x00,0x00,0x00,
    0x00,0x00,0x00,0x00,0x00,0x00,0x00,0x00,0x00,0x00,0x00,0x00,0x00,0x00,0x00,0x00,0x00,0x00,
    0x00,0x00,0x00,0x00,0x00,0x00,0x00,0x00,0x00,0x00,0x00,0x00,0x00,0x00,0x00,0x00,0x00,0x00,
    0x00,0x00,0x00,0x00,0x00,0x00,0x00,0x00,0x00,0x00,0x00,0x00,0x00,0x00,0x00,0x00,0x00,0x00,
    0x00,0x00,0x00,0x00,0x00,0x00,0x00,0x00,0x00,0x00,0x00,0x00,0x00,0x00,0x00,0x00,0x00,0x00,
    0x00,0x00,0x00,0x00,0x00,0x00,0x00,0x00,0x00,0x00,0x00,0x00,0x00,0x00,0x00,0x00,0x00,0x00,
    0x00,0x00,0x00,0x00,0x00,0x00,0x7D,0x4E,0xFF,0x7D,0x4E,0xFF,0x7D,0x4E,0xFF,0x7D,0x4E,0xFF,
    0x7D,0x4E,0xFF,0x7D,0x4E,0xFF,0x7D,0x4E,0xFF,0x7D,0x4E,0xFF,0x7D,0x4E,0xFF,0x7D,0x4E,0xFF,
    0x7D,0x4E,0xFF,0x7D,0x4E,0xFF,0x00,0x00,0x00,0x00,0x00,0x00,0x00,0x00,0x00,0x00,0x00,0x00,
    0x31,0xF3,0xFF,0x31,0xF3,0xFF,0x31,0xF3,0xFF,0x31,0xF3,0xFF,0x31,0xF3,0xFF,0x31,0xF3,0xFF,
    0x31,0xF3,0xFF,0x31,0xF3,0xFF,0x31,0xF3,0xFF,0x31,0xF3,0xFF,0x31,0xF3,0xFF,0x31,0xF3,0xFF,
    0x00,0x00,0x00,0x00,0x00,0x00,0x00,0x00,0x00,0x00,0x00,0x00,0x00,0x00,0x00,0x7D,0x4E,0xFF,
    0x7D,0x4E,0xFF,0x7D,0x4E,0xFF,0x7D,0x4E,0xFF,0x7D,0x4E,0xFF,0x7D,0x4E,0xFF,0x7D,0x4E,0xFF,
    0x7D,0x4E,0xFF,0x7D,0x4E,0xFF,0x7D,0x4E,0xFF,0x7D,0x4E,0xFF,0x7D,0x4E,0xFF,0x00,0x00,0x00,
    0x00,0x00,0x00,0x00,0x00,0x00,0x00,0x00,0x00,0x00,0x00,0x00,0x00,0x00,0x00,0x00,0x00,0x00,
    0x00,0x00,0x00,0x00,0x00,0x00,0x00,0x00,0x00,0x00,0x00,0x00,0x00,0x00,0x00,0x00,0x00,0x00,
    0x00,0x00,0x00,0x00,0x00,0x00,0x00,0x00,0x00,0x00,0x00,0x00,0x00,0x00,0x00,0x00,0x00,0x00,
    0x00,0x00,0x00,0x00,0x00,0x00,0x00,0x00,0x00,0x00,0x00,0x00,0x00,0x00,0x00,0x00,0x00,0x00,
    0x00,0x00,0x00,0x00,0x00,0x00,0x00,0x00,0x00,0x00,0x00,0x00,0x00,0x00,0x00,0x00,0x00,0x00,
    0x00,0x00,0x00,0x00,0x00,0x00,0x00,0x00,0x00,0x00,0x00,0x00,0x00,0x00,0x00,0x00,0x00,0x00,
    0x00,0x00,0x00,0x00,0x00,0x00,0x00,0x00,0x00,0x00,0x00,0x00,0x00,0x00,0x00,0x00,0x00,0x00,
    0x00,0x00,0x00,0x00,0x00,0x00,0x00,0x00,0x00,0x00,0x00,0x00,0x00,0x00,0x00,0x00,0x00,0x00,
    0x00,0x00,0x00,0x7D,0x4E,0xFF,0x7D,0x4E,0xFF,0x7D,0x4E,0xFF,0x7D,0x4E,0xFF,0x7D,0x4E,0xFF,
    0x7D,0x4E,0xFF,0x7D,0x4E,0xFF,0x7D,0x4E,0xFF,0x7D,0x4E,0xFF,0x7D,0x4E,0xFF,0x00,0x00,0x00,
    0x00,0x00,0x00,0x00,0x00,0x00,0x00,0x00,0x00,0x00,0x00,0x00,0x00,0x00,0x00,0x00,0x00,0x00,
    0x31,0xF3,0xFF,0x31,0xF3,0xFF,0x31,0xF3,0xFF,0x31,0xF3,0xFF,0x31,0xF3,0xFF,0x31,0xF3,0xFF,
    0x31,0xF3,0xFF,0x31,0xF3,0xFF,0x31,0xF3,0xFF,0x31,0xF3,0xFF,0x31,0xF3,0xFF,0x31,0xF3,0xFF,
    0x00,0x00,0x00,0x00,0x00,0x00,0x00,0x00,0x00,0x00,0x00,0x00,0x00,0x00,0x00,0x00,0x00,0x00,
    0x00,0x00,0x00,0x00,0x00,0x00,0x7D,0x4E,0xFF,0x7D,0x4E,0xFF,0x7D,0x4E,0xFF,0x7D,0x4E,0xFF,
    0x7D,0x4E,0xFF,0x7D,0x4E,0xFF,0x7D,0x4E,0xFF,0x7D,0x4E,0xFF,0x7D,0x4E,0xFF,0x7D,0x4E,0xFF,
    0x00,0x00,0x00,0x00,0x00,0x00,0x00,0x00,0x00,0x00,0x00,0x00,0x00,0x00,0x00,0x00,0x00,0x00,
    0x00,0x00,0x00,0x00,0x00,0x00,0x00,0x00,0x00,0x00,0x00,0x00,0x00,0x00,0x00,0x00,0x00,0x00,
    0x00,0x00,0x00,0x00,0x00,0x00,0x00,0x00,0x00,0x00,0x00,0x00,0x00,0x00,0x00,0x00,0x00,0x00,
    0x00,0x00,0x00,0x00,0x00,0x00,0x00,0x00,0x00,0x00,0x00,0x00,0x00,0x00,0x00,0x00,0x00,0x00,
    0x00,0x00,0x00,0x00,0x00,0x00,0x00,0x00,0x00,0x00,0x00,0x00,0x00,0x00,0x00,0x00,0x00,0x00,
    0x00,0x00,0x00,0x00,0x00,0x00,0x00,0x00,0x00,0x00,0x00,0x00,0x00,0x00,0x00,0x00,0x00,0x00,
    0x00,0x00,0x00,0x00,0x00,0x00,0x00,0x00,0x00,0x7D,0x4E,0xFF,0x7D,0x4E,0xFF,0x00,0x00,0x00,
    0x00,0x00,0x00,0x00,0x00,0x00,0x00,0x00,0x00,0x00,0x00,0x00,0x00,0x00,0x00,0x00,0x00,0x00,
    0x7D,0x4E,0xFF,0x7D,0x4E,0xFF,0x7D,0x4E,0xFF,0x7D,0x4E,0xFF,0x7D,0x4E,0xFF,0x7D,0x4E,0xFF,
    0x7D,0x4E,0xFF,0x7D,0x4E,0xFF,0x7D,0x4E,0xFF,0x00,0x00,0x00,0x00,0x00,0x00,0x00,0x00,0x00,
    0x00,0x00,0x00,0x00,0x00,0x00,0x00,0x00,0x00,0x00,0x00,0x00,0x00,0x00,0x00,0x00,0x00,0x00,
    0x31,0xF3,0xFF,0x31,0xF3,0xFF,0x31,0xF3,0xFF,0x31,0xF3,0xFF,0x31,0xF3,0xFF,0x31,0xF3,0xFF,
    0x31,0xF3,0xFF,0x31,0xF3,0xFF,0x31,0xF3,0xFF,0x31,0xF3,0xFF,0x31,0xF3,0xFF,0x31,0xF3,0xFF,
    0x00,0x00,0x00,0x00,0x00,0x00,0x00,0x00,0x00,0x00,0x00,0x00,0x00,0x00,0x00,0x00,0x00,0x00,
    0x00,0x00,0x00,0x00,0x00,0x00,0x00,0x00,0x00,0x00,0x00,0x00,0x7D,0x4E,0xFF,0x7D,0x4E,0xFF,
    0x7D,0x4E,0xFF,0x7D,0x4E,0xFF,0x7D,0x4E,0xFF,0x7D,0x4E,0xFF,0x7D,0x4E,0xFF,0x7D,0x4E,0xFF,
    0x7D,0x4E,0xFF,0x00,0x00,0x00,0x00,0x00,0x00,0x00,0x00,0x00,0x00,0x00,0x00,0x00,0x00,0x00,
    0x00,0x00,0x00,0x00,0x00,0x00,0x00,0x00,0x00,0x00,0x00,0x00,0x00,0x00,0x00,0x00,0x00,0x00,
    0x00,0x00,0x00,0x00,0x00,0x00,0x00,0x00,0x00,0x00,0x00,0x00,0x00,0x00,0x00,0x00,0x00,0x00,
    0x00,0x00,0x00,0x00,0x00,0x00,0x00,0x00,0x00,0x00,0x00,0x00,0x00,0x00,0x00,0x00,0x00,0x00,
    0x00,0x00,0x00,0x00,0x00,0x00,0x00,0x00,0x00,0x00,0x00,0x00,0x00,0x00,0x00,0x00,0x00,0x00,
    0x00,0x00,0x00,0x00,0x00,0x00,0x00,0x00,0x00,0x00,0x00,0x00,0x00,0x00,0x00,0x00,0x00,0x00,
    0x00,0x00,0x00,0x00,0x00,0x00,0x7D,0x4E,0xFF,0x7D,0x4E,0xFF,0x7D,0x4E,0xFF,0x7D,0x4E,0xFF,
    0x00,0x00,0x00,0x00,0x00,0x00,0x00,0x00,0x00,0x00,0x00,0x00,0x7D,0x4E,0xFF,0x7D,0x4E,0xFF,
    0x7D,0x4E,0xFF,0x7D,0x4E,0xFF,0x7D,0x4E,0xFF,0x7D,0x4E,0xFF,0x7D,0x4E,0xFF,0x7D,0x4E,0xFF,
    0x7D,0x4E,0xFF,0x00,0x00,0x00,0x00,0x00,0x00,0x00,0x00,0x00,0x00,0x00,0x00,0x00,0x00,0x00,
    0x00,0x00,0x00,0x00,0x00,0x00,0x00,0x00,0x00,0x00,0x00,0x00,0x00,0x00,0x00,0x00,0x00,0x00,
    0x31,0xF3,0xFF,0x31,0xF3,0xFF,0x31,0xF3,0xFF,0x31,0xF3,0xFF,0x31,0xF3,0xFF,0x31,0xF3,0xFF,
    0x31,0xF3,0xFF,0x31,0xF3,0xFF,0x31,0xF3,0xFF,0x31,0xF3,0xFF,0x31,0xF3,0xFF,0x31,0xF3,0xFF,
    0x00,0x00,0x00,0x00,0x00,0x00,0x00,0x00,0x00,0x00,0x00,0x00,0x00,0x00,0x00,0x00,0x00,0x00,
    0x00,0x00,0x00,0x00,0x00,0x00,0x00,0x00,0x00,0x00,0x00,0x00,0x00,0x00,0x00,0x00,0x00,0x00,
    0x7D,0x4E,0xFF,0x7D,0x4E,0xFF,0x7D,0x4E,0xFF,0x7D,0x4E,0xFF,0x7D,0x4E,0xFF,0x7D,0x4E,0xFF,
    0x7D,0x4E,0xFF,0x7D,0x4E,0xFF,0x7D,0x4E,0xFF,0x00,0x00,0x00,0x00,0x00,0x00,0x00,0x00,0x00,
    0x00,0x00,0x00,0x00,0x00,0x00,0x00,0x00,0x00,0x00,0x00,0x00,0x00,0x00,0x00,0x00,0x00,0x00,
    0x00,0x00,0x00,0x00,0x00,0x00,0x00,0x00,0x00,0x00,0x00,0x00,0x00,0x00,0x00,0x00,0x00,0x00,
    0x00,0x00,0x00,0x00,0x00,0x00,0x00,0x00,0x00,0x00,0x00,0x00,0x00,0x00,0x00,0x00,0x00,0x00,
    0x00,0x00,0x00,0x00,0x00,0x00,0x00,0x00,0x00,0x00,0x00,0x00,0x00,0x00,0x00,0x00,0x00,0x00,
    0x00,0x00,0x00,0x00,0x00,0x00,0x00,0x00,0x00,0x00,0x00,0x00,0x00,0x00,0x00,0x00,0x00,0x00,
    0x00,0x00,0x00,0x7D,0x4E,0xFF,0x7D,0x4E,0xFF,0x7D,0x4E,0xFF,0x7D,0x4E,0xFF,0x7D,0x4E,0xFF,
    0x7D,0x4E,0xFF,0x00,0x00,0x00,0x00,0x00,0x00,0x7D,0x4E,0xFF,0x7D,0x4E,0xFF,0x7D,0x4E,0xFF,
    0x7D,0x4E,0xFF,0x7D,0x4E,0xFF,0x7D,0x4E,0xFF,0x7D,0x4E,0xFF,0x7D,0x4E,0xFF,0x7D,0x4E,0xFF,
    0x00,0x00,0x00,0x00,0x00,0x00,0x00,0x00,0x00,0x00,0x00,0x00,0x00,0x00,0x00,0x00,0x00,0x00,
    0x00,0x00,0x00,0x00,0x00,0x00,0x00,0x00,0x00,0x00,0x00,0x00,0x00,0x00,0x00,0x00,0x00,0x00,
    0x31,0xF3,0xFF,0x31,0xF3,0xFF,0x31,0xF3,0xFF,0x31,0xF3,0xFF,0x31,0xF3,0xFF,0x31,0xF3,0xFF,
    0x31,0xF3,0xFF,0x31,0xF3,0xFF,0x31,0xF3,0xFF,0x31,0xF3,0xFF,0x31,0xF3,0xFF,0x7D,0x4E,0xFF,
    0x00,0x00,0x00,0x00,0x00,0x00,0x00,0x00,0x00,0x00,0x00,0x00,0x00,0x00,0x00,0x00,0x00,0x00,
    0x00,0x00,0x00,0x00,0x00,0x00,0x00,0x00,0x00,0x00,0x00,0x00,0x00,0x00,0x00,0x00,0x00,0x00,
    0x00,0x00,0x00,0x7D,0x4E,0xFF,0x7D,0x4E,0xFF,0x7D,0x4E,0xFF,0x7D,0x4E,0xFF,0x7D,0x4E,0xFF,
    0x7D,0x4E,0xFF,0x7D,0x4E,0xFF,0x7D,0x4E,0xFF,0x7D,0x4E,0xFF,0x00,0x00,0x00,0x00,0x00,0x00,
    0x00,0x00,0x00,0x00,0x00,0x00,0x00,0x00,0x00,0x00,0x00,0x00,0x00,0x00,0x00,0x00,0x00,0x00,
    0x00,0x00,0x00,0x00,0x00,0x00,0x00,0x00,0x00,0x00,0x00,0x00,0x00,0x00,0x00,0x00,0x00,0x00,
    0x00,0x00,0x00,0x00,0x00,0x00,0x00,0x00,0x00,0x00,0x00,0x00,0x00,0x00,0x00,0x00,0x00,0x00,
    0x00,0x00,0x00,0x00,0x00,0x00,0x00,0x00,0x00,0x00,0x00,0x00,0x00,0x00,0x00,0x00,0x00,0x00,
    0x00,0x00,0x00,0x00,0x00,0x00,0x00,0x00,0x00,0x00,0x00,0x00,0x00,0x00,0x00,0x00,0x00,0x00,
    0x7D,0x4E,0xFF,0x7D,0x4E,0xFF,0x7D,0x4E,0xFF,0x7D,0x4E,0xFF,0x7D,0x4E,0xFF,0x7D,0x4E,0xFF,
    0x7D,0x4E,0xFF,0x00,0x00,0x00,0x7D,0x4E,0xFF,0x7D,0x4E,0xFF,0x7D,0x4E,0xFF,0x7D,0x4E,0xFF,
    0x7D,0x4E,0xFF,0x7D,0x4E,0xFF,0x7D,0x4E,0xFF,0x7D,0x4E,0xFF,0x00,0x00,0x00,0x00,0x00,0x00,
    0x00,0x00,0x00,0x00,0x00,0x00,0x00,0x00,0x00,0x00,0x00,0x00,0x00,0x00,0x00,0x00,0x00,0x00,
    0x00,0x00,0x00,0x00,0x00,0x00,0x00,0x00,0x00,0x7D,0x4E,0xFF,0x7D,0x4E,0xFF,0x7D,0x4E,0xFF,
    0x31,0xF3,0xFF,0x31,0xF3,0xFF,0x31,0xF3,0xFF,0x31,0xF3,0xFF,0x31,0xF3,0xFF,0x31,0xF3,0xFF,
    0x31,0xF3,0xFF,0x31,0xF3,0xFF,0x31,0xF3,0xFF,0x31,0xF3,0xFF,0x31,0xF3,0xFF,0x7D,0x4E,0xFF,
    0x7D,0x4E,0xFF,0x7D,0x4E,0xFF,0x7D,0x4E,0xFF,0x7D,0x4E,0xFF,0x00,0x00,0x00,0x00,0x00,0x00,
    0x00,0x00,0x00,0x00,0x00,0x00,0x00,0x00,0x00,0x00,0x00,0x00,0x00,0x00,0x00,0x00,0x00,0x00,
    0x00,0x00,0x00,0x00,0x00,0x00,0x00,0x00,0x00,0x7D,0x4E,0xFF,0x7D,0x4E,0xFF,0x7D,0x4E,0xFF,
    0x7D,0x4E,0xFF,0x7D,0x4E,0xFF,0x7D,0x4E,0xFF,0x7D,0x4E,0xFF,0x7D,0x4E,0xFF,0x00,0x00,0x00,
    0x00,0x00,0x00,0x00,0x00,0x00,0x00,0x00,0x00,0x00,0x00,0x00,0x00,0x00,0x00,0x00,0x00,0x00,
    0x00,0x00,0x00,0x00,0x00,0x00,0x00,0x00,0x00,0x00,0x00,0x00,0x00,0x00,0x00,0x00,0x00,0x00,
    0x00,0x00,0x00,0x00,0x00,0x00,0x00,0x00,0x00,0x00,0x00,0x00,0x00,0x00,0x00,0x00,0x00,0x00,
    0x00,0x00,0x00,0x00,0x00,0x00,0x00,0x00,0x00,0x00,0x00,0x00,0x00,0x00,0x00,0x00,0x00,0x00,
    0x00,0x00,0x00,0x00,0x00,0x00,0x00,0x00,0x00,0x00,0x00,0x00,0x00,0x00,0x00,0x7D,0x4E,0xFF,
    0x7D,0x4E,0xFF,0x7D,0x4E,0xFF,0x7D,0x4E,0xFF,0x7D,0x4E,0xFF,0x7D,0x4E,0xFF,0x7D,0x4E,0xFF,
    0x00,0x00,0x00,0x00,0x00,0x00,0x7D,0x4E,0xFF,0x7D,0x4E,0xFF,0x7D,0x4E,0xFF,0x7D,0x4E,0xFF,
    0x7D,0x4E,0xFF,0x7D,0x4E,0xFF,0x7D,0x4E,0xFF,0x00,0x00,0x00,0x00,0x00,0x00,0x00,0x00,0x00,
    0x00,0x00,0x00,0x00,0x00,0x00,0x00,0x00,0x00,0x00,0x00,0x00,0x00,0x00,0x00,0x00,0x00,0x00,
    0x7D,0x4E,0xFF,0x7D,0x4E,0xFF,0x7D,0x4E,0xFF,0x7D,0x4E,0xFF,0x7D,0x4E,0xFF,0x7D,0x4E,0xFF,
    0x31,0xF3,0xFF,0x31,0xF3,0xFF,0x31,0xF3,0xFF,0x31,0xF3,0xFF,0x31,0xF3,0xFF,0x31,0xF3,0xFF,
    0x31,0xF3,0xFF,0x31,0xF3,0xFF,0x31,0xF3,0xFF,0x31,0xF3,0xFF,0x31,0xF3,0xFF,0x7D,0x4E,0xFF,
    0x7D,0x4E,0xFF,0x7D,0x4E,0xFF,0x7D,0x4E,0xFF,0x7D,0x4E,0xFF,0x7D,0x4E,0xFF,0x7D,0x4E,0xFF,
    0x7D,0x4E,0xFF,0x00,0x00,0x00,0x00,0x00,0x00,0x00,0x00,0x00,0x00,0x00,0x00,0x00,0x00,0x00,
    0x00,0x00,0x00,0x00,0x00,0x00,0x00,0x00,0x00,0x00,0x00,0x00,0x7D,0x4E,0xFF,0x7D,0x4E,0xFF,
    0x7D,0x4E,0xFF,0x7D,0x4E,0xFF,0x7D,0x4E,0xFF,0x7D,0x4E,0xFF,0x7D,0x4E,0xFF,0x00,0x00,0x00,
    0x00,0x00,0x00,0x00,0x00,0x00,0x00,0x00,0x00,0x00,0x00,0x00,0x00,0x00,0x00,0x00,0x00,0x00,
    0x00,0x00,0x00,0x00,0x00,0x00,0x00,0x00,0x00,0x00,0x00,0x00,0x00,0x00,0x00,0x00,0x00,0x00,
    0x00,0x00,0x00,0x00,0x00,0x00,0x00,0x00,0x00,0x00,0x00,0x00,0x00,0x00,0x00,0x00,0x00,0x00,
    0x00,0x00,0x00,0x00,0x00,0x00,0x00,0x00,0x00,0x00,0x00,0x00,0x00,0x00,0x00,0x00,0x00,0x00,
    0x00,0x00,0x00,0x00,0x00,0x00,0x00,0x00,0x00,0x00,0x00,0x00,0x00,0x00,0x00,0x7D,0x4E,0xFF,
    0x7D,0x4E,0xFF,0x7D,0x4E,0xFF,0x7D,0x4E,0xFF,0x7D,0x4E,0xFF,0x7D,0x4E,0xFF,0x00,0x00,0x00,
    0x00,0x00,0x00,0x00,0x00,0x00,0x00,0x00,0x00,0x7D,0x4E,0xFF,0x7D,0x4E,0xFF,0x7D,0x4E,0xFF,
    0x7D,0x4E,0xFF,0x00,0x00,0x00,0x00,0x00,0x00,0x00,0x00,0x00,0x00,0x00,0x00,0x00,0x00,0x00,
    0x00,0x00,0x00,0x00,0x00,0x00,0x00,0x00,0x00,0x00,0x00,0x00,0x7D,0x4E,0xFF,0x7D,0x4E,0xFF,
    0x7D,0x4E,0xFF,0x7D,0x4E,0xFF,0x7D,0x4E,0xFF,0x7D,0x4E,0xFF,0x7D,0x4E,0xFF,0x7D,0x4E,0xFF,
    0x7D,0x4E,0xFF,0x31,0xF3,0xFF,0x31,0xF3,0xFF,0x31,0xF3,0xFF,0x31,0xF3,0xFF,0x31,0xF3,0xFF,
    0x31,0xF3,0xFF,0x31,0xF3,0xFF,0x31,0xF3,0xFF,0x31,0xF3,0xFF,0x7D,0x4E,0xFF,0x7D,0x4E,0xFF,
    0x7D,0x4E,0xFF,0x7D,0x4E,0xFF,0x7D,0x4E,0xFF,0x7D,0x4E,0xFF,0x7D,0x4E,0xFF,0x7D,0x4E,0xFF,
    0x7D,0x4E,0xFF,0x7D,0x4E,0xFF,0x7D,0x4E,0xFF,0x00,0x00,0x00,0x00,0x00,0x00,0x00,0x00,0x00,
    0x00,0x00,0x00,0x00,0x00,0x00,0x00,0x00,0x00,0x00,0x00,0x00,0x00,0x00,0x00,0x00,0x00,0x00,
    0x7D,0x4E,0xFF,0x7D,0x4E,0xFF,0x7D,0x4E,0xFF,0x7D,0x4E,0xFF,0x00,0x00,0x00,0x00,0x00,0x00,
    0x00,0x00,0x00,0x00,0x00,0x00,0x00,0x00,0x00,0x00,0x00,0x00,0x00,0x00,0x00,0x00,0x00,0x00,
    0x00,0x00,0x00,0x00,0x00,0x00,0x00,0x00,0x00,0x00,0x00,0x00,0x00,0x00,0x00,0x00,0x00,0x00,
    0x00,0x00,0x00,0x00,0x00,0x00,0x00,0x00,0x00,0x00,0x00,0x00,0x00,0x00,0x00,0x00,0x00,0x00,
    0x00,0x00,0x00,0x00,0x00,0x00,0x00,0x00,0x00,0x00,0x00,0x00,0x00,0x00,0x00,0x00,0x00,0x00,
    0x00,0x00,0x00,0x00,0x00,0x00,0x00,0x00,0x00,0x00,0x00,0x00,0x7D,0x4E,0xFF,0x7D,0x4E,0xFF,
    0x7D,0x4E,0xFF,0x7D,0x4E,0xFF,0x7D,0x4E,0xFF,0x7D,0x4E,0xFF,0x00,0x00,0x00,0x00,0x00,0x00,
    0x00,0x00,0x00,0x00,0x00,0x00,0x00,0x00,0x00,0x00,0x00,0x00,0x7D,0x4E,0xFF,0x7D,0x4E,0xFF,
    0x00,0x00,0x00,0x00,0x00,0x00,0x00,0x00,0x00,0x00,0x00,0x00,0x00,0x00,0x00,0x00,0x00,0x00,
    0x00,0x00,0x00,0x00,0x00,0x00,0x00,0x00,0x00,0x7D,0x4E,0xFF,0x7D,0x4E,0xFF,0x7D,0x4E,0xFF,
    0x7D,0x4E,0xFF,0x7D,0x4E,0xFF,0x7D,0x4E,0xFF,0x7D,0x4E,0xFF,0x7D,0x4E,0xFF,0x7D,0x4E,0xFF,
    0x7D,0x4E,0xFF,0x7D,0x4E,0xFF,0x31,0xF3,0xFF,0x31,0xF3,0xFF,0x31,0xF3,0xFF,0x31,0xF3,0xFF,
    0x31,0xF3,0xFF,0x31,0xF3,0xFF,0x31,0xF3,0xFF,0x7D,0x4E,0xFF,0x7D,0x4E,0xFF,0x7D,0x4E,0xFF,
    0x7D,0x4E,0xFF,0x7D,0x4E,0xFF,0x7D,0x4E,0xFF,0x7D,0x4E,0xFF,0x7D,0x4E,0xFF,0x7D,0x4E,0xFF,
    0x7D,0x4E,0xFF,0x7D,0x4E,0xFF,0x7D,0x4E,0xFF,0x7D,0x4E,0xFF,0x00,0x00,0x00,0x00,0x00,0x00,
    0x00,0x00,0x00,0x00,0x00,0x00,0x00,0x00,0x00,0x00,0x00,0x00,0x00,0x00,0x00,0x00,0x00,0x00,
    0x00,0x00,0x00,0x7D,0x4E,0xFF,0x7D,0x4E,0xFF,0x00,0x00,0x00,0x00,0x00,0x00,0x00,0x00,0x00,
    0x00,0x00,0x00,0x00,0x00,0x00,0x00,0x00,0x00,0x00,0x00,0x00,0x00,0x00,0x00,0x00,0x00,0x00,
    0x00,0x00,0x00,0x00,0x00,0x00,0x00,0x00,0x00,0x00,0x00,0x00,0x00,0x00,0x00,0x00,0x00,0x00,
    0x00,0x00,0x00,0x00,0x00,0x00,0x00,0x00,0x00,0x00,0x00,0x00,0x00,0x00,0x00,0x00,0x00,0x00,
    0x00,0x00,0x00,0x00,0x00,0x00,0x00,0x00,0x00,0x00,0x00,0x00,0x00,0x00,0x00,0x00,0x00,0x00,
    0x00,0x00,0x00,0x00,0x00,0x00,0x00,0x00,0x00,0x7D,0x4E,0xFF,0x7D,0x4E,0xFF,0x7D,0x4E,0xFF,
    0x7D,0x4E,0xFF,0x7D,0x4E,0xFF,0x7D,0x4E,0xFF,0x00,0x00,0x00,0x00,0x00,0x00,0x00,0x00,0x00,
    0x00,0x00,0x00,0x00,0x00,0x00,0x00,0x00,0x00,0x00,0x00,0x00,0x00,0x00,0x00,0x00,0x00,0x00,
    0x00,0x00,0x00,0x00,0x00,0x00,0x00,0x00,0x00,0x00,0x00,0x00,0x00,0x00,0x00,0x00,0x00,0x00,
    0x00,0x00,0x00,0x7D,0x4E,0xFF,0x7D,0x4E,0xFF,0x7D,0x4E,0xFF,0x7D,0x4E,0xFF,0x7D,0x4E,0xFF,
    0x7D,0x4E,0xFF,0x7D,0x4E,0xFF,0x7D,0x4E,0xFF,0x7D,0x4E,0xFF,0x7D,0x4E,0xFF,0x7D,0x4E,0xFF,
    0x7D,0x4E,0xFF,0x00,0x00,0x00,0x00,0x00,0x00,0x00,0x00,0x00,0x00,0x00,0x00,0x31,0xF3,0xFF,
    0x00,0x00,0x00,0x00,0x00,0x00,0x00,0x00,0x00,0x00,0x00,0x00,0x00,0x00,0x00,0x00,0x00,0x00,
    0x7D,0x4E,0xFF,0x7D,0x4E,0xFF,0x7D,0x4E,0xFF,0x7D,0x4E,0xFF,0x7D,0x4E,0xFF,0x7D,0x4E,0xFF,
    0x7D,0x4E,0xFF,0x7D,0x4E,0xFF,0x7D,0x4E,0xFF,0x7D,0x4E,0xFF,0x7D,0x4E,0xFF,0x7D,0x4E,0xFF,
    0x00,0x00,0x00,0x00,0x00,0x00,0x00,0x00,0x00,0x00,0x00,0x00,0x00,0x00,0x00,0x00,0x00,0x00,
    0x00,0x00,0x00,0x00,0x00,0x00,0x00,0x00,0x00,0x00,0x00,0x00,0x00,0x00,0x00,0x00,0x00,0x00,
    0x00,0x00,0x00,0x00,0x00,0x00,0x00,0x00,0x00,0x00,0x00,0x00,0x00,0x00,0x00,0x00,0x00,0x00,
    0x00,0x00,0x00,0x00,0x00,0x00,0x00,0x00,0x00,0x00,0x00,0x00,0x00,0x00,0x00,0x00,0x00,0x00,
    0x00,0x00,0x00,0x00,0x00,0x00,0x00,0x00,0x00,0x00,0x00,0x00,0x00,0x00,0x00,0x00,0x00,0x00,
    0x00,0x00,0x00,0x00,0x00,0x00,0x00,0x00,0x00,0x00,0x00,0x00,0x00,0x00,0x00,0x00,0x00,0x00,
    0x00,0x00,0x00,0x00,0x00,0x00,0x00,0x00,0x00,0x7D,0x4E,0xFF,0x7D,0x4E,0xFF,0x7D,0x4E,0xFF,
    0x7D,0x4E,0xFF,0x7D,0x4E,0xFF,0x7D,0x4E,0xFF,0x00,0x00,0x00,0x00,0x00,0x00,0x00,0x00,0x00,
    0x00,0x00,0x00,0x00,0x00,0x00,0x00,0x00,0x00,0x00,0x00,0x00,0x00,0x00,0x00,0x00,0x00,0x00,
    0x7D,0x4E,0xFF,0x00,0x00,0x00,0x00,0x00,0x00,0x00,0x00,0x00,0x00,0x00,0x00,0x00,0x00,0x00,
    0x7D,0x4E,0xFF,0x7D,0x4E,0xFF,0x7D,0x4E,0xFF,0x7D,0x4E,0xFF,0x7D,0x4E,0xFF,0x7D,0x4E,0xFF,
    0x7D,0x4E,0xFF,0x7D,0x4E,0xFF,0x7D,0x4E,0xFF,0x7D,0x4E,0xFF,0x00,0x00,0x00,0x00,0x00,0x00,
    0x00,0x00,0x00,0x00,0x00,0x00,0x00,0x00,0x00,0x00,0x00,0x00,0x00,0x00,0x00,0x00,0x00,0x00,
    0x00,0x00,0x00,0x00,0x00,0x00,0x00,0x00,0x00,0x00,0x00,0x00,0x00,0x00,0x00,0x00,0x00,0x00,
    0x00,0x00,0x00,0x00,0x00,0x00,0x00,0x00,0x00,0x7D,0x4E,0xFF,0x7D,0x4E,0xFF,0x7D,0x4E,0xFF,
    0x7D,0x4E,0xFF,0x7D,0x4E,0xFF,0x7D,0x4E,0xFF,0x7D,0x4E,0xFF,0x7D,0x4E,0xFF,0x7D,0x4E,0xFF,
    0x7D,0x4E,0xFF,0x00,0x00,0x00,0x00,0x00,0x00,0x00,0x00,0x00,0x00,0x00,0x00,0x00,0x00,0x00,
    0x00,0x00,0x00,0x00,0x00,0x00,0x00,0x00,0x00,0x00,0x00,0x00,0x00,0x00,0x00,0x00,0x00,0x00,
    0x00,0x00,0x00,0x00,0x00,0x00,0x00,0x00,0x00,0x00,0x00,0x00,0x00,0x00,0x00,0x00,0x00,0x00,
    0x00,0x00,0x00,0x00,0x00,0x00,0x00,0x00,0x00,0x00,0x00,0x00,0x00,0x00,0x00,0x00,0x00,0x00,
    0x00,0x00,0x00,0x00,0x00,0x00,0x00,0x00,0x00,0x00,0x00,0x00,0x00,0x00,0x00,0x00,0x00,0x00,
    0x00,0x00,0x00,0x00,0x00,0x00,0x00,0x00,0x00,0x00,0x00,0x00,0x00,0x00,0x00,0x00,0x00,0x00,
    0x00,0x00,0x00,0x00,0x00,0x00,0x7D,0x4E,0xFF,0x7D,0x4E,0xFF,0x7D,0x4E,0xFF,0x7D,0x4E,0xFF,
    0x7D,0x4E,0xFF,0x7D,0x4E,0xFF,0x00,0x00,0x00,0x00,0x00,0x00,0x00,0x00,0x00,0x00,0x00,0x00,
    0x00,0x00,0x00,0x00,0x00,0x00,0x00,0x00,0x00,0x00,0x00,0x00,0x00,0x00,0x00,0x7D,0x4E,0xFF,
    0x7D,0x4E,0xFF,0x7D,0x4E,0xFF,0x00,0x00,0x00,0x00,0x00,0x00,0x7D,0x4E,0xFF,0x7D,0x4E,0xFF,
    0x7D,0x4E,0xFF,0x7D,0x4E,0xFF,0x7D,0x4E,0xFF,0x7D,0x4E,0xFF,0x7D,0x4E,0xFF,0x7D,0x4E,0xFF,
    0x7D,0x4E,0xFF,0x00,0x00,0x00,0x00,0x00,0x00,0x00,0x00,0x00,0x00,0x00,0x00,0x00,0x00,0x00,
    0x00,0x00,0x00,0x00,0x00,0x00,0x00,0x00,0x00,0x00,0x00,0x00,0x00,0x00,0x00,0x00,0x00,0x00,
    0x00,0x00,0x00,0x00,0x00,0x00,0x00,0x00,0x00,0x00,0x00,0x00,0x00,0x00,0x00,0x00,0x00,0x00,
    0x00,0x00,0x00,0x00,0x00,0x00,0x00,0x00,0x00,0x00,0x00,0x00,0x00,0x00,0x00,0x00,0x00,0x00,
    0x7D,0x4E,0xFF,0x7D,0x4E,0xFF,0x7D,0x4E,0xFF,0x7D,0x4E,0xFF,0x7D,0x4E,0xFF,0x7D,0x4E,0xFF,
    0x7D,0x4E,0xFF,0x7D,0x4E,0xFF,0x7D,0x4E,0xFF,0x00,0x00,0x00,0x00,0x00,0x00,0x00,0x00,0x00,
    0x00,0x00,0x00,0x00,0x00,0x00,0x00,0x00,0x00,0x00,0x00,0x00,0x00,0x00,0x00,0x00,0x00,0x00,
    0x00,0x00,0x00,0x00,0x00,0x00,0x00,0x00,0x00,0x00,0x00,0x00,0x00,0x00,0x00,0x00,0x00,0x00,
    0x00,0x00,0x00,0x00,0x00,0x00,0x00,0x00,0x00,0x00,0x00,0x00,0x00,0x00,0x00,0x00,0x00,0x00,
    0x00,0x00,0x00,0x00,0x00,0x00,0x00,0x00,0x00,0x00,0x00,0x00,0x00,0x00,0x00,0x00,0x00,0x00,
    0x00,0x00,0x00,0x00,0x00,0x00,0x00,0x00,0x00,0x00,0x00,0x00,0x00,0x00,0x00,0x00,0x00,0x00,
    0x00,0x00,0x00,0x00,0x00,0x00,0x7D,0x4E,0xFF,0x7D,0x4E,0xFF,0x7D,0x4E,0xFF,0x7D,0x4E,0xFF,
    0x7D,0x4E,0xFF,0x00,0x00,0x00,0x00,0x00,0x00,0x00,0x00,0x00,0x00,0x00,0x00,0x00,0x00,0x00,
    0x00,0x00,0x00,0x00,0x00,0x00,0x00,0x00,0x00,0x00,0x00,0x00,0x7D,0x4E,0xFF,0x7D,0x4E,0xFF,
    0x7D,0x4E,0xFF,0x7D,0x4E,0xFF,0x7D,0x4E,0xFF,0x7D,0x4E,0xFF,0x7D,0x4E,0xFF,0x7D,0x4E,0xFF,
    0x7D,0x4E,0xFF,0x7D,0x4E,0xFF,0x7D,0x4E,0xFF,0x7D,0x4E,0xFF,0x7D,0x4E,0xFF,0x7D,0x4E,0xFF,
    0x00,0x00,0x00,0x00,0x00,0x00,0x00,0x00,0x00,0x00,0x00,0x00,0x00,0x00,0x00,0x00,0x00,0x00,
    0x00,0x00,0x00,0x00,0x00,0x00,0x00,0x00,0x00,0x00,0x00,0x00,0x00,0x00,0x00,0x00,0x00,0x00,
    0x00,0x00,0x00,0x00,0x00,0x00,0x00,0x00,0x00,0x00,0x00,0x00,0x00,0x00,0x00,0x00,0x00,0x00,
    0x00,0x00,0x00,0x00,0x00,0x00,0x00,0x00,0x00,0x00,0x00,0x00,0x00,0x00,0x00,0x00,0x00,0x00,
    0x00,0x00,0x00,0x7D,0x4E,0xFF,0x7D,0x4E,0xFF,0x7D,0x4E,0xFF,0x7D,0x4E,0xFF,0x7D,0x4E,0xFF,
    0x7D,0x4E,0xFF,0x7D,0x4E,0xFF,0x7D,0x4E,0xFF,0x7D,0x4E,0xFF,0x00,0x00,0x00,0x00,0x00,0x00,
    0x00,0x00,0x00,0x00,0x00,0x00,0x00,0x00,0x00,0x00,0x00,0x00,0x00,0x00,0x00,0x00,0x00,0x00,
    0x00,0x00,0x00,0x00,0x00,0x00,0x00,0x00,0x00,0x00,0x00,0x00,0x00,0x00,0x00,0x00,0x00,0x00,
    0x00,0x00,0x00,0x00,0x00,0x00,0x00,0x00,0x00,0x00,0x00,0x00,0x00,0x00,0x00,0x00,0x00,0x00,
    0x00,0x00,0x00,0x00,0x00,0x00,0x00,0x00,0x00,0x00,0x00,0x00,0x00,0x00,0x00,0x00,0x00,0x00,
    0x00,0x00,0x00,0x00,0x00,0x00,0x00,0x00,0x00,0x00,0x00,0x00,0x00,0x00,0x00,0x00,0x00,0x00,
    0x00,0x00,0x00,0x7D,0x4E,0xFF,0x7D,0x4E,0xFF,0x7D,0x4E,0xFF,0x7D,0x4E,0xFF,0x7D,0x4E,0xFF,
    0x7D,0x4E,0xFF,0x00,0x00,0x00,0x00,0x00,0x00,0x00,0x00,0x00,0x00,0x00,0x00,0x00,0x00,0x00,
    0x00,0x00,0x00,0x00,0x00,0x00,0x00,0x00,0x00,0x7D,0x4E,0xFF,0x7D,0x4E,0xFF,0x7D,0x4E,0xFF,
    0x7D,0x4E,0xFF,0x7D,0x4E,0xFF,0x7D,0x4E,0xFF,0x7D,0x4E,0xFF,0x7D,0x4E,0xFF,0x7D,0x4E,0xFF,
    0x7D,0x4E,0xFF,0x7D,0x4E,0xFF,0x7D,0x4E,0xFF,0x7D,0x4E,0xFF,0x00,0x00,0x00,0x00,0x00,0x00,
    0x00,0x00,0x00,0x00,0x00,0x00,0x00,0x00,0x00,0x00,0x00,0x00,0x00,0x00,0x00,0x00,0x00,0x00,
    0x00,0x00,0x00,0x00,0x00,0x00,0x00,0x00,0x00,0x00,0x00,0x00,0x00,0x00,0x00,0x00,0x00,0x00,
    0x00,0x00,0x00,0x00,0x00,0x00,0x00,0x00,0x00,0x00,0x00,0x00,0x00,0x00,0x00,0x00,0x00,0x00,
    0x00,0x00,0x00,0x00,0x00,0x00,0x00,0x00,0x00,0x00,0x00,0x00,0x00,0x00,0x00,0x00,0x00,0x00,
    0x00,0x00,0x00,0x00,0x00,0x00,0x00,0x00,0x00,0x7D,0x4E,0xFF,0x7D,0x4E,0xFF,0x7D,0x4E,0xFF,
    0x7D,0x4E,0xFF,0x7D,0x4E,0xFF,0x7D,0x4E,0xFF,0x7D,0x4E,0xFF,0x00,0x00,0x00,0x00,0x00,0x00,
    0x00,0x00,0x00,0x00,0x00,0x00,0x00,0x00,0x00,0x00,0x00,0x00,0x00,0x00,0x00,0x00,0x00,0x00,
    0x00,0x00,0x00,0x00,0x00,0x00,0x00,0x00,0x00,0x00,0x00,0x00,0x00,0x00,0x00,0x00,0x00,0x00,
    0x00,0x00,0x00,0x00,0x00,0x00,0x00,0x00,0x00,0x00,0x00,0x00,0x00,0x00,0x00,0x00,0x00,0x00,
    0x00,0x00,0x00,0x00,0x00,0x00,0x00,0x00,0x00,0x00,0x00,0x00,0x00,0x00,0x00,0x00,0x00,0x00,
    0x00,0x00,0x00,0x00,0x00,0x00,0x00,0x00,0x00,0x00,0x00,0x00,0x00,0x00,0x00,0x00,0x00,0x00,
    0x00,0x00,0x00,0x7D,0x4E,0xFF,0x7D,0x4E,0xFF,0x7D,0x4E,0xFF,0x7D,0x4E,0xFF,0x7D,0x4E,0xFF,
    0x00,0x00,0x00,0x00,0x00,0x00,0x00,0x00,0x00,0x00,0x00,0x00,0x00,0x00,0x00,0x00,0x00,0x00,
    0x00,0x00,0x00,0x00,0x00,0x00,0x7D,0x4E,0xFF,0x7D,0x4E,0xFF,0x7D,0x4E,0xFF,0x7D,0x4E,0xFF,
    0x7D,0x4E,0xFF,0x7D,0x4E,0xFF,0x7D,0x4E,0xFF,0x00,0x00,0x00,0x7D,0x4E,0xFF,0x7D,0x4E,0xFF,
    0x7D,0x4E,0xFF,0x7D,0x4E,0xFF,0x7D,0x4E,0xFF,0x00,0x00,0x00,0x00,0x00,0x00,0x00,0x00,0x00,
    0x00,0x00,0x00,0x00,0x00,0x00,0x00,0x00,0x00,0x00,0x00,0x00,0x00,0x00,0x00,0x00,0x00,0x00,
    0x00,0x00,0x00,0x00,0x00,0x00,0x00,0x00,0x00,0x00,0x00,0x00,0x00,0x00,0x00,0x00,0x00,0x00,
    0x00,0x00,0x00,0x00,0x00,0x00,0x00,0x00,0x00,0x00,0x00,0x00,0x00,0x00,0x00,0x00,0x00,0x00,
    0x00,0x00,0x00,0x00,0x00,0x00,0x00,0x00,0x00,0x00,0x00,0x00,0x00,0x00,0x00,0x00,0x00,0x00,
    0x00,0x00,0x00,0x00,0x00,0x00,0x00,0x00,0x00,0x00,0x00,0x00,0x7D,0x4E,0xFF,0x7D,0x4E,0xFF,
    0x7D,0x4E,0xFF,0x7D,0x4E,0xFF,0x7D,0x4E,0xFF,0x00,0x00,0x00,0x00,0x00,0x00,0x00,0x00,0x00,
    0x00,0x00,0x00,0x00,0x00,0x00,0x00,0x00,0x00,0x00,0x00,0x00,0x00,0x00,0x00,0x00,0x00,0x00,
    0x00,0x00,0x00,0x00,0x00,0x00,0x00,0x00,0x00,0x00,0x00,0x00,0x00,0x00,0x00,0x00,0x00,0x00,
    0x00,0x00,0x00,0x00,0x00,0x00,0x00,0x00,0x00,0x00,0x00,0x00,0x00,0x00,0x00,0x00,0x00,0x00,
    0x00,0x00,0x00,0x00,0x00,0x00,0x00,0x00,0x00,0x00,0x00,0x00,0x00,0x00,0x00,0x00,0x00,0x00,
    0x00,0x00,0x00,0x00,0x00,0x00,0x00,0x00,0x00,0x00,0x00,0x00,0x00,0x00,0x00,0x00,0x00,0x00,
    0x7D,0x4E,0xFF,0x7D,0x4E,0xFF,0x7D,0x4E,0xFF,0x7D,0x4E,0xFF,0x7D,0x4E,0xFF,0x7D,0x4E,0xFF,
    0x00,0x00,0x00,0x00,0x00,0x00,0x00,0x00,0x00,0x00,0x00,0x00,0x00,0x00,0x00,0x00,0x00,0x00,
    0x00,0x00,0x00,0x00,0x00,0x00,0x7D,0x4E,0xFF,0x7D,0x4E,0xFF,0x7D,0x4E,0xFF,0x7D,0x4E,0xFF,
    0x7D,0x4E,0xFF,0x7D,0x4E,0xFF,0x00,0x00,0x00,0x00,0x00,0x00,0x00,0x00,0x00,0x7D,0x4E,0xFF,
    0x7D,0x4E,0xFF,0x00,0x00,0x00,0x00,0x00,0x00,0x00,0x00,0x00,0x00,0x00,0x00,0x00,0x00,0x00,
    0x00,0x00,0x00,0x00,0x00,0x00,0x00,0x00,0x00,0x00,0x00,0x00,0x00,0x00,0x00,0x00,0x00,0x00,
    0x00,0x00,0x00,0x00,0x00,0x00,0x00,0x00,0x00,0x00,0x00,0x00,0x00,0x00,0x00,0x00,0x00,0x00,
    0x00,0x00,0x00,0x00,0x00,0x00,0x00,0x00,0x00,0x00,0x00,0x00,0x00,0x00,0x00,0x00,0x00,0x00,
    0x00,0x00,0x00,0x00,0x00,0x00,0x00,0x00,0x00,0x00,0x00,0x00,0x00,0x00,0x00,0x00,0x00,0x00,
    0x00,0x00,0x00,0x00,0x00,0x00,0x00,0x00,0x00,0x00,0x00,0x00,0x00,0x00,0x00,0x00,0x00,0x00,
    0x7D,0x4E,0xFF,0x7D,0x4E,0xFF,0x00,0x00,0x00,0x00,0x00,0x00,0x00,0x00,0x00,0x00,0x00,0x00,
    0x00,0x00,0x00,0x00,0x00,0x00,0x00,0x00,0x00,0x00,0x00,0x00,0x00,0x00,0x00,0x00,0x00,0x00,
    0x00,0x00,0x00,0x00,0x00,0x00,0x00,0x00,0x00,0x00,0x00,0x00,0x00,0x00,0x00,0x00,0x00,0x00,
    0x00,0x00,0x00,0x00,0x00,0x00,0x00,0x00,0x00,0x00,0x00,0x00,0x00,0x00,0x00,0x00,0x00,0x00,
    0x00,0x00,0x00,0x00,0x00,0x00,0x00,0x00,0x00,0x00,0x00,0x00,0x00,0x00,0x00,0x00,0x00,0x00,
    0x00,0x00,0x00,0x00,0x00,0x00,0x00,0x00,0x00,0x00,0x00,0x00,0x00,0x00,0x00,0x00,0x00,0x00,
    0x7D,0x4E,0xFF,0x7D,0x4E,0xFF,0x7D,0x4E,0xFF,0x7D,0x4E,0xFF,0x7D,0x4E,0xFF,0x00,0x00,0x00,
    0x00,0x00,0x00,0x00,0x00,0x00,0x00,0x00,0x00,0x00,0x00,0x00,0x00,0x00,0x00,0x00,0x00,0x00,
    0x00,0x00,0x00,0x7D,0x4E,0xFF,0x7D,0x4E,0xFF,0x7D,0x4E,0xFF,0x7D,0x4E,0xFF,0x7D,0x4E,0xFF,
    0x7D,0x4E,0xFF,0x00,0x00,0x00,0x00,0x00,0x00,0x00,0x00,0x00,0x00,0x00,0x00,0x00,0x00,0x00,
    0x00,0x00,0x00,0x00,0x00,0x00,0x00,0x00,0x00,0x00,0x00,0x00,0x00,0x00,0x00,0x00,0x00,0x00,
    0x8F,0x63,0xFF,0x8F,0x63,0xFF,0x8F,0x63,0xFF,0x8F,0x63,0xFF,0x8F,0x63,0xFF,0x8F,0x63,0xFF,
    0x8F,0x63,0xFF,0x8F,0x63,0xFF,0x8F,0x63,0xFF,0x8F,0x63,0xFF,0x8F,0x63,0xFF,0x8F,0x63,0xFF,
    0x8F,0x63,0xFF,0x8F,0x63,0xFF,0x8F,0x63,0xFF,0x8F,0x63,0xFF,0x8F,0x63,0xFF,0x8F,0x63,0xFF,
    0x8F,0x63,0xFF,0x8F,0x63,0xFF,0x8F,0x63,0xFF,0x8F,0x63,0xFF,0x8F,0x63,0xFF,0x8F,0x63,0xFF,
    0x00,0x00,0x00,0x00,0x00,0x00,0x00,0x00,0x00,0x00,0x00,0x00,0x00,0x00,0x00,0x00,0x00,0x00,
    0x00,0x00,0x00,0x00,0x00,0x00,0x00,0x00,0x00,0x00,0x00,0x00,0x00,0x00,0x00,0x00,0x00,0x00,
    0x00,0x00,0x00,0x00,0x00,0x00,0x00,0x00,0x00,0x00,0x00,0x00,0x00,0x00,0x00,0x00,0x00,0x00,
    0x00,0x00,0x00,0x00,0x00,0x00,0x00,0x00,0x00,0x00,0x00,0x00,0x00,0x00,0x00,0x00,0x00,0x00,
    0x00,0x00,0x00,0x00,0x00,0x00,0x00,0x00,0x00,0x00,0x00,0x00,0x00,0x00,0x00,0x00,0x00,0x00,
    0x00,0x00,0x00,0x00,0x00,0x00,0x00,0x00,0x00,0x00,0x00,0x00,0x00,0x00,0x00,0x00,0x00,0x00,
    0x00,0x00,0x00,0x00,0x00,0x00,0x00,0x00,0x00,0x00,0x00,0x00,0x00,0x00,0x00,0x7D,0x4E,0xFF,
    0x7D,0x4E,0xFF,0x7D,0x4E,0xFF,0x7D,0x4E,0xFF,0x7D,0x4E,0xFF,0x7D,0x4E,0xFF,0x00,0x00,0x00,
    0x00,0x00,0x00,0x00,0x00,0x00,0x00,0x00,0x00,0x00,0x00,0x00,0x00,0x00,0x00,0x00,0x00,0x00,
    0x7D,0x4E,0xFF,0x7D,0x4E,0xFF,0x7D,0x4E,0xFF,0x7D,0x4E,0xFF,0x7D,0x4E,0xFF,0x7D,0x4E,0xFF,
    0x00,0x00,0x00,0x00,0x00,0x00,0x00,0x00,0x00,0x00,0x00,0x00,0x00,0x00,0x00,0x00,0x00,0x00,
    0x00,0x00,0x00,0x00,0x00,0x00,0x00,0x00,0x00,0x8F,0x63,0xFF,0x8F,0x63,0xFF,0x8F,0x63,0xFF,
    0x8F,0x63,0xFF,0x8F,0x63,0xFF,0x8F,0x63,0xFF,0x8F,0x63,0xFF,0x8F,0x63,0xFF,0x8F,0x63,0xFF,
    0x8F,0x63,0xFF,0x8F,0x63,0xFF,0x8F,0x63,0xFF,0x8F,0x63,0xFF,0x8F,0x63,0xFF,0x8F,0x63,0xFF,
    0x8F,0x63,0xFF,0x8F,0x63,0xFF,0x8F,0x63,0xFF,0x8F,0x63,0xFF,0x8F,0x63,0xFF,0x8F,0x63,0xFF,
    0x8F,0x63,0xFF,0x8F,0x63,0xFF,0x8F,0x63,0xFF,0x8F,0x63,0xFF,0x8F,0x63,0xFF,0x8F,0x63,0xFF,
    0x8F,0x63,0xFF,0x8F,0x63,0xFF,0x8F,0x63,0xFF,0x00,0x00,0x00,0x00,0x00,0x00,0x00,0x00,0x00,
    0x00,0x00,0x00,0x00,0x00,0x00,0x00,0x00,0x00,0x00,0x00,0x00,0x00,0x00,0x00,0x00,0x00,0x00,
    0x00,0x00,0x00,0x00,0x00,0x00,0x00,0x00,0x00,0x00,0x00,0x00,0x00,0x00,0x00,0x00,0x00,0x00,
    0x00,0x00,0x00,0x00,0x00,0x00,0x00,0x00,0x00,0x00,0x00,0x00,0x00,0x00,0x00,0x00,0x00,0x00,
    0x00,0x00,0x00,0x00,0x00,0x00,0x00,0x00,0x00,0x00,0x00,0x00,0x00,0x00,0x00,0x00,0x00,0x00,
    0x00,0x00,0x00,0x00,0x00,0x00,0x00,0x00,0x00,0x00,0x00,0x00,0x00,0x00,0x00,0x00,0x00,0x00,
    0x00,0x00,0x00,0x00,0x00,0x00,0x00,0x00,0x00,0x00,0x00,0x00,0x00,0x00,0x00,0x7D,0x4E,0xFF,
    0x7D,0x4E,0xFF,0x7D,0x4E,0xFF,0x7D,0x4E,0xFF,0x7D,0x4E,0xFF,0x00,0x00,0x00,0x00,0x00,0x00,
    0x00,0x00,0x00,0x00,0x00,0x00,0x00,0x00,0x00,0x00,0x00,0x00,0x00,0x00,0x00,0x00,0x00,0x00,
    0x7D,0x4E,0xFF,0x7D,0x4E,0xFF,0x7D,0x4E,0xFF,0x7D,0x4E,0xFF,0x7D,0x4E,0xFF,0x7D,0x4E,0xFF,
    0x00,0x00,0x00,0x00,0x00,0x00,0x00,0x00,0x00,0x00,0x00,0x00,0x00,0x00,0x00,0x00,0x00,0x00,
    0x00,0x00,0x00,0x00,0x00,0x00,0x8F,0x63,0xFF,0x8F,0x63,0xFF,0x8F,0x63,0xFF,0x8F,0x63,0xFF,
    0x8F,0x63,0xFF,0x8F,0x63,0xFF,0x8F,0x63,0xFF,0x8F,0x63,0xFF,0x8F,0x63,0xFF,0x8F,0x63,0xFF,
    0x8F,0x63,0xFF,0x8F,0x63,0xFF,0x8F,0x63,0xFF,0x8F,0x63,0xFF,0x8F,0x63,0xFF,0x8F,0x63,0xFF,
    0x8F,0x63,0xFF,0x8F,0x63,0xFF,0x8F,0x63,0xFF,0x8F,0x63,0xFF,0x8F,0x63,0xFF,0x8F,0x63,0xFF,
    0x8F,0x63,0xFF,0x8F,0x63,0xFF,0x8F,0x63,0xFF,0x8F,0x63,0xFF,0x8F,0x63,0xFF,0x8F,0x63,0xFF,
    0x8F,0x63,0xFF,0x8F,0x63,0xFF,0x8F,0x63,0xFF,0x8F,0x63,0xFF,0x00,0x00,0x00,0x00,0x00,0x00,
    0x00,0x00,0x00,0x00,0x00,0x00,0x00,0x00,0x00,0x00,0x00,0x00,0x00,0x00,0x00,0x00,0x00,0x00,
    0x00,0x00,0x00,0x00,0x00,0x00,0x00,0x00,0x00,0x00,0x00,0x00,0x00,0x00,0x00,0x00,0x00,0x00,
    0x00,0x00,0x00,0x00,0x00,0x00,0x00,0x00,0x00,0x00,0x00,0x00,0x00,0x00,0x00,0x00,0x00,0x00,
    0x00,0x00,0x00,0x00,0x00,0x00,0x00,0x00,0x00,0x00,0x00,0x00,0x00,0x00,0x00,0x00,0x00,0x00,
    0x00,0x00,0x00,0x00,0x00,0x00,0x00,0x00,0x00,0x00,0x00,0x00,0x00,0x00,0x00,0x00,0x00,0x00,
    0x00,0x00,0x00,0x00,0x00,0x00,0x00,0x00,0x00,0x00,0x00,0x00,0x7D,0x4E,0xFF,0x7D,0x4E,0xFF,
    0x7D,0x4E,0xFF,0x7D,0x4E,0xFF,0x7D,0x4E,0xFF,0x7D,0x4E,0xFF,0x00,0x00,0x00,0x00,0x00,0x00,
    0x00,0x00,0x00,0x00,0x00,0x00,0x00,0x00,0x00,0x00,0x00,0x00,0x00,0x00,0x00,0x7D,0x4E,0xFF,
    0x7D,0x4E,0xFF,0x7D,0x4E,0xFF,0x7D,0x4E,0xFF,0x7D,0x4E,0xFF,0x7D,0x4E,0xFF,0x00,0x00,0x00,
    0x00,0x00,0x00,0x00,0x00,0x00,0x00,0x00,0x00,0x00,0x00,0x00,0x00,0x00,0x00,0x00,0x00,0x00,
    0x00,0x00,0x00,0x8F,0x63,0xFF,0x8F,0x63,0xFF,0x8F,0x63,0xFF,0x8F,0x63,0xFF,0x8F,0x63,0xFF,
    0x8F,0x63,0xFF,0x8F,0x63,0xFF,0x8F,0x63,0xFF,0x8F,0x63,0xFF,0x8F,0x63,0xFF,0x8F,0x63,0xFF,
    0x8F,0x63,0xFF,0x8F,0x63,0xFF,0x8F,0x63,0xFF,0x8F,0x63,0xFF,0x8F,0x63,0xFF,0x8F,0x63,0xFF,
    0x8F,0x63,0xFF,0x8F,0x63,0xFF,0x8F,0x63,0xFF,0x8F,0x63,0xFF,0x8F,0x63,0xFF,0x8F,0x63,0xFF,
    0x8F,0x63,0xFF,0x8F,0x63,0xFF,0x8F,0x63,0xFF,0x8F,0x63,0xFF,0x8F,0x63,0xFF,0x8F,0x63,0xFF,
    0x8F,0x63,0xFF,0x8F,0x63,0xFF,0x8F,0x63,0xFF,0x8F,0x63,0xFF,0x8F,0x63,0xFF,0x00,0x00,0x00,
    0x00,0x00,0x00,0x00,0x00,0x00,0x00,0x00,0x00,0x00,0x00,0x00,0x00,0x00,0x00,0x00,0x00,0x00,
    0x00,0x00,0x00,0x00,0x00,0x00,0x00,0x00,0x00,0x00,0x00,0x00,0x00,0x00,0x00,0x00,0x00,0x00,
    0x00,0x00,0x00,0x00,0x00,0x00,0x00,0x00,0x00,0x00,0x00,0x00,0x00,0x00,0x00,0x00,0x00,0x00,
    0x00,0x00,0x00,0x00,0x00,0x00,0x00,0x00,0x00,0x00,0x00,0x00,0x00,0x00,0x00,0x00,0x00,0x00,
    0x00,0x00,0x00,0x00,0x00,0x00,0x00,0x00,0x00,0x00,0x00,0x00,0x00,0x00,0x00,0x00,0x00,0x00,
    0x00,0x00,0x00,0x00,0x00,0x00,0x00,0x00,0x00,0x00,0x00,0x00,0x7D,0x4E,0xFF,0x7D,0x4E,0xFF,
    0x7D,0x4E,0xFF,0x7D,0x4E,0xFF,0x7D,0x4E,0xFF,0x00,0x00,0x00,0x00,0x00,0x00,0x00,0x00,0x00,
    0x00,0x00,0x00,0x00,0x00,0x00,0x00,0x00,0x00,0x00,0x00,0x00,0x00,0x00,0x00,0x7D,0x4E,0xFF,
    0x7D,0x4E,0xFF,0x7D,0x4E,0xFF,0x7D,0x4E,0xFF,0x7D,0x4E,0xFF,0x7D,0x4E,0xFF,0x00,0x00,0x00,
    0x00,0x00,0x00,0x00,0x00,0x00,0x00,0x00,0x00,0x00,0x00,0x00,0x00,0x00,0x00,0x00,0x00,0x00,
    0x00,0x00,0x00,0x8F,0x63,0xFF,0x8F,0x63,0xFF,0x8F,0x63,0xFF,0x8F,0x63,0xFF,0x8F,0x63,0xFF,
    0x8F,0x63,0xFF,0x8F,0x63,0xFF,0x8F,0x63,0xFF,0x8F,0x63,0xFF,0x8F,0x63,0xFF,0x8F,0x63,0xFF,
    0x8F,0x63,0xFF,0x8F,0x63,0xFF,0x8F,0x63,0xFF,0x8F,0x63,0xFF,0x8F,0x63,0xFF,0x8F,0x63,0xFF,
    0x8F,0x63,0xFF,0x8F,0x63,0xFF,0x8F,0x63,0xFF,0x8F,0x63,0xFF,0x8F,0x63,0xFF,0x8F,0x63,0xFF,
    0x8F,0x63,0xFF,0x8F,0x63,0xFF,0x8F,0x63,0xFF,0x8F,0x63,0xFF,0x8F,0x63,0xFF,0x8F,0x63,0xFF,
    0x8F,0x63,0xFF,0x8F,0x63,0xFF,0x8F,0x63,0xFF,0x8F,0x63,0xFF,0x8F,0x63,0xFF,0x00,0x00,0x00,
    0x00,0x00,0x00,0x00,0x00,0x00,0x00,0x00,0x00,0x00,0x00,0x00,0x00,0x00,0x00,0x00,0x00,0x00,
    0x00,0x00,0x00,0x00,0x00,0x00,0x00,0x00,0x00,0x00,0x00,0x00,0x00,0x00,0x00,0x00,0x00,0x00,
    0x00,0x00,0x00,0x00,0x00,0x00,0x00,0x00,0x00,0x00,0x00,0x00,0x00,0x00,0x00,0x00,0x00,0x00,
    0x00,0x00,0x00,0x00,0x00,0x00,0x00,0x00,0x00,0x00,0x00,0x00,0x00,0x00,0x00,0x00,0x00,0x00,
    0x00,0x00,0x00,0x00,0x00,0x00,0x00,0x00,0x00,0x00,0x00,0x00,0x00,0x00,0x00,0x00,0x00,0x00,
    0x00,0x00,0x00,0x00,0x00,0x00,0x00,0x00,0x00,0x00,0x00,0x00,0x7D,0x4E,0xFF,0x7D,0x4E,0xFF,
    0x7D,0x4E,0xFF,0x7D,0x4E,0xFF,0x7D,0x4E,0xFF,0x00,0x00,0x00,0x00,0x00,0x00,0x00,0x00,0x00,
    0x00,0x00,0x00,0x00,0x00,0x00,0x00,0x00,0x00,0x00,0x00,0x00,0x00,0x00,0x00,0x7D,0x4E,0xFF,
    0x7D,0x4E,0xFF,0x7D,0x4E,0xFF,0x7D,0x4E,0xFF,0x7D,0x4E,0xFF,0x00,0x00,0x00,0x00,0x00,0x00,
    0x00,0x00,0x00,0x00,0x00,0x00,0x00,0x00,0x00,0x00,0x00,0x00,0x00,0x00,0x00,0x00,0x00,0x00,
    0x00,0x00,0x00,0x8F,0x63,0xFF,0x8F,0x63,0xFF,0x8F,0x63,0xFF,0x8F,0x63,0xFF,0x8F,0x63,0xFF,
    0x8F,0x63,0xFF,0x8F,0x63,0xFF,0x8F,0x63,0xFF,0x8F,0x63,0xFF,0x8F,0x63,0xFF,0x8F,0x63,0xFF,
    0x8F,0x63,0xFF,0x8F,0x63,0xFF,0x8F,0x63,0xFF,0x8F,0x63,0xFF,0x8F,0x63,0xFF,0x8F,0x63,0xFF,
    0x8F,0x63,0xFF,0x8F,0x63,0xFF,0x8F,0x63,0xFF,0x8F,0x63,0xFF,0x8F,0x63,0xFF,0x8F,0x63,0xFF,
    0x8F,0x63,0xFF,0x8F,0x63,0xFF,0x8F,0x63,0xFF,0x8F,0x63,0xFF,0x8F,0x63,0xFF,0x8F,0x63,0xFF,
    0x8F,0x63,0xFF,0x8F,0x63,0xFF,0x8F,0x63,0xFF,0x8F,0x63,0xFF,0x8F,0x63,0xFF,0x00,0x00,0x00,
    0x00,0x00,0x00,0x00,0x00,0x00,0x00,0x00,0x00,0x00,0x00,0x00,0x00,0x00,0x00,0x00,0x00,0x00,
    0x00,0x00,0x00,0x00,0x00,0x00,0x00,0x00,0x00,0x00,0x00,0x00,0x00,0x00,0x00,0x00,0x00,0x00,
    0x00,0x00,0x00,0x00,0x00,0x00,0x00,0x00,0x00,0x00,0x00,0x00,0x00,0x00,0x00,0x00,0x00,0x00,
    0x00,0x00,0x00,0x00,0x00,0x00,0x00,0x00,0x00,0x00,0x00,0x00,0x00,0x00,0x00,0x00,0x00,0x00,
    0x00,0x00,0x00,0x00,0x00,0x00,0x00,0x00,0x00,0x00,0x00,0x00,0x00,0x00,0x00,0x00,0x00,0x00,
    0x00,0x00,0x00,0x00,0x00,0x00,0x00,0x00,0x00,0x00,0x00,0x00,0x7D,0x4E,0xFF,0x7D,0x4E,0xFF,
    0x7D,0x4E,0xFF,0x7D,0x4E,0xFF,0x7D,0x4E,0xFF,0x00,0x00,0x00,0x00,0x00,0x00,0x00,0x00,0x00,
    0x00,0x00,0x00,0x00,0x00,0x00,0x00,0x00,0x00,0x00,0x00,0x00,0x7D,0x4E,0xFF,0x7D,0x4E,0xFF,
    0x7D,0x4E,0xFF,0x7D,0x4E,0xFF,0x7D,0x4E,0xFF,0x7D,0x4E,0xFF,0x00,0x00,0x00,0x00,0x00,0x00,
    0x00,0x00,0x00,0x00,0x00,0x00,0x00,0x00,0x00,0x00,0x00,0x00,0x00,0x00,0x00,0x00,0x00,0x00,
    0x8F,0x63,0xFF,0x8F,0x63,0xFF,0x8F,0x63,0xFF,0x8F,0x63,0xFF,0x8F,0x63,0xFF,0x8F,0x63,0xFF,
    0x8F,0x63,0xFF,0x8F,0x63,0xFF,0x8F,0x63,0xFF,0x8F,0x63,0xFF,0x8F,0x63,0xFF,0x8F,0x63,0xFF,
    0x8F,0x63,0xFF,0x8F,0x63,0xFF,0x8F,0x63,0xFF,0x8F,0x63,0xFF,0x8F,0x63,0xFF,0x8F,0x63,0xFF,
    0x8F,0x63,0xFF,0x8F,0x63,0xFF,0x8F,0x63,0xFF,0x8F,0x63,0xFF,0x8F,0x63,0xFF,0x8F,0x63,0xFF,
    0x8F,0x63,0xFF,0x8F,0x63,0xFF,0x8F,0x63,0xFF,0x8F,0x63,0xFF,0x8F,0x63,0xFF,0x8F,0x63,0xFF,
    0x8F,0x63,0xFF,0x8F,0x63,0xFF,0x8F,0x63,0xFF,0x8F,0x63,0xFF,0x8F,0x63,0xFF,0x8F,0x63,0xFF,
    0x00,0x00,0x00,0x00,0x00,0x00,0x00,0x00,0x00,0x00,0x00,0x00,0x00,0x00,0x00,0x00,0x00,0x00,
    0x00,0x00,0x00,0x00,0x00,0x00,0x00,0x00,0x00,0x00,0x00,0x00,0x00,0x00,0x00,0x00,0x00,0x00,
    0x00,0x00,0x00,0x00,0x00,0x00,0x00,0x00,0x00,0x00,0x00,0x00,0x00,0x00,0x00,0x00,0x00,0x00,
    0x00,0x00,0x00,0x00,0x00,0x00,0x00,0x00,0x00,0x00,0x00,0x00,0x00,0x00,0x00,0x00,0x00,0x00,
    0x00,0x00,0x00,0x00,0x00,0x00,0x00,0x00,0x00,0x00,0x00,0x00,0x00,0x00,0x00,0x00,0x00,0x00,
    0x00,0x00,0x00,0x00,0x00,0x00,0x00,0x00,0x00,0x7D,0x4E,0xFF,0x7D,0x4E,0xFF,0x7D,0x4E,0xFF,
    0x7D,0x4E,0xFF,0x7D,0x4E,0xFF,0x00,0x00,0x00,0x00,0x00,0x00,0x00,0x00,0x00,0x00,0x00,0x00,
    0x00,0x00,0x00,0x00,0x00,0x00,0x00,0x00,0x00,0x00,0x00,0x00,0x7D,0x4E,0xFF,0x7D,0x4E,0xFF,
    0x7D,0x4E,0xFF,0x7D,0x4E,0xFF,0x7D,0x4E,0xFF,0x00,0x00,0x00,0x00,0x00,0x00,0x00,0x00,0x00,
    0x00,0x00,0x00,0x00,0x00,0x00,0x00,0x00,0x00,0x00,0x00,0x00,0x00,0x00,0x00,0x00,0x00,0x00,
    0x8F,0x63,0xFF,0x8F,0x63,0xFF,0x8F,0x63,0xFF,0x8F,0x63,0xFF,0x8F,0x63,0xFF,0x8F,0x63,0xFF,
    0x8F,0x63,0xFF,0x3D,0xC7,0xFF,0x3D,0xC7,0xFF,0x3D,0xC7,0xFF,0x8F,0x63,0xFF,0x8F,0x63,0xFF,
    0x8F,0x63,0xFF,0x8F,0x63,0xFF,0x8F,0x63,0xFF,0x3D,0xC7,0xFF,0x3D,0xC7,0xFF,0x3D,0xC7,0xFF,
    0x8F,0x63,0xFF,0x8F,0x63,0xFF,0x8F,0x63,0xFF,0x8F,0x63,0xFF,0x8F,0x63,0xFF,0x3D,0xC7,0xFF,
    0x3D,0xC7,0xFF,0x3D,0xC7,0xFF,0x8F,0x63,0xFF,0x8F,0x63,0xFF,0x8F,0x63,0xFF,0x8F,0x63,0xFF,
    0x8F,0x63,0xFF,0x8F,0x63,0xFF,0x8F,0x63,0xFF,0x8F,0x63,0xFF,0x8F,0x63,0xFF,0x8F,0x63,0xFF,
    0x00,0x00,0x00,0x00,0x00,0x00,0x00,0x00,0x00,0x00,0x00,0x00,0x00,0x00,0x00,0x00,0x00,0x00,
    0x00,0x00,0x00,0x00,0x00,0x00,0x00,0x00,0x00,0x00,0x00,0x00,0x00,0x00,0x00,0x00,0x00,0x00,
    0x00,0x00,0x00,0x00,0x00,0x00,0x00,0x00,0x00,0x00,0x00,0x00,0x00,0x00,0x00,0x00,0x00,0x00,
    0x00,0x00,0x00,0x00,0x00,0x00,0x00,0x00,0x00,0x00,0x00,0x00,0x00,0x00,0x00,0x00,0x00,0x00,
    0x00,0x00,0x00,0x00,0x00,0x00,0x00,0x00,0x00,0x00,0x00,0x00,0x00,0x00,0x00,0x00,0x00,0x00,
    0x00,0x00,0x00,0x00,0x00,0x00,0x00,0x00,0x00,0x7D,0x4E,0xFF,0x7D,0x4E,0xFF,0x7D,0x4E,0xFF,
    0x7D,0x4E,0xFF,0x7D,0x4E,0xFF,0x00,0x00,0x00,0x00,0x00,0x00,0x00,0x00,0x00,0x00,0x00,0x00,
    0x00,0x00,0x00,0x00,0x00,0x00,0x00,0x00,0x00,0x7D,0x4E,0xFF,0x7D,0x4E,0xFF,0x7D,0x4E,0xFF,
    0x7D,0x4E,0xFF,0x7D,0x4E,0xFF,0x7D,0x4E,0xFF,0x00,0x00,0x00,0x00,0x00,0x00,0x00,0x00,0x00,
    0x00,0x00,0x00,0x00,0x00,0x00,0x00,0x00,0x00,0x00,0x00,0x00,0x00,0x00,0x00,0x00,0x00,0x00,
    0x8F,0x63,0xFF,0x8F,0x63,0xFF,0x8F,0x63,0xFF,0x8F,0x63,0xFF,0x8F,0x63,0xFF,0x8F,0x63,0xFF,
    0x8F,0x63,0xFF,0x3D,0xC7,0xFF,0x3D,0xC7,0xFF,0x3D,0xC7,0xFF,0x8F,0x63,0xFF,0x8F,0x63,0xFF,
    0x8F,0x63,0xFF,0x8F,0x63,0xFF,0x8F,0x63,0xFF,0x3D,0xC7,0xFF,0x3D,0xC7,0xFF,0x3D,0xC7,0xFF,
    0x8F,0x63,0xFF,0x8F,0x63,0xFF,0x8F,0x63,0xFF,0x8F,0x63,0xFF,0x8F,0x63,0xFF,0x3D,0xC7,0xFF,
    0x3D,0xC7,0xFF,0x3D,0xC7,0xFF,0x8F,0x63,0xFF,0x8F,0x63,0xFF,0x8F,0x63,0xFF,0x8F,0x63,0xFF,
    0x8F,0x63,0xFF,0x8F,0x63,0xFF,0x8F,0x63,0xFF,0x8F,0x63,0xFF,0x8F,0x63,0xFF,0x8F,0x63,0xFF,
    0x00,0x00,0x00,0x00,0x00,0x00,0x00,0x00,0x00,0x00,0x00,0x00,0x00,0x00,0x00,0x00,0x00,0x00,
    0x00,0x00,0x00,0x00,0x00,0x00,0x00,0x00,0x00,0x00,0x00,0x00,0x00,0x00,0x00,0x00,0x00,0x00,
    0x00,0x00,0x00,0x00,0x00,0x00,0x00,0x00,0x00,0x00,0x00,0x00,0x00,0x00,0x00,0x00,0x00,0x00,
    0x00,0x00,0x00,0x00,0x00,0x00,0x00,0x00,0x00,0x00,0x00,0x00,0x00,0x00,0x00,0x00,0x00,0x00,
    0x00,0x00,0x00,0x00,0x00,0x00,0x00,0x00,0x00,0x00,0x00,0x00,0x00,0x00,0x00,0x00,0x00,0x00,
    0x00,0x00,0x00,0x00,0x00,0x00,0x00,0x00,0x00,0x7D,0x4E,0xFF,0x7D,0x4E,0xFF,0x7D,0x4E,0xFF,
    0x7D,0x4E,0xFF,0x7D,0x4E,0xFF,0x00,0x00,0x00,0x00,0x00,0x00,0x00,0x00,0x00,0x00,0x00,0x00,
    0x00,0x00,0x00,0x00,0x00,0x00,0x00,0x00,0x00,0x7D,0x4E,0xFF,0x7D,0x4E,0xFF,0x7D,0x4E,0xFF,
    0x7D,0x4E,0xFF,0x7D,0x4E,0xFF,0x00,0x00,0x00,0x00,0x00,0x00,0x00,0x00,0x00,0x00,0x00,0x00,
    0x00,0x00,0x00,0x00,0x00,0x00,0x00,0x00,0x00,0x00,0x00,0x00,0x00,0x00,0x00,0x00,0x00,0x00,
    0x8F,0x63,0xFF,0x8F,0x63,0xFF,0x8F,0x63,0xFF,0x8F,0x63,0xFF,0x8F,0x63,0xFF,0x8F,0x63,0xFF,
    0x8F,0x63,0xFF,0x3D,0xC7,0xFF,0x3D,0xC7,0xFF,0x3D,0xC7,0xFF,0x8F,0x63,0xFF,0x8F,0x63,0xFF,
    0x8F,0x63,0xFF,0x8F,0x63,0xFF,0x8F,0x63,0xFF,0x3D,0xC7,0xFF,0x3D,0xC7,0xFF,0x3D,0xC7,0xFF,
    0x8F,0x63,0xFF,0x8F,0x63,0xFF,0x8F,0x63,0xFF,0x8F,0x63,0xFF,0x8F,0x63,0xFF,0x3D,0xC7,0xFF,
    0x3D,0xC7,0xFF,0x3D,0xC7,0xFF,0x8F,0x63,0xFF,0x8F,0x63,0xFF,0x8F,0x63,0xFF,0x8F,0x63,0xFF,
    0x8F,0x63,0xFF,0x8F,0x63,0xFF,0x8F,0x63,0xFF,0x8F,0x63,0xFF,0x8F,0x63,0xFF,0x8F,0x63,0xFF,
    0x00,0x00,0x00,0x00,0x00,0x00,0x00,0x00,0x00,0x00,0x00,0x00,0x00,0x00,0x00,0x00,0x00,0x00,
    0x00,0x00,0x00,0x00,0x00,0x00,0x00,0x00,0x00,0x00,0x00,0x00,0x00,0x00,0x00,0x00,0x00,0x00,
    0x00,0x00,0x00,0x00,0x00,0x00,0x00,0x00,0x00,0x00,0x00,0x00,0x00,0x00,0x00,0x00,0x00,0x00,
    0x00,0x00,0x00,0x00,0x00,0x00,0x00,0x00,0x00,0x00,0x00,0x00,0x00,0x00,0x00,0x00,0x00,0x00,
    0x00,0x00,0x00,0x00,0x00,0x00,0x00,0x00,0x00,0x00,0x00,0x00,0x00,0x00,0x00,0x00,0x00,0x00,
    0x00,0x00,0x00,0x00,0x00,0x00,0x00,0x00,0x00,0x7D,0x4E,0xFF,0x7D,0x4E,0xFF,0x7D,0x4E,0xFF,
    0x7D,0x4E,0xFF,0x7D,0x4E,0xFF,0x00,0x00,0x00,0x00,0x00,0x00,0x00,0x00,0x00,0x00,0x00,0x00,
    0x00,0x00,0x00,0x00,0x00,0x00,0x00,0x00,0x00,0x7D,0x4E,0xFF,0x7D,0x4E,0xFF,0x7D,0x4E,0xFF,
    0x7D,0x4E,0xFF,0x7D,0x4E,0xFF,0x00,0x00,0x00,0x00,0x00,0x00,0x00,0x00,0x00,0x00,0x00,0x00,
    0x00,0x00,0x00,0x00,0x00,0x00,0x00,0x00,0x00,0x00,0x00,0x00,0x00,0x00,0x00,0x00,0x00,0x00,
    0x8F,0x63,0xFF,0x8F,0x63,0xFF,0x8F,0x63,0xFF,0x8F,0x63,0xFF,0x8F,0x63,0xFF,0x8F,0x63,0xFF,
    0x8F,0x63,0xFF,0x3D,0xC7,0xFF,0x3D,0xC7,0xFF,0x3D,0xC7,0xFF,0x8F,0x63,0xFF,0x8F,0x63,0xFF,
    0x6B,0xFE,0xFF,0x6B,0xFE,0xFF,0x6B,0xFE,0xFF,0x6B,0xFE,0xFF,0x6B,0xFE,0xFF,0x6B,0xFE,0xFF,
    0x6B,0xFE,0xFF,0x6B,0xFE,0xFF,0x6B,0xFE,0xFF,0x6B,0xFE,0xFF,0x6B,0xFE,0xFF,0x6B,0xFE,0xFF,
    0x3D,0xC7,0xFF,0x3D,0xC7,0xFF,0x8F,0x63,0xFF,0x8F,0x63,0xFF,0x8F,0x63,0xFF,0x8F,0x63,0xFF,
    0x8F,0x63,0xFF,0x8F,0x63,0xFF,0x8F,0x63,0xFF,0x8F,0x63,0xFF,0x8F,0x63,0xFF,0x8F,0x63,0xFF,
    0x00,0x00,0x00,0x00,0x00,0x00,0x00,0x00,0x00,0x00,0x00,0x00,0x00,0x00,0x00,0x00,0x00,0x00,
    0x00,0x00,0x00,0x00,0x00,0x00,0x00,0x00,0x00,0x00,0x00,0x00,0x00,0x00,0x00,0x00,0x00,0x00,
    0x00,0x00,0x00,0x00,0x00,0x00,0x00,0x00,0x00,0x00,0x00,0x00,0x00,0x00,0x00,0x00,0x00,0x00,
    0x00,0x00,0x00,0x00,0x00,0x00,0x00,0x00,0x00,0x00,0x00,0x00,0x00,0x00,0x00,0x00,0x00,0x00,
    0x00,0x00,0x00,0x00,0x00,0x00,0x00,0x00,0x00,0x00,0x00,0x00,0x00,0x00,0x00,0x00,0x00,0x00,
    0x00,0x00,0x00,0x00,0x00,0x00,0x00,0x00,0x00,0x7D,0x4E,0xFF,0x7D,0x4E,0xFF,0x7D,0x4E,0xFF,
    0x7D,0x4E,0xFF,0x7D,0x4E,0xFF,0x00,0x00,0x00,0x00,0x00,0x00,0x00,0x00,0x00,0x00,0x00,0x00,
    0x00,0x00,0x00,0x00,0x00,0x00,0x00,0x00,0x00,0x7D,0x4E,0xFF,0x7D,0x4E,0xFF,0x7D,0x4E,0xFF,
    0x7D,0x4E,0xFF,0x7D,0x4E,0xFF,0x00,0x00,0x00,0x00,0x00,0x00,0x00,0x00,0x00,0x00,0x00,0x00,
    0x00,0x00,0x00,0x00,0x00,0x00,0x00,0x00,0x00,0x00,0x00,0x00,0x00,0x00,0x00,0x00,0x00,0x00,
    0x8F,0x63,0xFF,0x8F,0x63,0xFF,0x8F,0x63,0xFF,0x8F,0x63,0xFF,0x8F,0x63,0xFF,0x8F,0x63,0xFF,
    0x8F,0x63,0xFF,0x3D,0xC7,0xFF,0x3D,0xC7,0xFF,0x3D,0xC7,0xFF,0x3D,0xC7,0xFF,0x6B,0xFE,0xFF,
    0x6B,0xFE,0xFF,0x6B,0xFE,0xFF,0x6B,0xFE,0xFF,0x6B,0xFE,0xFF,0x6B,0xFE,0xFF,0x6B,0xFE,0xFF,
    0x6B,0xFE,0xFF,0x6B,0xFE,0xFF,0x6B,0xFE,0xFF,0x6B,0xFE,0xFF,0x6B,0xFE,0xFF,0x6B,0xFE,0xFF,
    0x6B,0xFE,0xFF,0x3D,0xC7,0xFF,0x3D,0xC7,0xFF,0x3D,0xC7,0xFF,0x3D,0xC7,0xFF,0x3D,0xC7,0xFF,
    0x8F,0x63,0xFF,0x8F,0x63,0xFF,0x8F,0x63,0xFF,0x8F,0x63,0xFF,0x8F,0x63,0xFF,0x8F,0x63,0xFF,
    0x00,0x00,0x00,0x00,0x00,0x00,0x00,0x00,0x00,0x00,0x00,0x00,0x00,0x00,0x00,0x00,0x00,0x00,
    0x00,0x00,0x00,0x00,0x00,0x00,0x00,0x00,0x00,0x00,0x00,0x00,0x00,0x00,0x00,0x00,0x00,0x00,
    0x00,0x00,0x00,0x00,0x00,0x00,0x00,0x00,0x00,0x00,0x00,0x00,0x00,0x00,0x00,0x00,0x00,0x00,
    0x00,0x00,0x00,0x00,0x00,0x00,0x00,0x00,0x00,0x00,0x00,0x00,0x00,0x00,0x00,0x00,0x00,0x00,
    0x00,0x00,0x00,0x00,0x00,0x00,0x00,0x00,0x00,0x00,0x00,0x00,0x00,0x00,0x00,0x00,0x00,0x00,
    0x00,0x00,0x00,0x00,0x00,0x00,0x7D,0x4E,0xFF,0x7D,0x4E,0xFF,0x7D,0x4E,0xFF,0x7D,0x4E,0xFF,
    0x7D,0x4E,0xFF,0x00,0x00,0x00,0x00,0x00,0x00,0x00,0x00,0x00,0x00,0x00,0x00,0x31,0xF3,0xFF,
    0x31,0xF3,0xFF,0x31,0xF3,0xFF,0x31,0xF3,0xFF,0x31,0xF3,0xFF,0x31,0xF3,0xFF,0x31,0xF3,0xFF,
    0x31,0xF3,0xFF,0x31,0xF3,0xFF,0x31,0xF3,0xFF,0x00,0x00,0x00,0x00,0x00,0x00,0x00,0x00,0x00,
    0x00,0x00,0x00,0x00,0x00,0x00,0x00,0x00,0x00,0x00,0x00,0x00,0x00,0x00,0x00,0x00,0x00,0x00,
    0x8F,0x63,0xFF,0x8F,0x63,0xFF,0x8F,0x63,0xFF,0x8F,0x63,0xFF,0x8F,0x63,0xFF,0x8F,0x63,0xFF,
    0x8F,0x63,0xFF,0x3D,0xC7,0xFF,0x3D,0xC7,0xFF,0x3D,0xC7,0xFF,0x6B,0xFE,0xFF,0x6B,0xFE,0xFF,
    0x6B,0xFE,0xFF,0x6B,0xFE,0xFF,0x6B,0xFE,0xFF,0x6B,0xFE,0xFF,0x6B,0xFE,0xFF,0x6B,0xFE,0xFF,
    0x6B,0xFE,0xFF,0x6B,0xFE,0xFF,0x6B,0xFE,0xFF,0x6B,0xFE,0xFF,0x6B,0xFE,0xFF,0x6B,0xFE,0xFF,
    0x6B,0xFE,0xFF,0x6B,0xFE,0xFF,0x3D,0xC7,0xFF,0x3D,0xC7,0xFF,0x3D,0xC7,0xFF,0x3D,0xC7,0xFF,
    0x8F,0x63,0xFF,0x8F,0x63,0xFF,0x8F,0x63,0xFF,0x8F,0x63,0xFF,0x8F,0x63,0xFF,0x8F,0x63,0xFF,
    0x00,0x00,0x00,0x00,0x00,0x00,0x00,0x00,0x00,0x00,0x00,0x00,0x00,0x00,0x00,0x00,0x00,0x00,
    0x00,0x00,0x00,0x00,0x00,0x00,0x00,0x00,0x00,0x31,0xF3,0xFF,0x31,0xF3,0xFF,0x31,0xF3,0xFF,
    0x31,0xF3,0xFF,0x31,0xF3,0xFF,0x31,0xF3,0xFF,0x31,0xF3,0xFF,0x31,0xF3,0xFF,0x31,0xF3,0xFF,
    0x31,0xF3,0xFF,0x00,0x00,0x00,0x00,0x00,0x00,0x00,0x00,0x00,0x00,0x00,0x00,0x00,0x00,0x00,
    0x00,0x00,0x00,0x00,0x00,0x00,0x00,0x00,0x00,0x00,0x00,0x00,0x00,0x00,0x00,0x00,0x00,0x00,
    0x00,0x00,0x00,0x00,0x00,0x00,0x7D,0x4E,0xFF,0x7D,0x4E,0xFF,0x7D,0x4E,0xFF,0x7D,0x4E,0xFF,
    0x7D,0x4E,0xFF,0x00,0x00,0x00,0x00,0x00,0x00,0x00,0x00,0x00,0x31,0xF3,0xFF,0x31,0xF3,0xFF,
    0x31,0xF3,0xFF,0x31,0xF3,0xFF,0x31,0xF3,0xFF,0x31,0xF3,0xFF,0x31,0xF3,0xFF,0x31,0xF3,0xFF,
    0x31,0xF3,0xFF,0x31,0xF3,0xFF,0x31,0xF3,0xFF,0x31,0xF3,0xFF,0x00,0x00,0x00,0x00,0x00,0x00,
    0x00,0x00,0x00,0x00,0x00,0x00,0x00,0x00,0x00,0x00,0x00,0x00,0x00,0x00,0x00,0x00,0x00,0x00,
    0x8F,0x63,0xFF,0x8F,0x63,0xFF,0x8F,0x63,0xFF,0x8F,0x63,0xFF,0x8F,0x63,0xFF,0x8F,0x63,0xFF,
    0x8F,0x63,0xFF,0x3D,0xC7,0xFF,0x3D,0xC7,0xFF,0x3D,0xC7,0xFF,0x6B,0xFE,0xFF,0x6B,0xFE,0xFF,
    0x6B,0xFE,0xFF,0x6B,0xFE,0xFF,0x6B,0xFE,0xFF,0x6B,0xFE,0xFF,0x6B,0xFE,0xFF,0x6B,0xFE,0xFF,
    0x6B,0xFE,0xFF,0x6B,0xFE,0xFF,0x6B,0xFE,0xFF,0x6B,0xFE,0xFF,0x6B,0xFE,0xFF,0x6B,0xFE,0xFF,
    0x6B,0xFE,0xFF,0x6B,0xFE,0xFF,0x3D,0xC7,0xFF,0x3D,0xC7,0xFF,0x3D,0xC7,0xFF,0x3D,0xC7,0xFF,
    0x8F,0x63,0xFF,0x8F,0x63,0xFF,0x8F,0x63,0xFF,0x8F,0x63,0xFF,0x8F,0x63,0xFF,0x8F,0x63,0xFF,
    0x00,0x00,0x00,0x00,0x00,0x00,0x00,0x00,0x00,0x00,0x00,0x00,0x00,0x00,0x00,0x00,0x00,0x00,
    0x00,0x00,0x00,0x00,0x00,0x00,0x31,0xF3,0xFF,0x31,0xF3,0xFF,0x31,0xF3,0xFF,0x31,0xF3,0xFF,
    0x31,0xF3,0xFF,0x31,0xF3,0xFF,0x31,0xF3,0xFF,0x31,0xF3,0xFF,0x31,0xF3,0xFF,0x31,0xF3,0xFF,
    0x31,0xF3,0xFF,0x31,0xF3,0xFF,0x00,0x00,0x00,0x00,0x00,0x00,0x00,0x00,0x00,0x00,0x00,0x00,
    0x00,0x00,0x00,0x00,0x00,0x00,0x00,0x00,0x00,0x00,0x00,0x00,0x00,0x00,0x00,0x00,0x00,0x00,
    0x00,0x00,0x00,0x00,0x00,0x00,0x7D,0x4E,0xFF,0x7D,0x4E,0xFF,0x7D,0x4E,0xFF,0x7D,0x4E,0xFF,
    0x7D,0x4E,0xFF,0x00,0x00,0x00,0x00,0x00,0x00,0x31,0xF3,0xFF,0x31,0xF3,0xFF,0x31,0xF3,0xFF,
    0x31,0xF3,0xFF,0x31,0xF3,0xFF,0x31,0xF3,0xFF,0x31,0xF3,0xFF,0x31,0xF3,0xFF,0x31,0xF3,0xFF,
    0x31,0xF3,0xFF,0x31,0xF3,0xFF,0x31,0xF3,0xFF,0x31,0xF3,0xFF,0x31,0xF3,0xFF,0x00,0x00,0x00,
    0x00,0x00,0x00,0x00,0x00,0x00,0x00,0x00,0x00,0x00,0x00,0x00,0x00,0x00,0x00,0x00,0x00,0x00,
    0x8F,0x63,0xFF,0x8F,0x63,0xFF,0x8F,0x63,0xFF,0x8F,0x63,0xFF,0x8F,0x63,0xFF,0x8F,0x63,0xFF,
    0x8F,0x63,0xFF,0x3D,0xC7,0xFF,0x3D,0xC7,0xFF,0x3D,0xC7,0xFF,0x6B,0xFE,0xFF,0x6B,0xFE,0xFF,
    0x6B,0xFE,0xFF,0x6B,0xFE,0xFF,0x6B,0xFE,0xFF,0x6B,0xFE,0xFF,0x6B,0xFE,0xFF,0x6B,0xFE,0xFF,
    0x6B,0xFE,0xFF,0x6B,0xFE,0xFF,0x6B,0xFE,0xFF,0x6B,0xFE,0xFF,0x6B,0xFE,0xFF,0x6B,0xFE,0xFF,
    0x6B,0xFE,0xFF,0x6B,0xFE,0xFF,0x8F,0x63,0xFF,0x8F,0x63,0xFF,0x8F,0x63,0xFF,0x8F,0x63,0xFF,
    0x8F,0x63,0xFF,0x8F,0x63,0xFF,0x8F,0x63,0xFF,0x8F,0x63,0xFF,0x8F,0x63,0xFF,0x8F,0x63,0xFF,
    0x00,0x00,0x00,0x00,0x00,0x00,0x00,0x00,0x00,0x00,0x00,0x00,0x00,0x00,0x00,0x00,0x00,0x00,
    0x00,0x00,0x00,0x31,0xF3,0xFF,0x31,0xF3,0xFF,0x31,0xF3,0xFF,0x31,0xF3,0xFF,0x31,0xF3,0xFF,
    0x31,0xF3,0xFF,0x31,0xF3,0xFF,0x31,0xF3,0xFF,0x31,0xF3,0xFF,0x31,0xF3,0xFF,0x31,0xF3,0xFF,
    0x31,0xF3,0xFF,0x31,0xF3,0xFF,0x31,0xF3,0xFF,0x00,0x00,0x00,0x00,0x00,0x00,0x00,0x00,0x00,
    0x00,0x00,0x00,0x00,0x00,0x00,0x00,0x00,0x00,0x00,0x00,0x00,0x00,0x00,0x00,0x00,0x00,0x00,
    0x00,0x00,0x00,0x00,0x00,0x00,0x7D,0x4E,0xFF,0x7D,0x4E,0xFF,0x7D,0x4E,0xFF,0x7D,0x4E,0xFF,
    0x7D,0x4E,0xFF,0x00,0x00,0x00,0x00,0x00,0x00,0x31,0xF3,0xFF,0x31,0xF3,0xFF,0x31,0xF3,0xFF,
    0x31,0xF3,0xFF,0x31,0xF3,0xFF,0x31,0xF3,0xFF,0x31,0xF3,0xFF,0x31,0xF3,0xFF,0x31,0xF3,0xFF,
    0x31,0xF3,0xFF,0x31,0xF3,0xFF,0x31,0xF3,0xFF,0x31,0xF3,0xFF,0x31,0xF3,0xFF,0x00,0x00,0x00,
    0x00,0x00,0x00,0x00,0x00,0x00,0x00,0x00,0x00,0x00,0x00,0x00,0x00,0x00,0x00,0x00,0x00,0x00,
    0x8F,0x63,0xFF,0x8F,0x63,0xFF,0x8F,0x63,0xFF,0x8F,0x63,0xFF,0x8F,0x63,0xFF,0x8F,0x63,0xFF,
    0x8F,0x63,0xFF,0x3D,0xC7,0xFF,0x3D,0xC7,0xFF,0x3D,0xC7,0xFF,0x6B,0xFE,0xFF,0x6B,0xFE,0xFF,
    0x6B,0xFE,0xFF,0x6B,0xFE,0xFF,0x6B,0xFE,0xFF,0x6B,0xFE,0xFF,0x6B,0xFE,0xFF,0x6B,0xFE,0xFF,
    0x6B,0xFE,0xFF,0x6B,0xFE,0xFF,0x6B,0xFE,0xFF,0x6B,0xFE,0xFF,0x6B,0xFE,0xFF,0x6B,0xFE,0xFF,
    0x6B,0xFE,0xFF,0x6B,0xFE,0xFF,0x8F,0x63,0xFF,0x8F,0x63,0xFF,0x8F,0x63,0xFF,0x8F,0x63,0xFF,
    0x8F,0x63,0xFF,0x8F,0x63,0xFF,0x8F,0x63,0xFF,0x8F,0x63,0xFF,0x8F,0x63,0xFF,0x8F,0x63,0xFF,
    0x00,0x00,0x00,0x00,0x00,0x00,0x00,0x00,0x00,0x00,0x00,0x00,0x00,0x00,0x00,0x00,0x00,0x00,
    0x00,0x00,0x00,0x31,0xF3,0xFF,0x31,0xF3,0xFF,0x31,0xF3,0xFF,0x31,0xF3,0xFF,0x31,0xF3,0xFF,
    0x31,0xF3,0xFF,0x31,0xF3,0xFF,0x31,0xF3,0xFF,0x31,0xF3,0xFF,0x31,0xF3,0xFF,0x31,0xF3,0xFF,
    0x31,0xF3,0xFF,0x31,0xF3,0xFF,0x31,0xF3,0xFF,0x00,0x00,0x00,0x00,0x00,0x00,0x00,0x00,0x00,
    0x00,0x00,0x00,0x00,0x00,0x00,0x00,0x00,0x00,0x00,0x00,0x00,0x00,0x00,0x00,0x00,0x00,0x00,
    0x00,0x00,0x00,0x00,0x00,0x00,0x7D,0x4E,0xFF,0x7D,0x4E,0xFF,0x7D,0x4E,0xFF,0x7D,0x4E,0xFF,
    0x7D,0x4E,0xFF,0x00,0x00,0x00,0x00,0x00,0x00,0x31,0xF3,0xFF,0x31,0xF3,0xFF,0x31,0xF3,0xFF,
    0x31,0xF3,0xFF,0x31,0xF3,0xFF,0x31,0xF3,0xFF,0x31,0xF3,0xFF,0x31,0xF3,0xFF,0x31,0xF3,0xFF,
    0x31,0xF3,0xFF,0x31,0xF3,0xFF,0x31,0xF3,0xFF,0x31,0xF3,0xFF,0x31,0xF3,0xFF,0x00,0x00,0x00,
    0x00,0x00,0x00,0x00,0x00,0x00,0x00,0x00,0x00,0x00,0x00,0x00,0x00,0x00,0x00,0x00,0x00,0x00,
    0x8F,0x63,0xFF,0x8F,0x63,0xFF,0x8F,0x63,0xFF,0x8F,0x63,0xFF,0x8F,0x63,0xFF,0x8F,0x63,0xFF,
    0x8F,0x63,0xFF,0x3D,0xC7,0xFF,0x3D,0xC7,0xFF,0x3D,0xC7,0xFF,0x6B,0xFE,0xFF,0x6B,0xFE,0xFF,
    0x6B,0xFE,0xFF,0x6B,0xFE,0xFF,0x6B,0xFE,0xFF,0x6B,0xFE,0xFF,0x6B,0xFE,0xFF,0x6B,0xFE,0xFF,
    0x6B,0xFE,0xFF,0x6B,0xFE,0xFF,0x6B,0xFE,0xFF,0x6B,0xFE,0xFF,0x6B,0xFE,0xFF,0x6B,0xFE,0xFF,
    0x6B,0xFE,0xFF,0x6B,0xFE,0xFF,0x8F,0x63,0xFF,0x8F,0x63,0xFF,0x8F,0x63,0xFF,0x8F,0x63,0xFF,
    0x8F,0x63,0xFF,0x8F,0x63,0xFF,0x8F,0x63,0xFF,0x8F,0x63,0xFF,0x8F,0x63,0xFF,0x8F,0x63,0xFF,
    0x00,0x00,0x00,0x00,0x00,0x00,0x00,0x00,0x00,0x00,0x00,0x00,0x00,0x00,0x00,0x00,0x00,0x00,
    0x00,0x00,0x00,0x31,0xF3,0xFF,0x31,0xF3,0xFF,0x31,0xF3,0xFF,0x31,0xF3,0xFF,0x31,0xF3,0xFF,
    0x31,0xF3,0xFF,0x31,0xF3,0xFF,0x31,0xF3,0xFF,0x31,0xF3,0xFF,0x31,0xF3,0xFF,0x31,0xF3,0xFF,
    0x31,0xF3,0xFF,0x31,0xF3,0xFF,0x31,0xF3,0xFF,0x00,0x00,0x00,0x00,0x00,0x00,0x00,0x00,0x00,
    0x00,0x00,0x00,0x00,0x00,0x00,0x00,0x00,0x00,0x00,0x00,0x00,0x00,0x00,0x00,0x00,0x00,0x00,
    0x00,0x00,0x00,0x00,0x00,0x00,0x7D,0x4E,0xFF,0x7D,0x4E,0xFF,0x7D,0x4E,0xFF,0x7D,0x4E,0xFF,
    0x7D,0x4E,0xFF,0x00,0x00,0x00,0x31,0xF3,0xFF,0x31,0xF3,0xFF,0x31,0xF3,0xFF,0x31,0xF3,0xFF,
    0x31,0xF3,0xFF,0x31,0xF3,0xFF,0x31,0xF3,0xFF,0x31,0xF3,0xFF,0x31,0xF3,0xFF,0x31,0xF3,0xFF,
    0x31,0xF3,0xFF,0x31,0xF3,0xFF,0x31,0xF3,0xFF,0x31,0xF3,0xFF,0x31,0xF3,0xFF,0x31,0xF3,0xFF,
    0x00,0x00,0x00,0x00,0x00,0x00,0x00,0x00,0x00,0x00,0x00,0x00,0x00,0x00,0x00,0x00,0x00,0x00,
    0x8F,0x63,0xFF,0x8F,0x63,0xFF,0x8F,0x63,0xFF,0x8F,0x63,0xFF,0x8F,0x63,0xFF,0x8F,0x63,0xFF,
    0x8F,0x63,0xFF,0x3D,0xC7,0xFF,0x3D,0xC7,0xFF,0x3D,0xC7,0xFF,0x6B,0xFE,0xFF,0x6B,0xFE,0xFF,
    0x6B,0xFE,0xFF,0x6B,0xFE,0xFF,0x6B,0xFE,0xFF,0x6B,0xFE,0xFF,0x6B,0xFE,0xFF,0x6B,0xFE,0xFF,
    0x6B,0xFE,0xFF,0x6B,0xFE,0xFF,0x6B,0xFE,0xFF,0x6B,0xFE,0xFF,0x6B,0xFE,0xFF,0x6B,0xFE,0xFF,
    0x6B,0xFE,0xFF,0x6B,0xFE,0xFF,0x3D,0xC7,0xFF,0x3D,0xC7,0xFF,0x3D,0xC7,0xFF,0x3D,0xC7,0xFF,
    0x8F,0x63,0xFF,0x8F,0x63,0xFF,0x8F,0x63,0xFF,0x8F,0x63,0xFF,0x8F,0x63,0xFF,0x8F,0x63,0xFF,
    0x00,0x00,0x00,0x00,0x00,0x00,0x00,0x00,0x00,0x00,0x00,0x00,0x00,0x00,0x00,0x00,0x00,0x00,
    0x31,0xF3,0xFF,0x31,0xF3,0xFF,0x31,0xF3,0xFF,0x31,0xF3,0xFF,0x31,0xF3,0xFF,0x31,0xF3,0xFF,
    0x31,0xF3,0xFF,0x31,0xF3,0xFF,0x31,0xF3,0xFF,0x31,0xF3,0xFF,0x31,0xF3,0xFF,0x31,0xF3,0xFF,
    0x31,0xF3,0xFF,0x31,0xF3,0xFF,0x31,0xF3,0xFF,0x31,0xF3,0xFF,0x00,0x00,0x00,0x00,0x00,0x00,
    0x00,0x00,0x00,0x00,0x00,0x00,0x00,0x00,0x00,0x00,0x00,0x00,0x00,0x00,0x00,0x00,0x00,0x00,
    0x00,0x00,0x00,0x00,0x00,0x00,0x7D,0x4E,0xFF,0x7D,0x4E,0xFF,0x7D,0x4E,0xFF,0x7D,0x4E,0xFF,
    0x7D,0x4E,0xFF,0x00,0x00,0x00,0x00,0x00,0x00,0x31,0xF3,0xFF,0x31,0xF3,0xFF,0x31,0xF3,0xFF,
    0x31,0xF3,0xFF,0x31,0xF3,0xFF,0x31,0xF3,0xFF,0x31,0xF3,0xFF,0x31,0xF3,0xFF,0x31,0xF3,0xFF,
    0x31,0xF3,0xFF,0x31,0xF3,0xFF,0x31,0xF3,0xFF,0x31,0xF3,0xFF,0x31,0xF3,0xFF,0x00,0x00,0x00,
    0x00,0x00,0x00,0x00,0x00,0x00,0x00,0x00,0x00,0x00,0x00,0x00,0x00,0x00,0x00,0x00,0x00,0x00,
    0x8F,0x63,0xFF,0x8F,0x63,0xFF,0x8F,0x63,0xFF,0x8F,0x63,0xFF,0x8F,0x63,0xFF,0x8F,0x63,0xFF,
    0x8F,0x63,0xFF,0x3D,0xC7,0xFF,0x3D,0xC7,0xFF,0x3D,0xC7,0xFF,0x6B,0xFE,0xFF,0x6B,0xFE,0xFF,
    0x6B,0xFE,0xFF,0x6B,0xFE,0xFF,0x6B,0xFE,0xFF,0x6B,0xFE,0xFF,0x6B,0xFE,0xFF,0x6B,0xFE,0xFF,
    0x6B,0xFE,0xFF,0x6B,0xFE,0xFF,0x6B,0xFE,0xFF,0x6B,0xFE,0xFF,0x6B,0xFE,0xFF,0x6B,0xFE,0xFF,
    0x6B,0xFE,0xFF,0x6B,0xFE,0xFF,0x3D,0xC7,0xFF,0x3D,0xC7,0xFF,0x3D,0xC7,0xFF,0x3D,0xC7,0xFF,
    0x8F,0x63,0xFF,0x8F,0x63,0xFF,0x8F,0x63,0xFF,0x8F,0x63,0xFF,0x8F,0x63,0xFF,0x8F,0x63,0xFF,
    0x00,0x00,0x00,0x00,0x00,0x00,0x00,0x00,0x00,0x00,0x00,0x00,0x00,0x00,0x00,0x00,0x00,0x00,
    0x00,0x00,0x00,0x31,0xF3,0xFF,0x31,0xF3,0xFF,0x31,0xF3,0xFF,0x31,0xF3,0xFF,0x31,0xF3,0xFF,
    0x31,0xF3,0xFF,0x31,0xF3,0xFF,0x31,0xF3,0xFF,0x31,0xF3,0xFF,0x31,0xF3,0xFF,0x31,0xF3,0xFF,
    0x31,0xF3,0xFF,0x31,0xF3,0xFF,0x31,0xF3,0xFF,0x00,0x00,0x00,0x00,0x00,0x00,0x00,0x00,0x00,
    0x7D,0x4E,0xFF,0x7D,0x4E,0xFF,0x7D,0x4E,0xFF,0x7D,0x4E,0xFF,0x7D,0x4E,0xFF,0x00,0x00,0x00,
    0x00,0x00,0x00,0x00,0x00,0x00,0x7D,0x4E,0xFF,0x7D,0x4E,0xFF,0x7D,0x4E,0xFF,0x7D,0x4E,0xFF,
    0x7D,0x4E,0xFF,0x00,0x00,0x00,0x00,0x00,0x00,0x31,0xF3,0xFF,0x31,0xF3,0xFF,0x31,0xF3,0xFF,
    0x31,0xF3,0xFF,0x31,0xF3,0xFF,0x31,0xF3,0xFF,0x31,0xF3,0xFF,0x31,0xF3,0xFF,0x31,0xF3,0xFF,
    0x31,0xF3,0xFF,0x31,0xF3,0xFF,0x31,0xF3,0xFF,0x31,0xF3,0xFF,0x31,0xF3,0xFF,0x00,0x00,0x00,
    0x00,0x00,0x00,0x00,0x00,0x00,0x00,0x00,0x00,0x00,0x00,0x00,0x00,0x00,0x00,0x00,0x00,0x00,
    0x8F,0x63,0xFF,0x8F,0x63,0xFF,0x8F,0x63,0xFF,0x8F,0x63,0xFF,0x8F,0x63,0xFF,0x8F,0x63,0xFF,
    0x8F,0x63,0xFF,0x3D,0xC7,0xFF,0x3D,0xC7,0xFF,0x3D,0xC7,0xFF,0x6B,0xFE,0xFF,0x6B,0xFE,0xFF,
    0x6B,0xFE,0xFF,0x6B,0xFE,0xFF,0x6B,0xFE,0xFF,0x6B,0xFE,0xFF,0x6B,0xFE,0xFF,0x6B,0xFE,0xFF,
    0x6B,0xFE,0xFF,0x6B,0xFE,0xFF,0x6B,0xFE,0xFF,0x6B,0xFE,0xFF,0x6B,0xFE,0xFF,0x6B,0xFE,0xFF,
    0x6B,0xFE,0xFF,0x6B,0xFE,0xFF,0x3D,0xC7,0xFF,0x3D,0xC7,0xFF,0x3D,0xC7,0xFF,0x3D,0xC7,0xFF,
    0x8F,0x63,0xFF,0x8F,0x63,0xFF,0x8F,0x63,0xFF,0x8F,0x63,0xFF,0x8F,0x63,0xFF,0x8F,0x63,0xFF,
    0x00,0x00,0x00,0x00,0x00,0x00,0x00,0x00,0x00,0x00,0x00,0x00,0x00,0x00,0x00,0x00,0x00,0x00,
    0x00,0x00,0x00,0x31,0xF3,0xFF,0x31,0xF3,0xFF,0x31,0xF3,0xFF,0x31,0xF3,0xFF,0x31,0xF3,0xFF,
    0x31,0xF3,0xFF,0x31,0xF3,0xFF,0x31,0xF3,0xFF,0x31,0xF3,0xFF,0x31,0xF3,0xFF,0x31,0xF3,0xFF,
    0x31,0xF3,0xFF,0x31,0xF3,0xFF,0x31,0xF3,0xFF,0x00,0x00,0x00,0x00,0x00,0x00,0x00,0x00,0x00,
    0x7D,0x4E,0xFF,0x7D,0x4E,0xFF,0x7D,0x4E,0xFF,0x7D,0x4E,0xFF,0x7D,0x4E,0xFF,0x00,0x00,0x00,
    0x00,0x00,0x00,0x00,0x00,0x00,0x7D,0x4E,0xFF,0x7D,0x4E,0xFF,0x7D,0x4E,0xFF,0x7D,0x4E,0xFF,
    0x7D,0x4E,0xFF,0x00,0x00,0x00,0x00,0x00,0x00,0x31,0xF3,0xFF,0x31,0xF3,0xFF,0x31,0xF3,0xFF,
    0x31,0xF3,0xFF,0x31,0xF3,0xFF,0x31,0xF3,0xFF,0x31,0xF3,0xFF,0x31,0xF3,0xFF,0x31,0xF3,0xFF,
    0x31,0xF3,0xFF,0x31,0xF3,0xFF,0x31,0xF3,0xFF,0x31,0xF3,0xFF,0x31,0xF3,0xFF,0x00,0x00,0x00,
    0x00,0x00,0x00,0x00,0x00,0x00,0x00,0x00,0x00,0x00,0x00,0x00,0x00,0x00,0x00,0x00,0x00,0x00,
    0x8F,0x63,0xFF,0x8F,0x63,0xFF,0x8F,0x63,0xFF,0x8F,0x63,0xFF,0x8F,0x63,0xFF,0x8F,0x63,0xFF,
    0x8F,0x63,0xFF,0x3D,0xC7,0xFF,0x3D,0xC7,0xFF,0x3D,0xC7,0xFF,0x6B,0xFE,0xFF,0x6B,0xFE,0xFF,
    0x6B,0xFE,0xFF,0x6B,0xFE,0xFF,0x6B,0xFE,0xFF,0x6B,0xFE,0xFF,0x6B,0xFE,0xFF,0x6B,0xFE,0xFF,
    0x6B,0xFE,0xFF,0x6B,0xFE,0xFF,0x6B,0xFE,0xFF,0x6B,0xFE,0xFF,0x6B,0xFE,0xFF,0x6B,0xFE,0xFF,
    0x6B,0xFE,0xFF,0x6B,0xFE,0xFF,0x8F,0x63,0xFF,0x8F,0x63,0xFF,0x8F,0x63,0xFF,0x8F,0x63,0xFF,
    0x8F,0x63,0xFF,0x8F,0x63,0xFF,0x8F,0x63,0xFF,0x8F,0x63,0xFF,0x8F,0x63,0xFF,0x8F,0x63,0xFF,
    0x00,0x00,0x00,0x00,0x00,0x00,0x00,0x00,0x00,0x00,0x00,0x00,0x00,0x00,0x00,0x00,0x00,0x00,
    0x00,0x00,0x00,0x31,0xF3,0xFF,0x31,0xF3,0xFF,0x31,0xF3,0xFF,0x31,0xF3,0xFF,0x31,0xF3,0xFF,
    0x31,0xF3,0xFF,0x31,0xF3,0xFF,0x31,0xF3,0xFF,0x31,0xF3,0xFF,0x31,0xF3,0xFF,0x31,0xF3,0xFF,
    0x31,0xF3,0xFF,0x31,0xF3,0xFF,0x31,0xF3,0xFF,0x00,0x00,0x00,0x00,0x00,0x00,0x00,0x00,0x00,
    0x7D,0x4E,0xFF,0x7D,0x4E,0xFF,0x7D,0x4E,0xFF,0x7D,0x4E,0xFF,0x7D,0x4E,0xFF,0x00,0x00,0x00,
    0x00,0x00,0x00,0x00,0x00,0x00,0x7D,0x4E,0xFF,0x7D,0x4E,0xFF,0x7D,0x4E,0xFF,0x7D,0x4E,0xFF,
    0x7D,0x4E,0xFF,0x00,0x00,0x00,0x00,0x00,0x00,0x00,0x00,0x00,0x31,0xF3,0xFF,0x31,0xF3,0xFF,
    0x31,0xF3,0xFF,0x31,0xF3,0xFF,0x31,0xF3,0xFF,0x31,0xF3,0xFF,0x31,0xF3,0xFF,0x31,0xF3,0xFF,
    0x31,0xF3,0xFF,0x31,0xF3,0xFF,0x31,0xF3,0xFF,0x31,0xF3,0xFF,0x00,0x00,0x00,0x00,0x00,0x00,
    0x00,0x00,0x00,0x00,0x00,0x00,0x00,0x00,0x00,0x00,0x00,0x00,0x00,0x00,0x00,0x00,0x00,0x00,
    0x8F,0x63,0xFF,0x8F,0x63,0xFF,0x8F,0x63,0xFF,0x8F,0x63,0xFF,0x8F,0x63,0xFF,0x8F,0x63,0xFF,
    0x8F,0x63,0xFF,0x3D,0xC7,0xFF,0x3D,0xC7,0xFF,0x3D,0xC7,0xFF,0x6B,0xFE,0xFF,0x6B,0xFE,0xFF,
    0x6B,0xFE,0xFF,0x6B,0xFE,0xFF,0x6B,0xFE,0xFF,0x6B,0xFE,0xFF,0x6B,0xFE,0xFF,0x6B,0xFE,0xFF,
    0x6B,0xFE,0xFF,0x6B,0xFE,0xFF,0x6B,0xFE,0xFF,0x6B,0xFE,0xFF,0x6B,0xFE,0xFF,0x6B,0xFE,0xFF,
    0x6B,0xFE,0xFF,0x6B,0xFE,0xFF,0x8F,0x63,0xFF,0x8F,0x63,0xFF,0x8F,0x63,0xFF,0x8F,0x63,0xFF,
    0x8F,0x63,0xFF,0x8F,0x63,0xFF,0x8F,0x63,0xFF,0x8F,0x63,0xFF,0x8F,0x63,0xFF,0x8F,0x63,0xFF,
    0x00,0x00,0x00,0x00,0x00,0x00,0x00,0x00,0x00,0x00,0x00,0x00,0x00,0x00,0x00,0x00,0x00,0x00,
    0x00,0x00,0x00,0x00,0x00,0x00,0x31,0xF3,0xFF,0x31,0xF3,0xFF,0x31,0xF3,0xFF,0x31,0xF3,0xFF,
    0x31,0xF3,0xFF,0x31,0xF3,0xFF,0x31,0xF3,0xFF,0x31,0xF3,0xFF,0x31,0xF3,0xFF,0x31,0xF3,0xFF,
    0x31,0xF3,0xFF,0x31,0xF3,0xFF,0x00,0x00,0x00,0x00,0x00,0x00,0x00,0x00,0x00,0x00,0x00,0x00,
    0x7D,0x4E,0xFF,0x7D,0x4E,0xFF,0x7D,0x4E,0xFF,0x7D,0x4E,0xFF,0x7D,0x4E,0xFF,0x00,0x00,0x00,
    0x00,0x00,0x00,0x00,0x00,0x00,0x7D,0x4E,0xFF,0x7D,0x4E,0xFF,0x7D,0x4E,0xFF,0x7D,0x4E,0xFF,
    0x7D,0x4E,0xFF,0x00,0x00,0x00,0x00,0x00,0x00,0x00,0x00,0x00,0x00,0x00,0x00,0x31,0xF3,0xFF,
    0x31,0xF3,0xFF,0x31,0xF3,0xFF,0x31,0xF3,0xFF,0x31,0xF3,0xFF,0x31,0xF3,0xFF,0x31,0xF3,0xFF,
    0x31,0xF3,0xFF,0x31,0xF3,0xFF,0x31,0xF3,0xFF,0x00,0x00,0x00,0x00,0x00,0x00,0x00,0x00,0x00,
    0x00,0x00,0x00,0x00,0x00,0x00,0x00,0x00,0x00,0x00,0x00,0x00,0x00,0x00,0x00,0x00,0x00,0x00,
    0x8F,0x63,0xFF,0x8F,0x63,0xFF,0x8F,0x63,0xFF,0x8F,0x63,0xFF,0x8F,0x63,0xFF,0x8F,0x63,0xFF,
    0x8F,0x63,0xFF,0x3D,0xC7,0xFF,0x3D,0xC7,0xFF,0x3D,0xC7,0xFF,0x6B,0xFE,0xFF,0x6B,0xFE,0xFF,
    0x6B,0xFE,0xFF,0x6B,0xFE,0xFF,0x6B,0xFE,0xFF,0x6B,0xFE,0xFF,0x6B,0xFE,0xFF,0x6B,0xFE,0xFF,
    0x6B,0xFE,0xFF,0x6B,0xFE,0xFF,0x6B,0xFE,0xFF,0x6B,0xFE,0xFF,0x6B,0xFE,0xFF,0x6B,0xFE,0xFF,
    0x6B,0xFE,0xFF,0x6B,0xFE,0xFF,0x8F,0x63,0xFF,0x8F,0x63,0xFF,0x8F,0x63,0xFF,0x8F,0x63,0xFF,
    0x8F,0x63,0xFF,0x8F,0x63,0xFF,0x8F,0x63,0xFF,0x8F,0x63,0xFF,0x8F,0x63,0xFF,0x8F,0x63,0xFF,
    0x00,0x00,0x00,0x00,0x00,0x00,0x00,0x00,0x00,0x00,0x00,0x00,0x00,0x00,0x00,0x00,0x00,0x00,
    0x00,0x00,0x00,0x00,0x00,0x00,0x00,0x00,0x00,0x31,0xF3,0xFF,0x31,0xF3,0xFF,0x31,0xF3,0xFF,
    0x31,0xF3,0xFF,0x31,0xF3,0xFF,0x31,0xF3,0xFF,0x31,0xF3,0xFF,0x31,0xF3,0xFF,0x31,0xF3,0xFF,
    0x31,0xF3,0xFF,0x00,0x00,0x00,0x00,0x00,0x00,0x00,0x00,0x00,0x00,0x00,0x00,0x00,0x00,0x00,
    0x7D,0x4E,0xFF,0x7D,0x4E,0xFF,0x7D,0x4E,0xFF,0x7D,0x4E,0xFF,0x7D,0x4E,0xFF,0x00,0x00,0x00,
    0x00,0x00,0x00,0x00,0x00,0x00,0x7D,0x4E,0xFF,0x7D,0x4E,0xFF,0x7D,0x4E,0xFF,0x7D,0x4E,0xFF,
    0x7D,0x4E,0xFF,0x00,0x00,0x00,0x00,0x00,0x00,0x00,0x00,0x00,0x00,0x00,0x00,0x00,0x00,0x00,
    0x00,0x00,0x00,0x00,0x00,0x00,0x31,0xF3,0xFF,0x31,0xF3,0xFF,0x31,0xF3,0xFF,0x31,0xF3,0xFF,
    0x7D,0x4E,0xFF,0x00,0x00,0x00,0x00,0x00,0x00,0x00,0x00,0x00,0x00,0x00,0x00,0x00,0x00,0x00,
    0x00,0x00,0x00,0x00,0x00,0x00,0x00,0x00,0x00,0x00,0x00,0x00,0x00,0x00,0x00,0x00,0x00,0x00,
    0x8F,0x63,0xFF,0x8F,0x63,0xFF,0x8F,0x63,0xFF,0x8F,0x63,0xFF,0x8F,0x63,0xFF,0x8F,0x63,0xFF,
    0x8F,0x63,0xFF,0x3D,0xC7,0xFF,0x3D,0xC7,0xFF,0x3D,0xC7,0xFF,0x6B,0xFE,0xFF,0x6B,0xFE,0xFF,
    0x6B,0xFE,0xFF,0x6B,0xFE,0xFF,0x6B,0xFE,0xFF,0x6B,0xFE,0xFF,0x6B,0xFE,0xFF,0x6B,0xFE,0xFF,
    0x6B,0xFE,0xFF,0x6B,0xFE,0xFF,0x6B,0xFE,0xFF,0x6B,0xFE,0xFF,0x6B,0xFE,0xFF,0x6B,0xFE,0xFF,
    0x6B,0xFE,0xFF,0x6B,0xFE,0xFF,0x3D,0xC7,0xFF,0x3D,0xC7,0xFF,0x3D,0xC7,0xFF,0x3D,0xC7,0xFF,
    0x8F,0x63,0xFF,0x8F,0x63,0xFF,0x8F,0x63,0xFF,0x8F,0x63,0xFF,0x8F,0x63,0xFF,0x8F,0x63,0xFF,
    0x00,0x00,0x00,0x00,0x00,0x00,0x00,0x00,0x00,0x00,0x00,0x00,0x00,0x00,0x00,0x00,0x00,0x00,
    0x00,0x00,0x00,0x00,0x00,0x00,0x00,0x00,0x00,0x00,0x00,0x00,0x00,0x00,0x00,0x00,0x00,0x00,
    0x31,0xF3,0xFF,0x31,0xF3,0xFF,0x31,0xF3,0xFF,0x31,0xF3,0xFF,0x7D,0x4E,0xFF,0x00,0x00,0x00,
    0x00,0x00,0x00,0x00,0x00,0x00,0x00,0x00,0x00,0x00,0x00,0x00,0x00,0x00,0x00,0x00,0x00,0x00,
    0x7D,0x4E,0xFF,0x7D,0x4E,0xFF,0x7D,0x4E,0xFF,0x7D,0x4E,0xFF,0x7D,0x4E,0xFF,0x00,0x00,0x00,
    0x00,0x00,0x00,0x00,0x00,0x00,0x7D,0x4E,0xFF,0x7D,0x4E,0xFF,0x7D,0x4E,0xFF,0x7D,0x4E,0xFF,
    0x7D,0x4E,0xFF,0x00,0x00,0x00,0x00,0x00,0x00,0x00,0x00,0x00,0x00,0x00,0x00,0x00,0x00,0x00,
    0x00,0x00,0x00,0x00,0x00,0x00,0x00,0x00,0x00,0x7D,0x4E,0xFF,0x7D,0x4E,0xFF,0x7D,0x4E,0xFF,
    0x7D,0x4E,0xFF,0x7D,0x4E,0xFF,0x00,0x00,0x00,0x00,0x00,0x00,0x00,0x00,0x00,0x00,0x00,0x00,
    0x00,0x00,0x00,0x00,0x00,0x00,0x00,0x00,0x00,0x00,0x00,0x00,0x00,0x00,0x00,0x00,0x00,0x00,
    0x8F,0x63,0xFF,0x8F,0x63,0xFF,0x8F,0x63,0xFF,0x8F,0x63,0xFF,0x8F,0x63,0xFF,0x8F,0x63,0xFF,
    0x8F,0x63,0xFF,0x3D,0xC7,0xFF,0x3D,0xC7,0xFF,0x3D,0xC7,0xFF,0x3D,0xC7,0xFF,0x6B,0xFE,0xFF,
    0x6B,0xFE,0xFF,0x6B,0xFE,0xFF,0x6B,0xFE,0xFF,0x6B,0xFE,0xFF,0x6B,0xFE,0xFF,0x6B,0xFE,0xFF,
    0x6B,0xFE,0xFF,0x6B,0xFE,0xFF,0x6B,0xFE,0xFF,0x6B,0xFE,0xFF,0x6B,0xFE,0xFF,0x6B,0xFE,0xFF,
    0x6B,0xFE,0xFF,0x3D,0xC7,0xFF,0x3D,0xC7,0xFF,0x3D,0xC7,0xFF,0x3D,0xC7,0xFF,0x3D,0xC7,0xFF,
    0x8F,0x63,0xFF,0x8F,0x63,0xFF,0x8F,0x63,0xFF,0x8F,0x63,0xFF,0x8F,0x63,0xFF,0x8F,0x63,0xFF,
    0x00,0x00,0x00,0x00,0x00,0x00,0x00,0x00,0x00,0x00,0x00,0x00,0x00,0x00,0x00,0x00,0x00,0x00,
    0x00,0x00,0x00,0x00,0x00,0x00,0x00,0x00,0x00,0x00,0x00,0x00,0x00,0x00,0x00,0x7D,0x4E,0xFF,
    0x7D,0x4E,0xFF,0x7D,0x4E,0xFF,0x7D,0x4E,0xFF,0x7D,0x4E,0xFF,0x00,0x00,0x00,0x00,0x00,0x00,
    0x00,0x00,0x00,0x00,0x00,0x00,0x00,0x00,0x00,0x00,0x00,0x00,0x00,0x00,0x00,0x00,0x00,0x00,
    0x7D,0x4E,0xFF,0x7D,0x4E,0xFF,0x7D,0x4E,0xFF,0x7D,0x4E,0xFF,0x7D,0x4E,0xFF,0x00,0x00,0x00,
    0x00,0x00,0x00,0x00,0x00,0x00,0x00,0x00,0x00,0x7D,0x4E,0xFF,0x7D,0x4E,0xFF,0x7D,0x4E,0xFF,
    0x7D,0x4E,0xFF,0x7D,0x4E,0xFF,0x00,0x00,0x00,0x00,0x00,0x00,0x00,0x00,0x00,0x00,0x00,0x00,
    0x00,0x00,0x00,0x00,0x00,0x00,0x00,0x00,0x00,0x7D,0x4E,0xFF,0x7D,0x4E,0xFF,0x7D,0x4E,0xFF,
    0x7D,0x4E,0xFF,0x7D,0x4E,0xFF,0x00,0x00,0x00,0x00,0x00,0x00,0x00,0x00,0x00,0x00,0x00,0x00,
    0x00,0x00,0x00,0x00,0x00,0x00,0x00,0x00,0x00,0x00,0x00,0x00,0x00,0x00,0x00,0x00,0x00,0x00,
    0x8F,0x63,0xFF,0x8F,0x63,0xFF,0x8F,0x63,0xFF,0x8F,0x63,0xFF,0x8F,0x63,0xFF,0x8F,0x63,0xFF,
    0x8F,0x63,0xFF,0x3D,0xC7,0xFF,0x3D,0xC7,0xFF,0x3D,0xC7,0xFF,0x3D,0xC7,0xFF,0x3D,0xC7,0xFF,
    0x6B,0xFE,0xFF,0x6B,0xFE,0xFF,0x6B,0xFE,0xFF,0x6B,0xFE,0xFF,0x6B,0xFE,0xFF,0x6B,0xFE,0xFF,
    0x6B,0xFE,0xFF,0x6B,0xFE,0xFF,0x6B,0xFE,0xFF,0x6B,0xFE,0xFF,0x6B,0xFE,0xFF,0x6B,0xFE,0xFF,
    0x3D,0xC7,0xFF,0x3D,0xC7,0xFF,0x3D,0xC7,0xFF,0x3D,0xC7,0xFF,0x3D,0xC7,0xFF,0x3D,0xC7,0xFF,
    0x8F,0x63,0xFF,0x8F,0x63,0xFF,0x8F,0x63,0xFF,0x8F,0x63,0xFF,0x8F,0x63,0xFF,0x8F,0x63,0xFF,
    0x00,0x00,0x00,0x00,0x00,0x00,0x00,0x00,0x00,0x00,0x00,0x00,0x00,0x00,0x00,0x00,0x00,0x00,
    0x00,0x00,0x00,0x00,0x00,0x00,0x00,0x00,0x00,0x00,0x00,0x00,0x00,0x00,0x00,0x7D,0x4E,0xFF,
    0x7D,0x4E,0xFF,0x7D,0x4E,0xFF,0x7D,0x4E,0xFF,0x7D,0x4E,0xFF,0x00,0x00,0x00,0x00,0x00,0x00,
    0x00,0x00,0x00,0x00,0x00,0x00,0x00,0x00,0x00,0x00,0x00,0x00,0x00,0x00,0x00,0x7D,0x4E,0xFF,
    0x7D,0x4E,0xFF,0x7D,0x4E,0xFF,0x7D,0x4E,0xFF,0x7D,0x4E,0xFF,0x00,0x00,0x00,0x00,0x00,0x00,
    0x00,0x00,0x00,0x00,0x00,0x00,0x00,0x00,0x00,0x7D,0x4E,0xFF,0x7D,0x4E,0xFF,0x7D,0x4E,0xFF,
    0x7D,0x4E,0xFF,0x7D,0x4E,0xFF,0x00,0x00,0x00,0x00,0x00,0x00,0x00,0x00,0x00,0x00,0x00,0x00,
    0x00,0x00,0x00,0x00,0x00,0x00,0x00,0x00,0x00,0x7D,0x4E,0xFF,0x7D,0x4E,0xFF,0x7D,0x4E,0xFF,
    0x7D,0x4E,0xFF,0x7D,0x4E,0xFF,0x00,0x00,0x00,0x00,0x00,0x00,0x00,0x00,0x00,0x00,0x00,0x00,
    0x00,0x00,0x00,0x00,0x00,0x00,0x00,0x00,0x00,0x00,0x00,0x00,0x00,0x00,0x00,0x00,0x00,0x00,
    0x8F,0x63,0xFF,0x8F,0x63,0xFF,0x8F,0x63,0xFF,0x8F,0x63,0xFF,0x8F,0x63,0xFF,0x8F,0x63,0xFF,
    0x8F,0x63,0xFF,0x3D,0xC7,0xFF,0x3D,0xC7,0xFF,0x3D,0xC7,0xFF,0x8F,0x63,0xFF,0x8F,0x63,0xFF,
    0x8F,0x63,0xFF,0x8F,0x63,0xFF,0x8F,0x63,0xFF,0x3D,0xC7,0xFF,0x3D,0xC7,0xFF,0x3D,0xC7,0xFF,
    0x8F,0x63,0xFF,0x8F,0x63,0xFF,0x8F,0x63,0xFF,0x8F,0x63,0xFF,0x8F,0x63,0xFF,0x3D,0xC7,0xFF,
    0x3D,0xC7,0xFF,0x3D,0xC7,0xFF,0x8F,0x63,0xFF,0x8F,0x63,0xFF,0x8F,0x63,0xFF,0x8F,0x63,0xFF,
    0x8F,0x63,0xFF,0x8F,0x63,0xFF,0x8F,0x63,0xFF,0x8F,0x63,0xFF,0x8F,0x63,0xFF,0x8F,0x63,0xFF,
    0x00,0x00,0x00,0x00,0x00,0x00,0x00,0x00,0x00,0x00,0x00,0x00,0x00,0x00,0x00,0x00,0x00,0x00,
    0x00,0x00,0x00,0x00,0x00,0x00,0x00,0x00,0x00,0x00,0x00,0x00,0x00,0x00,0x00,0x7D,0x4E,0xFF,
    0x7D,0x4E,0xFF,0x7D,0x4E,0xFF,0x7D,0x4E,0xFF,0x7D,0x4E,0xFF,0x00,0x00,0x00,0x00,0x00,0x00,
    0x00,0x00,0x00,0x00,0x00,0x00,0x00,0x00,0x00,0x00,0x00,0x00,0x00,0x00,0x00,0x7D,0x4E,0xFF,
    0x7D,0x4E,0xFF,0x7D,0x4E,0xFF,0x7D,0x4E,0xFF,0x7D,0x4E,0xFF,0x00,0x00,0x00,0x00,0x00,0x00,
    0x00,0x00,0x00,0x00,0x00,0x00,0x00,0x00,0x00,0x7D,0x4E,0xFF,0x7D,0x4E,0xFF,0x7D,0x4E,0xFF,
    0x7D,0x4E,0xFF,0x7D,0x4E,0xFF,0x00,0x00,0x00,0x00,0x00,0x00,0x00,0x00,0x00,0x00,0x00,0x00,
    0x00,0x00,0x00,0x00,0x00,0x00,0x00,0x00,0x00,0x7D,0x4E,0xFF,0x7D,0x4E,0xFF,0x7D,0x4E,0xFF,
    0x7D,0x4E,0xFF,0x7D,0x4E,0xFF,0x00,0x00,0x00,0x00,0x00,0x00,0x00,0x00,0x00,0x00,0x00,0x00,
    0x00,0x00,0x00,0x00,0x00,0x00,0x00,0x00,0x00,0x00,0x00,0x00,0x00,0x00,0x00,0x00,0x00,0x00,
    0x8F,0x63,0xFF,0x8F,0x63,0xFF,0x8F,0x63,0xFF,0x8F,0x63,0xFF,0x8F,0x63,0xFF,0x8F,0x63,0xFF,
    0x8F,0x63,0xFF,0x3D,0xC7,0xFF,0x3D,0xC7,0xFF,0x3D,0xC7,0xFF,0x8F,0x63,0xFF,0x8F,0x63,0xFF,
    0x8F,0x63,0xFF,0x8F,0x63,0xFF,0x8F,0x63,0xFF,0x3D,0xC7,0xFF,0x3D,0xC7,0xFF,0x3D,0xC7,0xFF,
    0x8F,0x63,0xFF,0x8F,0x63,0xFF,0x8F,0x63,0xFF,0x8F,0x63,0xFF,0x8F,0x63,0xFF,0x3D,0xC7,0xFF,
    0x3D,0xC7,0xFF,0x3D,0xC7,0xFF,0x8F,0x63,0xFF,0x8F,0x63,0xFF,0x8F,0x63,0xFF,0x8F,0x63,0xFF,
    0x8F,0x63,0xFF,0x8F,0x63,0xFF,0x8F,0x63,0xFF,0x8F,0x63,0xFF,0x8F,0x63,0xFF,0x8F,0x63,0xFF,
    0x00,0x00,0x00,0x00,0x00,0x00,0x00,0x00,0x00,0x00,0x00,0x00,0x00,0x00,0x00,0x00,0x00,0x00,
    0x00,0x00,0x00,0x00,0x00,0x00,0x00,0x00,0x00,0x00,0x00,0x00,0x00,0x00,0x00,0x7D,0x4E,0xFF,
    0x7D,0x4E,0xFF,0x7D,0x4E,0xFF,0x7D,0x4E,0xFF,0x7D,0x4E,0xFF,0x00,0x00,0x00,0x00,0x00,0x00,
    0x00,0x00,0x00,0x00,0x00,0x00,0x00,0x00,0x00,0x00,0x00,0x00,0x00,0x00,0x00,0x7D,0x4E,0xFF,
    0x7D,0x4E,0xFF,0x7D,0x4E,0xFF,0x7D,0x4E,0xFF,0x7D,0x4E,0xFF,0x00,0x00,0x00,0x00,0x00,0x00,
    0x00,0x00,0x00,0x00,0x00,0x00,0x00,0x00,0x00,0x7D,0x4E,0xFF,0x7D,0x4E,0xFF,0x7D,0x4E,0xFF,
    0x7D,0x4E,0xFF,0x7D,0x4E,0xFF,0x00,0x00,0x00,0x00,0x00,0x00,0x00,0x00,0x00,0x00,0x00,0x00,
    0x00,0x00,0x00,0x00,0x00,0x00,0x00,0x00,0x00,0x7D,0x4E,0xFF,0x7D,0x4E,0xFF,0x7D,0x4E,0xFF,
    0x7D,0x4E,0xFF,0x7D,0x4E,0xFF,0x7D,0x4E,0xFF,0x00,0x00,0x00,0x00,0x00,0x00,0x00,0x00,0x00,
    0x00,0x00,0x00,0x00,0x00,0x00,0x00,0x00,0x00,0x00,0x00,0x00,0x00,0x00,0x00,0x00,0x00,0x00,
    0x8F,0x63,0xFF,0x8F,0x63,0xFF,0x8F,0x63,0xFF,0x8F,0x63,0xFF,0x8F,0x63,0xFF,0x8F,0x63,0xFF,
    0x8F,0x63,0xFF,0x3D,0xC7,0xFF,0x3D,0xC7,0xFF,0x3D,0xC7,0xFF,0x8F,0x63,0xFF,0x8F,0x63,0xFF,
    0x8F,0x63,0xFF,0x8F,0x63,0xFF,0x8F,0x63,0xFF,0x3D,0xC7,0xFF,0x3D,0xC7,0xFF,0x3D,0xC7,0xFF,
    0x8F,0x63,0xFF,0x8F,0x63,0xFF,0x8F,0x63,0xFF,0x8F,0x63,0xFF,0x8F,0x63,0xFF,0x3D,0xC7,0xFF,
    0x3D,0xC7,0xFF,0x3D,0xC7,0xFF,0x8F,0x63,0xFF,0x8F,0x63,0xFF,0x8F,0x63,0xFF,0x8F,0x63,0xFF,
    0x8F,0x63,0xFF,0x8F,0x63,0xFF,0x8F,0x63,0xFF,0x8F,0x63,0xFF,0x8F,0x63,0xFF,0x8F,0x63,0xFF,
    0x00,0x00,0x00,0x00,0x00,0x00,0x00,0x00,0x00,0x00,0x00,0x00,0x00,0x00,0x00,0x00,0x00,0x00,
    0x00,0x00,0x00,0x00,0x00,0x00,0x00,0x00,0x00,0x00,0x00,0x00,0x7D,0x4E,0xFF,0x7D,0x4E,0xFF,
    0x7D,0x4E,0xFF,0x7D,0x4E,0xFF,0x7D,0x4E,0xFF,0x7D,0x4E,0xFF,0x00,0x00,0x00,0x00,0x00,0x00,
    0x00,0x00,0x00,0x00,0x00,0x00,0x00,0x00,0x00,0x00,0x00,0x00,0x00,0x00,0x00,0x7D,0x4E,0xFF,
    0x7D,0x4E,0xFF,0x7D,0x4E,0xFF,0x7D,0x4E,0xFF,0x7D,0x4E,0xFF,0x00,0x00,0x00,0x00,0x00,0x00,
    0x00,0x00,0x00,0x00,0x00,0x00,0x00,0x00,0x00,0x7D,0x4E,0xFF,0x7D,0x4E,0xFF,0x7D,0x4E,0xFF,
    0x7D,0x4E,0xFF,0x7D,0x4E,0xFF,0x00,0x00,0x00,0x00,0x00,0x00,0x00,0x00,0x00,0x00,0x00,0x00,
    0x00,0x00,0x00,0x00,0x00,0x00,0x00,0x00,0x00,0x00,0x00,0x00,0x7D,0x4E,0xFF,0x7D,0x4E,0xFF,
    0x7D,0x4E,0xFF,0x7D,0x4E,0xFF,0x7D,0x4E,0xFF,0x00,0x00,0x00,0x00,0x00,0x00,0x00,0x00,0x00,
    0x00,0x00,0x00,0x00,0x00,0x00,0x00,0x00,0x00,0x00,0x00,0x00,0x00,0x00,0x00,0x00,0x00,0x00,
    0x8F,0x63,0xFF,0x8F,0x63,0xFF,0x8F,0x63,0xFF,0x8F,0x63,0xFF,0x8F,0x63,0xFF,0x8F,0x63,0xFF,
    0x8F,0x63,0xFF,0x3D,0xC7,0xFF,0x3D,0xC7,0xFF,0x3D,0xC7,0xFF,0x8F,0x63,0xFF,0x8F,0x63,0xFF,
    0x8F,0x63,0xFF,0x8F,0x63,0xFF,0x8F,0x63,0xFF,0x3D,0xC7,0xFF,0x3D,0xC7,0xFF,0x3D,0xC7,0xFF,
    0x8F,0x63,0xFF,0x8F,0x63,0xFF,0x8F,0x63,0xFF,0x8F,0x63,0xFF,0x8F,0x63,0xFF,0x3D,0xC7,0xFF,
    0x3D,0xC7,0xFF,0x3D,0xC7,0xFF,0x8F,0x63,0xFF,0x8F,0x63,0xFF,0x8F,0x63,0xFF,0x8F,0x63,0xFF,
    0x8F,0x63,0xFF,0x8F,0x63,0xFF,0x8F,0x63,0xFF,0x8F,0x63,0xFF,0x8F,0x63,0xFF,0x8F,0x63,0xFF,
    0x00,0x00,0x00,0x00,0x00,0x00,0x00,0x00,0x00,0x00,0x00,0x00,0x00,0x00,0x00,0x00,0x00,0x00,
    0x00,0x00,0x00,0x00,0x00,0x00,0x00,0x00,0x00,0x00,0x00,0x00,0x7D,0x4E,0xFF,0x7D,0x4E,0xFF,
    0x7D,0x4E,0xFF,0x7D,0x4E,0xFF,0x7D,0x4E,0xFF,0x00,0x00,0x00,0x00,0x00,0x00,0x00,0x00,0x00,
    0x00,0x00,0x00,0x00,0x00,0x00,0x00,0x00,0x00,0x00,0x00,0x00,0x00,0x00,0x00,0x7D,0x4E,0xFF,
    0x7D,0x4E,0xFF,0x7D,0x4E,0xFF,0x7D,0x4E,0xFF,0x7D,0x4E,0xFF,0x00,0x00,0x00,0x00,0x00,0x00,
    0x00,0x00,0x00,0x00,0x00,0x00,0x00,0x00,0x00,0x00,0x00,0x00,0x7D,0x4E,0xFF,0x7D,0x4E,0xFF,
    0x7D,0x4E,0xFF,0x7D,0x4E,0xFF,0x7D,0x4E,0xFF,0x00,0x00,0x00,0x00,0x00,0x00,0x00,0x00,0x00,
    0x00,0x00,0x00,0x00,0x00,0x00,0x00,0x00,0x00,0x00,0x00,0x00,0x7D,0x4E,0xFF,0x7D,0x4E,0xFF,
    0x7D,0x4E,0xFF,0x7D,0x4E,0xFF,0x7D,0x4E,0xFF,0x7D,0x4E,0xFF,0x00,0x00,0x00,0x00,0x00,0x00,
    0x00,0x00,0x00,0x00,0x00,0x00,0x00,0x00,0x00,0x00,0x00,0x00,0x00,0x00,0x00,0x00,0x00,0x00,
    0x00,0x00,0x00,0x8F,0x63,0xFF,0x8F,0x63,0xFF,0x8F,0x63,0xFF,0x8F,0x63,0xFF,0x8F,0x63,0xFF,
    0x8F,0x63,0xFF,0x8F,0x63,0xFF,0x8F,0x63,0xFF,0x8F,0x63,0xFF,0x8F,0x63,0xFF,0x8F,0x63,0xFF,
    0x8F,0x63,0xFF,0x8F,0x63,0xFF,0x8F,0x63,0xFF,0x8F,0x63,0xFF,0x8F,0x63,0xFF,0x8F,0x63,0xFF,
    0x8F,0x63,0xFF,0x8F,0x63,0xFF,0x8F,0x63,0xFF,0x8F,0x63,0xFF,0x8F,0x63,0xFF,0x8F,0x63,0xFF,
    0x8F,0x63,0xFF,0x8F,0x63,0xFF,0x8F,0x63,0xFF,0x8F,0x63,0xFF,0x8F,0x63,0xFF,0x8F,0x63,0xFF,
    0x8F,0x63,0xFF,0x8F,0x63,0xFF,0x8F,0x63,0xFF,0x8F,0x63,0xFF,0x8F,0x63,0xFF,0x00,0x00,0x00,
    0x00,0x00,0x00,0x00,0x00,0x00,0x00,0x00,0x00,0x00,0x00,0x00,0x00,0x00,0x00,0x00,0x00,0x00,
    0x00,0x00,0x00,0x00,0x00,0x00,0x00,0x00,0x00,0x7D,0x4E,0xFF,0x7D,0x4E,0xFF,0x7D,0x4E,0xFF,
    0x7D,0x4E,0xFF,0x7D,0x4E,0xFF,0x7D,0x4E,0xFF,0x00,0x00,0x00,0x00,0x00,0x00,0x00,0x00,0x00,
    0x00,0x00,0x00,0x00,0x00,0x00,0x00,0x00,0x00,0x00,0x00,0x00,0x7D,0x4E,0xFF,0x7D,0x4E,0xFF,
    0x7D,0x4E,0xFF,0x7D,0x4E,0xFF,0x7D,0x4E,0xFF,0x00,0x00,0x00,0x00,0x00,0x00,0x00,0x00,0x00,
    0x00,0x00,0x00,0x00,0x00,0x00,0x00,0x00,0x00,0x00,0x00,0x00,0x7D,0x4E,0xFF,0x7D,0x4E,0xFF,
    0x7D,0x4E,0xFF,0x7D,0x4E,0xFF,0x7D,0x4E,0xFF,0x00,0x00,0x00,0x00,0x00,0x00,0x00,0x00,0x00,
    0x00,0x00,0x00,0x00,0x00,0x00,0x00,0x00,0x00,0x00,0x00,0x00,0x00,0x00,0x00,0x7D,0x4E,0xFF,
    0x7D,0x4E,0xFF,0x7D,0x4E,0xFF,0x7D,0x4E,0xFF,0x7D,0x4E,0xFF,0x00,0x00,0x00,0x00,0x00,0x00,
    0x00,0x00,0x00,0x00,0x00,0x00,0x00,0x00,0x00,0x00,0x00,0x00,0x00,0x00,0x00,0x00,0x00,0x00,
    0x00,0x00,0x00,0x8F,0x63,0xFF,0x8F,0x63,0xFF,0x8F,0x63,0xFF,0x8F,0x63,0xFF,0x8F,0x63,0xFF,
    0x8F,0x63,0xFF,0x8F,0x63,0xFF,0x8F,0x63,0xFF,0x8F,0x63,0xFF,0x8F,0x63,0xFF,0x8F,0x63,0xFF,
    0x8F,0x63,0xFF,0x8F,0x63,0xFF,0x8F,0x63,0xFF,0x8F,0x63,0xFF,0x8F,0x63,0xFF,0x8F,0x63,0xFF,
    0x8F,0x63,0xFF,0x8F,0x63,0xFF,0x8F,0x63,0xFF,0x8F,0x63,0xFF,0x8F,0x63,0xFF,0x8F,0x63,0xFF,
    0x8F,0x63,0xFF,0x8F,0x63,0xFF,0x8F,0x63,0xFF,0x8F,0x63,0xFF,0x8F,0x63,0xFF,0x8F,0x63,0xFF,
    0x8F,0x63,0xFF,0x8F,0x63,0xFF,0x8F,0x63,0xFF,0x8F,0x63,0xFF,0x8F,0x63,0xFF,0x00,0x00,0x00,
    0x00,0x00,0x00,0x00,0x00,0x00,0x00,0x00,0x00,0x00,0x00,0x00,0x00,0x00,0x00,0x00,0x00,0x00,
    0x00,0x00,0x00,0x00,0x00,0x00,0x00,0x00,0x00,0x7D,0x4E,0xFF,0x7D,0x4E,0xFF,0x7D,0x4E,0xFF,
    0x7D,0x4E,0xFF,0x7D,0x4E,0xFF,0x00,0x00,0x00,0x00,0x00,0x00,0x00,0x00,0x00,0x00,0x00,0x00,
    0x00,0x00,0x00,0x00,0x00,0x00,0x00,0x00,0x00,0x00,0x00,0x00,0x7D,0x4E,0xFF,0x7D,0x4E,0xFF,
    0x7D,0x4E,0xFF,0x7D,0x4E,0xFF,0x7D,0x4E,0xFF,0x00,0x00,0x00,0x00,0x00,0x00,0x00,0x00,0x00,
    0x00,0x00,0x00,0x00,0x00,0x00,0x00,0x00,0x00,0x00,0x00,0x00,0x7D,0x4E,0xFF,0x7D,0x4E,0xFF,
    0x7D,0x4E,0xFF,0x7D,0x4E,0xFF,0x7D,0x4E,0xFF,0x00,0x00,0x00,0x00,0x00,0x00,0x00,0x00,0x00,
    0x00,0x00,0x00,0x00,0x00,0x00,0x00,0x00,0x00,0x00,0x00,0x00,0x00,0x00,0x00,0x7D,0x4E,0xFF,
    0x7D,0x4E,0xFF,0x7D,0x4E,0xFF,0x7D,0x4E,0xFF,0x7D,0x4E,0xFF,0x7D,0x4E,0xFF,0x00,0x00,0x00,
    0x00,0x00,0x00,0x00,0x00,0x00,0x00,0x00,0x00,0x00,0x00,0x00,0x00,0x00,0x00,0x00,0x00,0x00,
    0x00,0x00,0x00,0x8F,0x63,0xFF,0x8F,0x63,0xFF,0x8F,0x63,0xFF,0x8F,0x63,0xFF,0x8F,0x63,0xFF,
    0x8F,0x63,0xFF,0x8F,0x63,0xFF,0x8F,0x63,0xFF,0x8F,0x63,0xFF,0x8F,0x63,0xFF,0x8F,0x63,0xFF,
    0x8F,0x63,0xFF,0x8F,0x63,0xFF,0x8F,0x63,0xFF,0x8F,0x63,0xFF,0x8F,0x63,0xFF,0x8F,0x63,0xFF,
    0x8F,0x63,0xFF,0x8F,0x63,0xFF,0x8F,0x63,0xFF,0x8F,0x63,0xFF,0x8F,0x63,0xFF,0x8F,0x63,0xFF,
    0x8F,0x63,0xFF,0x8F,0x63,0xFF,0x8F,0x63,0xFF,0x8F,0x63,0xFF,0x8F,0x63,0xFF,0x8F,0x63,0xFF,
    0x8F,0x63,0xFF,0x8F,0x63,0xFF,0x8F,0x63,0xFF,0x8F,0x63,0xFF,0x8F,0x63,0xFF,0x00,0x00,0x00,
    0x00,0x00,0x00,0x00,0x00,0x00,0x00,0x00,0x00,0x00,0x00,0x00,0x00,0x00,0x00,0x00,0x00,0x00,
    0x00,0x00,0x00,0x00,0x00,0x00,0x7D,0x4E,0xFF,0x7D,0x4E,0xFF,0x7D,0x4E,0xFF,0x7D,0x4E,0xFF,
    0x7D,0x4E,0xFF,0x7D,0x4E,0xFF,0x00,0x00,0x00,0x00,0x00,0x00,0x00,0x00,0x00,0x00,0x00,0x00,
    0x00,0x00,0x00,0x00,0x00,0x00,0x00,0x00,0x00,0x00,0x00,0x00,0x7D,0x4E,0xFF,0x7D,0x4E,0xFF,
    0x7D,0x4E,0xFF,0x7D,0x4E,0xFF,0x7D,0x4E,0xFF,0x00,0x00,0x00,0x00,0x00,0x00,0x00,0x00,0x00,
    0x00,0x00,0x00,0x00,0x00,0x00,0x00,0x00,0x00,0x00,0x00,0x00,0x7D,0x4E,0xFF,0x7D,0x4E,0xFF,
    0x7D,0x4E,0xFF,0x7D,0x4E,0xFF,0x7D,0x4E,0xFF,0x7D,0x4E,0xFF,0x00,0x00,0x00,0x00,0x00,0x00,
    0x00,0x00,0x00,0x00,0x00,0x00,0x00,0x00,0x00,0x00,0x00,0x00,0x00,0x00,0x00,0x7D,0x4E,0xFF,
    0x7D,0x4E,0xFF,0x7D,0x4E,0xFF,0x7D,0x4E,0xFF,0x7D,0x4E,0xFF,0x7D,0x4E,0xFF,0x00,0x00,0x00,
    0x00,0x00,0x00,0x00,0x00,0x00,0x00,0x00,0x00,0x00,0x00,0x00,0x00,0x00,0x00,0x00,0x00,0x00,
    0x00,0x00,0x00,0x00,0x00,0x00,0x8F,0x63,0xFF,0x8F,0x63,0xFF,0x8F,0x63,0xFF,0x8F,0x63,0xFF,
    0x8F,0x63,0xFF,0x8F,0x63,0xFF,0x8F,0x63,0xFF,0x8F,0x63,0xFF,0x8F,0x63,0xFF,0x8F,0x63,0xFF,
    0x8F,0x63,0xFF,0x8F,0x63,0xFF,0x8F,0x63,0xFF,0x8F,0x63,0xFF,0x8F,0x63,0xFF,0x8F,0x63,0xFF,
    0x8F,0x63,0xFF,0x8F,0x63,0xFF,0x8F,0x63,0xFF,0x8F,0x63,0xFF,0x8F,0x63,0xFF,0x8F,0x63,0xFF,
    0x8F,0x63,0xFF,0x8F,0x63,0xFF,0x8F,0x63,0xFF,0x8F,0x63,0xFF,0x8F,0x63,0xFF,0x8F,0x63,0xFF,
    0x8F,0x63,0xFF,0x8F,0x63,0xFF,0x8F,0x63,0xFF,0x8F,0x63,0xFF,0x00,0x00,0x00,0x00,0x00,0x00,
    0x00,0x00,0x00,0x00,0x00,0x00,0x00,0x00,0x00,0x00,0x00,0x00,0x00,0x00,0x00,0x00,0x00,0x00,
    0x00,0x00,0x00,0x00,0x00,0x00,0x7D,0x4E,0xFF,0x7D,0x4E,0xFF,0x7D,0x4E,0xFF,0x7D,0x4E,0xFF,
    0x7D,0x4E,0xFF,0x7D,0x4E,0xFF,0x00,0x00,0x00,0x00,0x00,0x00,0x00,0x00,0x00,0x00,0x00,0x00,
    0x00,0x00,0x00,0x00,0x00,0x00,0x00,0x00,0x00,0x7D,0x4E,0xFF,0x7D,0x4E,0xFF,0x7D,0x4E,0xFF,
    0x7D,0x4E,0xFF,0x7D,0x4E,0xFF,0x7D,0x4E,0xFF,0x00,0x00,0x00,0x00,0x00,0x00,0x00,0x00,0x00,
    0x00,0x00,0x00,0x00,0x00,0x00,0x00,0x00,0x00,0x00,0x00,0x00,0x00,0x00,0x00,0x7D,0x4E,0xFF,
    0x7D,0x4E,0xFF,0x7D,0x4E,0xFF,0x7D,0x4E,0xFF,0x7D,0x4E,0xFF,0x00,0x00,0x00,0x00,0x00,0x00,
    0x00,0x00,0x00,0x00,0x00,0x00,0x00,0x00,0x00,0x00,0x00,0x00,0x00,0x00,0x00,0x00,0x00,0x00,
    0x7D,0x4E,0xFF,0x7D,0x4E,0xFF,0x7D,0x4E,0xFF,0x7D,0x4E,0xFF,0x7D,0x4E,0xFF,0x7D,0x4E,0xFF,
    0x00,0x00,0x00,0x00,0x00,0x00,0x00,0x00,0x00,0x00,0x00,0x00,0x00,0x00,0x00,0x00,0x00,0x00,
    0x00,0x00,0x00,0x00,0x00,0x00,0x00,0x00,0x00,0x8F,0x63,0xFF,0x8F,0x63,0xFF,0x8F,0x63,0xFF,
    0x8F,0x63,0xFF,0x8F,0x63,0xFF,0x8F,0x63,0xFF,0x8F,0x63,0xFF,0x8F,0x63,0xFF,0x8F,0x63,0xFF,
    0x8F,0x63,0xFF,0x8F,0x63,0xFF,0x8F,0x63,0xFF,0x8F,0x63,0xFF,0x8F,0x63,0xFF,0x8F,0x63,0xFF,
    0x8F,0x63,0xFF,0x8F,0x63,0xFF,0x8F,0x63,0xFF,0x8F,0x63,0xFF,0x8F,0x63,0xFF,0x8F,0x63,0xFF,
    0x8F,0x63,0xFF,0x8F,0x63,0xFF,0x8F,0x63,0xFF,0x8F,0x63,0xFF,0x8F,0x63,0xFF,0x8F,0x63,0xFF,
    0x8F,0x63,0xFF,0x8F,0x63,0xFF,0x8F,0x63,0xFF,0x00,0x00,0x00,0x00,0x00,0x00,0x00,0x00,0x00,
    0x00,0x00,0x00,0x00,0x00,0x00,0x00,0x00,0x00,0x00,0x00,0x00,0x00,0x00,0x00,0x00,0x00,0x00,
    0x00,0x00,0x00,0x7D,0x4E,0xFF,0x7D,0x4E,0xFF,0x7D,0x4E,0xFF,0x7D,0x4E,0xFF,0x7D,0x4E,0xFF,
    0x7D,0x4E,0xFF,0x00,0x00,0x00,0x00,0x00,0x00,0x00,0x00,0x00,0x00,0x00,0x00,0x00,0x00,0x00,
    0x00,0x00,0x00,0x00,0x00,0x00,0x00,0x00,0x00,0x7D,0x4E,0xFF,0x7D,0x4E,0xFF,0x7D,0x4E,0xFF,
    0x7D,0x4E,0xFF,0x7D,0x4E,0xFF,0x00,0x00,0x00,0x00,0x00,0x00,0x00,0x00,0x00,0x00,0x00,0x00,
    0x00,0x00,0x00,0x00,0x00,0x00,0x00,0x00,0x00,0x00,0x00,0x00,0x00,0x00,0x00,0x7D,0x4E,0xFF,
    0x7D,0x4E,0xFF,0x7D,0x4E,0xFF,0x7D,0x4E,0xFF,0x7D,0x4E,0xFF,0x7D,0x4E,0xFF,0x00,0x00,0x00,
    0x00,0x00,0x00,0x00,0x00,0x00,0x00,0x00,0x00,0x00,0x00,0x00,0x00,0x00,0x00,0x00,0x00,0x00,
    0x7D,0x4E,0xFF,0x7D,0x4E,0xFF,0x7D,0x4E,0xFF,0x7D,0x4E,0xFF,0x7D,0x4E,0xFF,0x7D,0x4E,0xFF,
    0x00,0x00,0x00,0x00,0x00,0x00,0x00,0x00,0x00,0x00,0x00,0x00,0x00,0x00,0x00,0x00,0x00,0x00,
    0x00,0x00,0x00,0x00,0x00,0x00,0x00,0x00,0x00,0x00,0x00,0x00,0x00,0x00,0x00,0x00,0x00,0x00,
    0x8F,0x63,0xFF,0x8F,0x63,0xFF,0x8F,0x63,0xFF,0x8F,0x63,0xFF,0x8F,0x63,0xFF,0x8F,0x63,0xFF,
    0x8F,0x63,0xFF,0x8F,0x63,0xFF,0x8F,0x63,0xFF,0x8F,0x63,0xFF,0x8F,0x63,0xFF,0x8F,0x63,0xFF,
    0x8F,0x63,0xFF,0x8F,0x63,0xFF,0x8F,0x63,0xFF,0x8F,0x63,0xFF,0x8F,0x63,0xFF,0x8F,0x63,0xFF,
    0x8F,0x63,0xFF,0x8F,0x63,0xFF,0x8F,0x63,0xFF,0x8F,0x63,0xFF,0x8F,0x63,0xFF,0x8F,0x63,0xFF,
    0x00,0x00,0x00,0x00,0x00,0x00,0x00,0x00,0x00,0x00,0x00,0x00,0x00,0x00,0x00,0x00,0x00,0x00,
    0x00,0x00,0x00,0x00,0x00,0x00,0x00,0x00,0x00,0x00,0x00,0x00,0x00,0x00,0x00,0x00,0x00,0x00,
    0x00,0x00,0x00,0x7D,0x4E,0xFF,0x7D,0x4E,0xFF,0x7D,0x4E,0xFF,0x7D,0x4E,0xFF,0x7D,0x4E,0xFF,
    0x7D,0x4E,0xFF,0x00,0x00,0x00,0x00,0x00,0x00,0x00,0x00,0x00,0x00,0x00,0x00,0x00,0x00,0x00,
    0x00,0x00,0x00,0x00,0x00,0x00,0x7D,0x4E,0xFF,0x7D,0x4E,0xFF,0x7D,0x4E,0xFF,0x7D,0x4E,0xFF,
    0x7D,0x4E,0xFF,0x7D,0x4E,0xFF,0x00,0x00,0x00,0x00,0x00,0x00,0x00,0x00,0x00,0x00,0x00,0x00,
    0x00,0x00,0x00,0x00,0x00,0x00,0x00,0x00,0x00,0x00,0x00,0x00,0x00,0x00,0x00,0x00,0x00,0x00,
    0x7D,0x4E,0xFF,0x7D,0x4E,0xFF,0x7D,0x4E,0xFF,0x7D,0x4E,0xFF,0x7D,0x4E,0xFF,0x00,0x00,0x00,
    0x00,0x00,0x00,0x00,0x00,0x00,0x00,0x00,0x00,0x00,0x00,0x00,0x00,0x00,0x00,0x00,0x00,0x00,
    0x00,0x00,0x00,0x7D,0x4E,0xFF,0x7D,0x4E,0xFF,0x7D,0x4E,0xFF,0x7D,0x4E,0xFF,0x7D,0x4E,0xFF,
    0x7D,0x4E,0xFF,0x00,0x00,0x00,0x00,0x00,0x00,0x00,0x00,0x00,0x00,0x00,0x00,0x00,0x00,0x00,
    0x00,0x00,0x00,0x00,0x00,0x00,0x00,0x00,0x00,0x00,0x00,0x00,0x00,0x00,0x00,0x00,0x00,0x00,
    0x00,0x00,0x00,0x00,0x00,0x00,0x00,0x00,0x00,0x00,0x00,0x00,0x00,0x00,0x00,0x00,0x00,0x00,
    0x00,0x00,0x00,0x00,0x00,0x00,0x00,0x00,0x00,0x00,0x00,0x00,0x00,0x00,0x00,0x00,0x00,0x00,
    0x00,0x00,0x00,0x00,0x00,0x00,0x00,0x00,0x00,0x00,0x00,0x00,0x00,0x00,0x00,0x00,0x00,0x00,
    0x00,0x00,0x00,0x00,0x00,0x00,0x00,0x00,0x00,0x00,0x00,0x00,0x00,0x00,0x00,0x00,0x00,0x00,
    0x00,0x00,0x00,0x00,0x00,0x00,0x00,0x00,0x00,0x00,0x00,0x00,0x00,0x00,0x00,0x00,0x00,0x00,
    0x00,0x00,0x00,0x00,0x00,0x00,0x00,0x00,0x00,0x00,0x00,0x00,0x00,0x00,0x00,0x00,0x00,0x00,
    0x7D,0x4E,0xFF,0x7D,0x4E,0xFF,0x7D,0x4E,0xFF,0x7D,0x4E,0xFF,0x7D,0x4E,0xFF,0x7D,0x4E,0xFF,
    0x00,0x00,0x00,0x00,0x00,0x00,0x00,0x00,0x00,0x00,0x00,0x00,0x00,0x00,0x00,0x00,0x00,0x00,
    0x00,0x00,0x00,0x00,0x00,0x00,0x7D,0x4E,0xFF,0x7D,0x4E,0xFF,0x7D,0x4E,0xFF,0x7D,0x4E,0xFF,
    0x7D,0x4E,0xFF,0x00,0x00,0x00,0x00,0x00,0x00,0x00,0x00,0x00,0x00,0x00,0x00,0x00,0x00,0x00,
    0x00,0x00,0x00,0x00,0x00,0x00,0x00,0x00,0x00,0x00,0x00,0x00,0x00,0x00,0x00,0x00,0x00,0x00,
    0x7D,0x4E,0xFF,0x7D,0x4E,0xFF,0x7D,0x4E,0xFF,0x7D,0x4E,0xFF,0x7D,0x4E,0xFF,0x7D,0x4E,0xFF,
    0x00,0x00,0x00,0x00,0x00,0x00,0x00,0x00,0x00,0x00,0x00,0x00,0x00,0x00,0x00,0x00,0x00,0x00,
    0x00,0x00,0x00,0x00,0x00,0x00,0x7D,0x4E,0xFF,0x7D,0x4E,0xFF,0x7D,0x4E,0xFF,0x7D,0x4E,0xFF,
    0x7D,0x4E,0xFF,0x7D,0x4E,0xFF,0x00,0x00,0x00,0x00,0x00,0x00,0x00,0x00,0x00,0x7D,0x4E,0xFF,
    0x7D,0x4E,0xFF,0x00,0x00,0x00,0x00,0x00,0x00,0x00,0x00,0x00,0x00,0x00,0x00,0x00,0x00,0x00,
    0x00,0x00,0x00,0x00,0x00,0x00,0x00,0x00,0x00,0x00,0x00,0x00,0x00,0x00,0x00,0x00,0x00,0x00,
    0x00,0x00,0x00,0x00,0x00,0x00,0x00,0x00,0x00,0x00,0x00,0x00,0x00,0x00,0x00,0x00,0x00,0x00,
    0x00,0x00,0x00,0x00,0x00,0x00,0x00,0x00,0x00,0x00,0x00,0x00,0x00,0x00,0x00,0x00,0x00,0x00,
    0x00,0x00,0x00,0x00,0x00,0x00,0x00,0x00,0x00,0x00,0x00,0x00,0x00,0x00,0x00,0x00,0x00,0x00,
    0x00,0x00,0x00,0x00,0x00,0x00,0x00,0x00,0x00,0x00,0x00,0x00,0x00,0x00,0x00,0x00,0x00,0x00,
    0x7D,0x4E,0xFF,0x7D,0x4E,0xFF,0x00,0x00,0x00,0x00,0x00,0x00,0x00,0x00,0x00,0x7D,0x4E,0xFF,
    0x7D,0x4E,0xFF,0x7D,0x4E,0xFF,0x7D,0x4E,0xFF,0x7D,0x4E,0xFF,0x7D,0x4E,0xFF,0x00,0x00,0x00,
    0x00,0x00,0x00,0x00,0x00,0x00,0x00,0x00,0x00,0x00,0x00,0x00,0x00,0x00,0x00,0x00,0x00,0x00,
    0x00,0x00,0x00,0x7D,0x4E,0xFF,0x7D,0x4E,0xFF,0x7D,0x4E,0xFF,0x7D,0x4E,0xFF,0x7D,0x4E,0xFF,
    0x7D,0x4E,0xFF,0x00,0x00,0x00,0x00,0x00,0x00,0x00,0x00,0x00,0x00,0x00,0x00,0x00,0x00,0x00,
    0x00,0x00,0x00,0x00,0x00,0x00,0x00,0x00,0x00,0x00,0x00,0x00,0x00,0x00,0x00,0x00,0x00,0x00,
    0x00,0x00,0x00,0x7D,0x4E,0xFF,0x7D,0x4E,0xFF,0x7D,0x4E,0xFF,0x7D,0x4E,0xFF,0x7D,0x4E,0xFF,
    0x00,0x00,0x00,0x00,0x00,0x00,0x00,0x00,0x00,0x00,0x00,0x00,0x00,0x00,0x00,0x00,0x00,0x00,
    0x00,0x00,0x00,0x00,0x00,0x00,0x7D,0x4E,0xFF,0x7D,0x4E,0xFF,0x7D,0x4E,0xFF,0x7D,0x4E,0xFF,
    0x7D,0x4E,0xFF,0x7D,0x4E,0xFF,0x7D,0x4E,0xFF,0x00,0x00,0x00,0x7D,0x4E,0xFF,0x7D,0x4E,0xFF,
    0x7D,0x4E,0xFF,0x7D,0x4E,0xFF,0x7D,0x4E,0xFF,0x00,0x00,0x00,0x00,0x00,0x00,0x00,0x00,0x00,
    0x00,0x00,0x00,0x00,0x00,0x00,0x00,0x00,0x00,0x00,0x00,0x00,0x00,0x00,0x00,0x00,0x00,0x00,
    0x00,0x00,0x00,0x00,0x00,0x00,0x00,0x00,0x00,0x00,0x00,0x00,0x00,0x00,0x00,0x00,0x00,0x00,
    0x00,0x00,0x00,0x00,0x00,0x00,0x00,0x00,0x00,0x00,0x00,0x00,0x00,0x00,0x00,0x00,0x00,0x00,
    0x00,0x00,0x00,0x00,0x00,0x00,0x00,0x00,0x00,0x00,0x00,0x00,0x00,0x00,0x00,0x00,0x00,0x00,
    0x00,0x00,0x00,0x00,0x00,0x00,0x00,0x00,0x00,0x00,0x00,0x00,0x7D,0x4E,0xFF,0x7D,0x4E,0xFF,
    0x7D,0x4E,0xFF,0x7D,0x4E,0xFF,0x7D,0x4E,0xFF,0x00,0x00,0x00,0x7D,0x4E,0xFF,0x7D,0x4E,0xFF,
    0x7D,0x4E,0xFF,0x7D,0x4E,0xFF,0x7D,0x4E,0xFF,0x7D,0x4E,0xFF,0x7D,0x4E,0xFF,0x00,0x00,0x00,
    0x00,0x00,0x00,0x00,0x00,0x00,0x00,0x00,0x00,0x00,0x00,0x00,0x00,0x00,0x00,0x00,0x00,0x00,
    0x00,0x00,0x00,0x7D,0x4E,0xFF,0x7D,0x4E,0xFF,0x7D,0x4E,0xFF,0x7D,0x4E,0xFF,0x7D,0x4E,0xFF,
    0x00,0x00,0x00,0x00,0x00,0x00,0x00,0x00,0x00,0x00,0x00,0x00,0x00,0x00,0x00,0x00,0x00,0x00,
    0x00,0x00,0x00,0x00,0x00,0x00,0x00,0x00,0x00,0x00,0x00,0x00,0x00,0x00,0x00,0x00,0x00,0x00,
    0x00,0x00,0x00,0x7D,0x4E,0xFF,0x7D,0x4E,0xFF,0x7D,0x4E,0xFF,0x7D,0x4E,0xFF,0x7D,0x4E,0xFF,
    0x7D,0x4E,0xFF,0x00,0x00,0x00,0x00,0x00,0x00,0x00,0x00,0x00,0x00,0x00,0x00,0x00,0x00,0x00,
    0x00,0x00,0x00,0x00,0x00,0x00,0x00,0x00,0x00,0x7D,0x4E,0xFF,0x7D,0x4E,0xFF,0x7D,0x4E,0xFF,
    0x7D,0x4E,0xFF,0x7D,0x4E,0xFF,0x7D,0x4E,0xFF,0x7D,0x4E,0xFF,0x7D,0x4E,0xFF,0x7D,0x4E,0xFF,
    0x7D,0x4E,0xFF,0x7D,0x4E,0xFF,0x7D,0x4E,0xFF,0x7D,0x4E,0xFF,0x00,0x00,0x00,0x00,0x00,0x00,
    0x00,0x00,0x00,0x00,0x00,0x00,0x00,0x00,0x00,0x00,0x00,0x00,0x00,0x00,0x00,0x00,0x00,0x00,
    0x00,0x00,0x00,0x00,0x00,0x00,0x00,0x00,0x00,0x00,0x00,0x00,0x00,0x00,0x00,0x00,0x00,0x00,
    0x00,0x00,0x00,0x00,0x00,0x00,0x00,0x00,0x00,0x00,0x00,0x00,0x00,0x00,0x00,0x00,0x00,0x00,
    0x00,0x00,0x00,0x00,0x00,0x00,0x00,0x00,0x00,0x00,0x00,0x00,0x00,0x00,0x00,0x00,0x00,0x00,
    0x00,0x00,0x00,0x00,0x00,0x00,0x00,0x00,0x00,0x7D,0x4E,0xFF,0x7D,0x4E,0xFF,0x7D,0x4E,0xFF,
    0x7D,0x4E,0xFF,0x7D,0x4E,0xFF,0x7D,0x4E,0xFF,0x7D,0x4E,0xFF,0x7D,0x4E,0xFF,0x7D,0x4E,0xFF,
    0x7D,0x4E,0xFF,0x7D,0x4E,0xFF,0x7D,0x4E,0xFF,0x7D,0x4E,0xFF,0x00,0x00,0x00,0x00,0x00,0x00,
    0x00,0x00,0x00,0x00,0x00,0x00,0x00,0x00,0x00,0x00,0x00,0x00,0x00,0x00,0x00,0x00,0x00,0x00,
    0x7D,0x4E,0xFF,0x7D,0x4E,0xFF,0x7D,0x4E,0xFF,0x7D,0x4E,0xFF,0x7D,0x4E,0xFF,0x7D,0x4E,0xFF,
    0x00,0x00,0x00,0x00,0x00,0x00,0x00,0x00,0x00,0x00,0x00,0x00,0x00,0x00,0x00,0x00,0x00,0x00,
    0x00,0x00,0x00,0x00,0x00,0x00,0x00,0x00,0x00,0x00,0x00,0x00,0x00,0x00,0x00,0x00,0x00,0x00,
    0x00,0x00,0x00,0x00,0x00,0x00,0x7D,0x4E,0xFF,0x7D,0x4E,0xFF,0x7D,0x4E,0xFF,0x7D,0x4E,0xFF,
    0x7D,0x4E,0xFF,0x00,0x00,0x00,0x00,0x00,0x00,0x00,0x00,0x00,0x00,0x00,0x00,0x00,0x00,0x00,
    0x00,0x00,0x00,0x00,0x00,0x00,0x00,0x00,0x00,0x00,0x00,0x00,0x7D,0x4E,0xFF,0x7D,0x4E,0xFF,
    0x7D,0x4E,0xFF,0x7D,0x4E,0xFF,0x7D,0x4E,0xFF,0x7D,0x4E,0xFF,0x7D,0x4E,0xFF,0x7D,0x4E,0xFF,
    0x7D,0x4E,0xFF,0x7D,0x4E,0xFF,0x7D,0x4E,0xFF,0x7D,0x4E,0xFF,0x7D,0x4E,0xFF,0x7D,0x4E,0xFF,
    0x00,0x00,0x00,0x00,0x00,0x00,0x00,0x00,0x00,0x00,0x00,0x00,0x00,0x00,0x00,0x00,0x00,0x00,
    0x00,0x00,0x00,0x00,0x00,0x00,0x00,0x00,0x00,0x00,0x00,0x00,0x00,0x00,0x00,0x00,0x00,0x00,
    0x00,0x00,0x00,0x00,0x00,0x00,0x00,0x00,0x00,0x00,0x00,0x00,0x00,0x00,0x00,0x00,0x00,0x00,
    0x00,0x00,0x00,0x00,0x00,0x00,0x00,0x00,0x00,0x00,0x00,0x00,0x00,0x00,0x00,0x00,0x00,0x00,
    0x00,0x00,0x00,0x7D,0x4E,0xFF,0x7D,0x4E,0xFF,0x7D,0x4E,0xFF,0x7D,0x4E,0xFF,0x7D,0x4E,0xFF,
    0x7D,0x4E,0xFF,0x7D,0x4E,0xFF,0x7D,0x4E,0xFF,0x7D,0x4E,0xFF,0x7D,0x4E,0xFF,0x7D,0x4E,0xFF,
    0x7D,0x4E,0xFF,0x7D,0x4E,0xFF,0x7D,0x4E,0xFF,0x00,0x00,0x00,0x00,0x00,0x00,0x00,0x00,0x00,
    0x00,0x00,0x00,0x00,0x00,0x00,0x00,0x00,0x00,0x00,0x00,0x00,0x00,0x00,0x00,0x00,0x00,0x00,
    0x7D,0x4E,0xFF,0x7D,0x4E,0xFF,0x7D,0x4E,0xFF,0x7D,0x4E,0xFF,0x7D,0x4E,0xFF,0x00,0x00,0x00,
    0x00,0x00,0x00,0x00,0x00,0x00,0x00,0x00,0x00,0x00,0x00,0x00,0x00,0x00,0x00,0x00,0x00,0x00,
    0x00,0x00,0x00,0x00,0x00,0x00,0x00,0x00,0x00,0x00,0x00,0x00,0x00,0x00,0x00,0x00,0x00,0x00,
    0x00,0x00,0x00,0x00,0x00,0x00,0x7D,0x4E,0xFF,0x7D,0x4E,0xFF,0x7D,0x4E,0xFF,0x7D,0x4E,0xFF,
    0x7D,0x4E,0xFF,0x7D,0x4E,0xFF,0x00,0x00,0x00,0x00,0x00,0x00,0x00,0x00,0x00,0x00,0x00,0x00,
    0x00,0x00,0x00,0x00,0x00,0x00,0x00,0x00,0x00,0x00,0x00,0x00,0x00,0x00,0x00,0x7D,0x4E,0xFF,
    0x7D,0x4E,0xFF,0x7D,0x4E,0xFF,0x00,0x00,0x00,0x00,0x00,0x00,0x7D,0x4E,0xFF,0x7D,0x4E,0xFF,
    0x7D,0x4E,0xFF,0x7D,0x4E,0xFF,0x7D,0x4E,0xFF,0x7D,0x4E,0xFF,0x7D,0x4E,0xFF,0x7D,0x4E,0xFF,
    0x7D,0x4E,0xFF,0x00,0x00,0x00,0x00,0x00,0x00,0x00,0x00,0x00,0x00,0x00,0x00,0x00,0x00,0x00,
    0x00,0x00,0x00,0x00,0x00,0x00,0x00,0x00,0x00,0x00,0x00,0x00,0x00,0x00,0x00,0x00,0x00,0x00,
    0x00,0x00,0x00,0x00,0x00,0x00,0x00,0x00,0x00,0x00,0x00,0x00,0x00,0x00,0x00,0x00,0x00,0x00,
    0x00,0x00,0x00,0x00,0x00,0x00,0x00,0x00,0x00,0x00,0x00,0x00,0x00,0x00,0x00,0x00,0x00,0x00,
    0x7D,0x4E,0xFF,0x7D,0x4E,0xFF,0x7D,0x4E,0xFF,0x7D,0x4E,0xFF,0x7D,0x4E,0xFF,0x7D,0x4E,0xFF,
    0x7D,0x4E,0xFF,0x7D,0x4E,0xFF,0x7D,0x4E,0xFF,0x00,0x00,0x00,0x00,0x00,0x00,0x7D,0x4E,0xFF,
    0x7D,0x4E,0xFF,0x7D,0x4E,0xFF,0x00,0x00,0x00,0x00,0x00,0x00,0x00,0x00,0x00,0x00,0x00,0x00,
    0x00,0x00,0x00,0x00,0x00,0x00,0x00,0x00,0x00,0x00,0x00,0x00,0x00,0x00,0x00,0x7D,0x4E,0xFF,
    0x7D,0x4E,0xFF,0x7D,0x4E,0xFF,0x7D,0x4E,0xFF,0x7D,0x4E,0xFF,0x7D,0x4E,0xFF,0x00,0x00,0x00,
    0x00,0x00,0x00,0x00,0x00,0x00,0x00,0x00,0x00,0x00,0x00,0x00,0x00,0x00,0x00,0x00,0x00,0x00,
    0x00,0x00,0x00,0x00,0x00,0x00,0x00,0x00,0x00,0x00,0x00,0x00,0x00,0x00,0x00,0x00,0x00,0x00,
    0x00,0x00,0x00,0x00,0x00,0x00,0x00,0x00,0x00,0x7D,0x4E,0xFF,0x7D,0x4E,0xFF,0x7D,0x4E,0xFF,
    0x7D,0x4E,0xFF,0x7D,0x4E,0xFF,0x7D,0x4E,0xFF,0x00,0x00,0x00,0x00,0x00,0x00,0x00,0x00,0x00,
    0x00,0x00,0x00,0x00,0x00,0x00,0x00,0x00,0x00,0x00,0x00,0x00,0x00,0x00,0x00,0x00,0x00,0x00,
    0x7D,0x4E,0xFF,0x00,0x00,0x00,0x00,0x00,0x00,0x00,0x00,0x00,0x00,0x00,0x00,0x00,0x00,0x00,
    0x7D,0x4E,0xFF,0x7D,0x4E,0xFF,0x7D,0x4E,0xFF,0x7D,0x4E,0xFF,0x7D,0x4E,0xFF,0x7D,0x4E,0xFF,
    0x7D,0x4E,0xFF,0x7D,0x4E,0xFF,0x7D,0x4E,0xFF,0x7D,0x4E,0xFF,0x00,0x00,0x00,0x00,0x00,0x00,
    0x00,0x00,0x00,0x00,0x00,0x00,0x00,0x00,0x00,0x00,0x00,0x00,0x00,0x00,0x00,0x31,0xF3,0xFF,
    0x00,0x00,0x00,0x00,0x00,0x00,0x00,0x00,0x00,0x00,0x00,0x00,0x00,0x00,0x00,0x00,0x00,0x00,
    0x00,0x00,0x00,0x00,0x00,0x00,0x00,0x00,0x00,0x7D,0x4E,0xFF,0x7D,0x4E,0xFF,0x7D,0x4E,0xFF,
    0x7D,0x4E,0xFF,0x7D,0x4E,0xFF,0x7D,0x4E,0xFF,0x7D,0x4E,0xFF,0x7D,0x4E,0xFF,0x7D,0x4E,0xFF,
    0x7D,0x4E,0xFF,0x00,0x00,0x00,0x00,0x00,0x00,0x00,0x00,0x00,0x00,0x00,0x00,0x00,0x00,0x00,
    0x7D,0x4E,0xFF,0x00,0x00,0x00,0x00,0x00,0x00,0x00,0x00,0x00,0x00,0x00,0x00,0x00,0x00,0x00,
    0x00,0x00,0x00,0x00,0x00,0x00,0x00,0x00,0x00,0x00,0x00,0x00,0x7D,0x4E,0xFF,0x7D,0x4E,0xFF,
    0x7D,0x4E,0xFF,0x7D,0x4E,0xFF,0x7D,0x4E,0xFF,0x7D,0x4E,0xFF,0x00,0x00,0x00,0x00,0x00,0x00,
    0x00,0x00,0x00,0x00,0x00,0x00,0x00,0x00,0x00,0x00,0x00,0x00,0x00,0x00,0x00,0x00,0x00,0x00,
    0x00,0x00,0x00,0x00,0x00,0x00,0x00,0x00,0x00,0x00,0x00,0x00,0x00,0x00,0x00,0x00,0x00,0x00,
    0x00,0x00,0x00,0x00,0x00,0x00,0x00,0x00,0x00,0x7D,0x4E,0xFF,0x7D,0x4E,0xFF,0x7D,0x4E,0xFF,
    0x7D,0x4E,0xFF,0x7D,0x4E,0xFF,0x7D,0x4E,0xFF,0x00,0x00,0x00,0x00,0x00,0x00,0x00,0x00,0x00,
    0x00,0x00,0x00,0x00,0x00,0x00,0x00,0x00,0x00,0x00,0x00,0x00,0x00,0x00,0x00,0x00,0x00,0x00,
    0x00,0x00,0x00,0x00,0x00,0x00,0x00,0x00,0x00,0x00,0x00,0x00,0x00,0x00,0x00,0x00,0x00,0x00,
    0x00,0x00,0x00,0x7D,0x4E,0xFF,0x7D,0x4E,0xFF,0x7D,0x4E,0xFF,0x7D,0x4E,0xFF,0x7D,0x4E,0xFF,
    0x7D,0x4E,0xFF,0x7D,0x4E,0xFF,0x7D,0x4E,0xFF,0x7D,0x4E,0xFF,0x7D,0x4E,0xFF,0x7D,0x4E,0xFF,
    0x7D,0x4E,0xFF,0x00,0x00,0x00,0x31,0xF3,0xFF,0x31,0xF3,0xFF,0x31,0xF3,0xFF,0x31,0xF3,0xFF,
    0x31,0xF3,0xFF,0x31,0xF3,0xFF,0x31,0xF3,0xFF,0x00,0x00,0x00,0x00,0x00,0x00,0x00,0x00,0x00,
    0x7D,0x4E,0xFF,0x7D,0x4E,0xFF,0x7D,0x4E,0xFF,0x7D,0x4E,0xFF,0x7D,0x4E,0xFF,0x7D,0x4E,0xFF,
    0x7D,0x4E,0xFF,0x7D,0x4E,0xFF,0x7D,0x4E,0xFF,0x7D,0x4E,0xFF,0x7D,0x4E,0xFF,0x7D,0x4E,0xFF,
    0x00,0x00,0x00,0x00,0x00,0x00,0x00,0x00,0x00,0x00,0x00,0x00,0x00,0x00,0x00,0x00,0x00,0x00,
    0x00,0x00,0x00,0x00,0x00,0x00,0x00,0x00,0x00,0x00,0x00,0x00,0x00,0x00,0x00,0x00,0x00,0x00,
    0x00,0x00,0x00,0x00,0x00,0x00,0x00,0x00,0x00,0x00,0x00,0x00,0x7D,0x4E,0xFF,0x7D,0x4E,0xFF,
    0x7D,0x4E,0xFF,0x7D,0x4E,0xFF,0x7D,0x4E,0xFF,0x7D,0x4E,0xFF,0x00,0x00,0x00,0x00,0x00,0x00,
    0x00,0x00,0x00,0x00,0x00,0x00,0x00,0x00,0x00,0x00,0x00,0x00,0x00,0x00,0x00,0x00,0x00,0x00,
    0x00,0x00,0x00,0x00,0x00,0x00,0x00,0x00,0x00,0x00,0x00,0x00,0x00,0x00,0x00,0x00,0x00,0x00,
    0x00,0x00,0x00,0x00,0x00,0x00,0x00,0x00,0x00,0x00,0x00,0x00,0x7D,0x4E,0xFF,0x7D,0x4E,0xFF,
    0x7D,0x4E,0xFF,0x7D,0x4E,0xFF,0x7D,0x4E,0xFF,0x7D,0x4E,0xFF,0x00,0x00,0x00,0x00,0x00,0x00,
    0x00,0x00,0x00,0x00,0x00,0x00,0x00,0x00,0x00,0x00,0x00,0x00,0x7D,0x4E,0xFF,0x7D,0x4E,0xFF,
    0x00,0x00,0x00,0x00,0x00,0x00,0x00,0x00,0x00,0x00,0x00,0x00,0x00,0x00,0x00,0x00,0x00,0x00,
    0x00,0x00,0x00,0x00,0x00,0x00,0x00,0x00,0x00,0x7D,0x4E,0xFF,0x7D,0x4E,0xFF,0x7D,0x4E,0xFF,
    0x7D,0x4E,0xFF,0x7D,0x4E,0xFF,0x7D,0x4E,0xFF,0x7D,0x4E,0xFF,0x7D,0x4E,0xFF,0x7D,0x4E,0xFF,
    0x7D,0x4E,0xFF,0x31,0xF3,0xFF,0x31,0xF3,0xFF,0x31,0xF3,0xFF,0x31,0xF3,0xFF,0x31,0xF3,0xFF,
    0x31,0xF3,0xFF,0x31,0xF3,0xFF,0x31,0xF3,0xFF,0x31,0xF3,0xFF,0x7D,0x4E,0xFF,0x7D,0x4E,0xFF,
    0x7D,0x4E,0xFF,0x7D,0x4E,0xFF,0x7D,0x4E,0xFF,0x7D,0x4E,0xFF,0x7D,0x4E,0xFF,0x7D,0x4E,0xFF,
    0x7D,0x4E,0xFF,0x7D,0x4E,0xFF,0x7D,0x4E,0xFF,0x7D,0x4E,0xFF,0x00,0x00,0x00,0x00,0x00,0x00,
    0x00,0x00,0x00,0x00,0x00,0x00,0x00,0x00,0x00,0x00,0x00,0x00,0x00,0x00,0x00,0x00,0x00,0x00,
    0x00,0x00,0x00,0x7D,0x4E,0xFF,0x7D,0x4E,0xFF,0x00,0x00,0x00,0x00,0x00,0x00,0x00,0x00,0x00,
    0x00,0x00,0x00,0x00,0x00,0x00,0x00,0x00,0x00,0x7D,0x4E,0xFF,0x7D,0x4E,0xFF,0x7D,0x4E,0xFF,
    0x7D,0x4E,0xFF,0x7D,0x4E,0xFF,0x7D,0x4E,0xFF,0x00,0x00,0x00,0x00,0x00,0x00,0x00,0x00,0x00,
    0x00,0x00,0x00,0x00,0x00,0x00,0x00,0x00,0x00,0x00,0x00,0x00,0x00,0x00,0x00,0x00,0x00,0x00,
    0x00,0x00,0x00,0x00,0x00,0x00,0x00,0x00,0x00,0x00,0x00,0x00,0x00,0x00,0x00,0x00,0x00,0x00,
    0x00,0x00,0x00,0x00,0x00,0x00,0x00,0x00,0x00,0x00,0x00,0x00,0x00,0x00,0x00,0x7D,0x4E,0xFF,
    0x7D,0x4E,0xFF,0x7D,0x4E,0xFF,0x7D,0x4E,0xFF,0x7D,0x4E,0xFF,0x7D,0x4E,0xFF,0x00,0x00,0x00,
    0x00,0x00,0x00,0x00,0x00,0x00,0x00,0x00,0x00,0x7D,0x4E,0xFF,0x7D,0x4E,0xFF,0x7D,0x4E,0xFF,
    0x7D,0x4E,0xFF,0x00,0x00,0x00,0x00,0x00,0x00,0x00,0x00,0x00,0x00,0x00,0x00,0x00,0x00,0x00,
    0x00,0x00,0x00,0x00,0x00,0x00,0x00,0x00,0x00,0x00,0x00,0x00,0x7D,0x4E,0xFF,0x7D,0x4E,0xFF,
    0x7D,0x4E,0xFF,0x7D,0x4E,0xFF,0x7D,0x4E,0xFF,0x7D,0x4E,0xFF,0x7D,0x4E,0xFF,0x7D,0x4E,0xFF,
    0x31,0xF3,0xFF,0x31,0xF3,0xFF,0x31,0xF3,0xFF,0x31,0xF3,0xFF,0x31,0xF3,0xFF,0x31,0xF3,0xFF,
    0x31,0xF3,0xFF,0x31,0xF3,0xFF,0x31,0xF3,0xFF,0x31,0xF3,0xFF,0x31,0xF3,0xFF,0x7D,0x4E,0xFF,
    0x7D,0x4E,0xFF,0x7D,0x4E,0xFF,0x7D,0x4E,0xFF,0x7D,0x4E,0xFF,0x7D,0x4E,0xFF,0x7D,0x4E,0xFF,
    0x7D,0x4E,0xFF,0x7D,0x4E,0xFF,0x7D,0x4E,0xFF,0x00,0x00,0x00,0x00,0x00,0x00,0x00,0x00,0x00,
    0x00,0x00,0x00,0x00,0x00,0x00,0x00,0x00,0x00,0x00,0x00,0x00,0x00,0x00,0x00,0x00,0x00,0x00,
    0x7D,0x4E,0xFF,0x7D,0x4E,0xFF,0x7D,0x4E,0xFF,0x7D,0x4E,0xFF,0x00,0x00,0x00,0x00,0x00,0x00,
    0x00,0x00,0x00,0x00,0x00,0x00,0x7D,0x4E,0xFF,0x7D,0x4E,0xFF,0x7D,0x4E,0xFF,0x7D,0x4E,0xFF,
    0x7D,0x4E,0xFF,0x7D,0x4E,0xFF,0x00,0x00,0x00,0x00,0x00,0x00,0x00,0x00,0x00,0x00,0x00,0x00,
    0x00,0x00,0x00,0x00,0x00,0x00,0x00,0x00,0x00,0x00,0x00,0x00,0x00,0x00,0x00,0x00,0x00,0x00,
    0x00,0x00,0x00,0x00,0x00,0x00,0x00,0x00,0x00,0x00,0x00,0x00,0x00,0x00,0x00,0x00,0x00,0x00,
    0x00,0x00,0x00,0x00,0x00,0x00,0x00,0x00,0x00,0x00,0x00,0x00,0x00,0x00,0x00,0x7D,0x4E,0xFF,
    0x7D,0x4E,0xFF,0x7D,0x4E,0xFF,0x7D,0x4E,0xFF,0x7D,0x4E,0xFF,0x7D,0x4E,0xFF,0x7D,0x4E,0xFF,
    0x00,0x00,0x00,0x00,0x00,0x00,0x7D,0x4E,0xFF,0x7D,0x4E,0xFF,0x7D,0x4E,0xFF,0x7D,0x4E,0xFF,
    0x7D,0x4E,0xFF,0x7D,0x4E,0xFF,0x7D,0x4E,0xFF,0x00,0x00,0x00,0x00,0x00,0x00,0x00,0x00,0x00,
    0x00,0x00,0x00,0x00,0x00,0x00,0x00,0x00,0x00,0x00,0x00,0x00,0x00,0x00,0x00,0x00,0x00,0x00,
    0x7D,0x4E,0xFF,0x7D,0x4E,0xFF,0x7D,0x4E,0xFF,0x7D,0x4E,0xFF,0x7D,0x4E,0xFF,0x7D,0x4E,0xFF,
    0x31,0xF3,0xFF,0x31,0xF3,0xFF,0x31,0xF3,0xFF,0x31,0xF3,0xFF,0x31,0xF3,0xFF,0x31,0xF3,0xFF,
    0x31,0xF3,0xFF,0x31,0xF3,0xFF,0x31,0xF3,0xFF,0x31,0xF3,0xFF,0x31,0xF3,0xFF,0x7D,0x4E,0xFF,
    0x7D,0x4E,0xFF,0x7D,0x4E,0xFF,0x7D,0x4E,0xFF,0x7D,0x4E,0xFF,0x7D,0x4E,0xFF,0x7D,0x4E,0xFF,
    0x7D,0x4E,0xFF,0x00,0x00,0x00,0x00,0x00,0x00,0x00,0x00,0x00,0x00,0x00,0x00,0x00,0x00,0x00,
    0x00,0x00,0x00,0x00,0x00,0x00,0x00,0x00,0x00,0x00,0x00,0x00,0x7D,0x4E,0xFF,0x7D,0x4E,0xFF,
    0x7D,0x4E,0xFF,0x7D,0x4E,0xFF,0x7D,0x4E,0xFF,0x7D,0x4E,0xFF,0x7D,0x4E,0xFF,0x00,0x00,0x00,
    0x00,0x00,0x00,0x7D,0x4E,0xFF,0x7D,0x4E,0xFF,0x7D,0x4E,0xFF,0x7D,0x4E,0xFF,0x7D,0x4E,0xFF,
    0x7D,0x4E,0xFF,0x7D,0x4E,0xFF,0x00,0x00,0x00,0x00,0x00,0x00,0x00,0x00,0x00,0x00,0x00,0x00,
    0x00,0x00,0x00,0x00,0x00,0x00,0x00,0x00,0x00,0x00,0x00,0x00,0x00,0x00,0x00,0x00,0x00,0x00,
    0x00,0x00,0x00,0x00,0x00,0x00,0x00,0x00,0x00,0x00,0x00,0x00,0x00,0x00,0x00,0x00,0x00,0x00,
    0x00,0x00,0x00,0x00,0x00,0x00,0x00,0x00,0x00,0x00,0x00,0x00,0x00,0x00,0x00,0x00,0x00,0x00,
    0x7D,0x4E,0xFF,0x7D,0x4E,0xFF,0x7D,0x4E,0xFF,0x7D,0x4E,0xFF,0x7D,0x4E,0xFF,0x7D,0x4E,0xFF,
    0x7D,0x4E,0xFF,0x00,0x00,0x00,0x7D,0x4E,0xFF,0x7D,0x4E,0xFF,0x7D,0x4E,0xFF,0x7D,0x4E,0xFF,
    0x7D,0x4E,0xFF,0x7D,0x4E,0xFF,0x7D,0x4E,0xFF,0x7D,0x4E,0xFF,0x00,0x00,0x00,0x00,0x00,0x00,
    0x00,0x00,0x00,0x00,0x00,0x00,0x00,0x00,0x00,0x00,0x00,0x00,0x00,0x00,0x00,0x00,0x00,0x00,
    0x00,0x00,0x00,0x00,0x00,0x00,0x00,0x00,0x00,0x7D,0x4E,0xFF,0x7D,0x4E,0xFF,0x7D,0x4E,0xFF,
    0x31,0xF3,0xFF,0x31,0xF3,0xFF,0x31,0xF3,0xFF,0x31,0xF3,0xFF,0x31,0xF3,0xFF,0x31,0xF3,0xFF,
    0x31,0xF3,0xFF,0x31,0xF3,0xFF,0x31,0xF3,0xFF,0x31,0xF3,0xFF,0x31,0xF3,0xFF,0x7D,0x4E,0xFF,
    0x7D,0x4E,0xFF,0x7D,0x4E,0xFF,0x7D,0x4E,0xFF,0x7D,0x4E,0xFF,0x00,0x00,0x00,0x00,0x00,0x00,
    0x00,0x00,0x00,0x00,0x00,0x00,0x00,0x00,0x00,0x00,0x00,0x00,0x00,0x00,0x00,0x00,0x00,0x00,
    0x00,0x00,0x00,0x00,0x00,0x00,0x00,0x00,0x00,0x7D,0x4E,0xFF,0x7D,0x4E,0xFF,0x7D,0x4E,0xFF,
    0x7D,0x4E,0xFF,0x7D,0x4E,0xFF,0x7D,0x4E,0xFF,0x7D,0x4E,0xFF,0x7D,0x4E,0xFF,0x00,0x00,0x00,
    0x7D,0x4E,0xFF,0x7D,0x4E,0xFF,0x7D,0x4E,0xFF,0x7D,0x4E,0xFF,0x7D,0x4E,0xFF,0x7D,0x4E,0xFF,
    0x7D,0x4E,0xFF,0x00,0x00,0x00,0x00,0x00,0x00,0x00,0x00,0x00,0x00,0x00,0x00,0x00,0x00,0x00,
    0x00,0x00,0x00,0x00,0x00,0x00,0x00,0x00,0x00,0x00,0x00,0x00,0x00,0x00,0x00,0x00,0x00,0x00,
    0x00,0x00,0x00,0x00,0x00,0x00,0x00,0x00,0x00,0x00,0x00,0x00,0x00,0x00,0x00,0x00,0x00,0x00,
    0x00,0x00,0x00,0x00,0x00,0x00,0x00,0x00,0x00,0x00,0x00,0x00,0x00,0x00,0x00,0x00,0x00,0x00,
    0x00,0x00,0x00,0x7D,0x4E,0xFF,0x7D,0x4E,0xFF,0x7D,0x4E,0xFF,0x7D,0x4E,0xFF,0x7D,0x4E,0xFF,
    0x7D,0x4E,0xFF,0x00,0x00,0x00,0x00,0x00,0x00,0x7D,0x4E,0xFF,0x7D,0x4E,0xFF,0x7D,0x4E,0xFF,
    0x7D,0x4E,0xFF,0x7D,0x4E,0xFF,0x7D,0x4E,0xFF,0x7D,0x4E,0xFF,0x7D,0x4E,0xFF,0x7D,0x4E,0xFF,
    0x00,0x00,0x00,0x00,0x00,0x00,0x00,0x00,0x00,0x00,0x00,0x00,0x00,0x00,0x00,0x00,0x00,0x00,
    0x00,0x00,0x00,0x00,0x00,0x00,0x00,0x00,0x00,0x00,0x00,0x00,0x00,0x00,0x00,0x00,0x00,0x00,
    0x31,0xF3,0xFF,0x31,0xF3,0xFF,0x31,0xF3,0xFF,0x31,0xF3,0xFF,0x31,0xF3,0xFF,0x31,0xF3,0xFF,
    0x31,0xF3,0xFF,0x31,0xF3,0xFF,0x31,0xF3,0xFF,0x31,0xF3,0xFF,0x31,0xF3,0xFF,0x31,0xF3,0xFF,
    0x00,0x00,0x00,0x00,0x00,0x00,0x00,0x00,0x00,0x00,0x00,0x00,0x00,0x00,0x00,0x00,0x00,0x00,
    0x00,0x00,0x00,0x00,0x00,0x00,0x00,0x00,0x00,0x00,0x00,0x00,0x00,0x00,0x00,0x00,0x00,0x00,
    0x00,0x00,0x00,0x7D,0x4E,0xFF,0x7D,0x4E,0xFF,0x7D,0x4E,0xFF,0x7D,0x4E,0xFF,0x7D,0x4E,0xFF,
    0x7D,0x4E,0xFF,0x7D,0x4E,0xFF,0x7D,0x4E,0xFF,0x7D,0x4E,0xFF,0x00,0x00,0x00,0x00,0x00,0x00,
    0x7D,0x4E,0xFF,0x7D,0x4E,0xFF,0x7D,0x4E,0xFF,0x7D,0x4E,0xFF,0x7D,0x4E,0xFF,0x7D,0x4E,0xFF,
    0x00,0x00,0x00,0x00,0x00,0x00,0x00,0x00,0x00,0x00,0x00,0x00,0x00,0x00,0x00,0x00,0x00,0x00,
    0x00,0x00,0x00,0x00,0x00,0x00,0x00,0x00,0x00,0x00,0x00,0x00,0x00,0x00,0x00,0x00,0x00,0x00,
    0x00,0x00,0x00,0x00,0x00,0x00,0x00,0x00,0x00,0x00,0x00,0x00,0x00,0x00,0x00,0x00,0x00,0x00,
    0x00,0x00,0x00,0x00,0x00,0x00,0x00,0x00,0x00,0x00,0x00,0x00,0x00,0x00,0x00,0x00,0x00,0x00,
    0x00,0x00,0x00,0x00,0x00,0x00,0x7D,0x4E,0xFF,0x7D,0x4E,0xFF,0x7D,0x4E,0xFF,0x7D,0x4E,0xFF,
    0x00,0x00,0x00,0x00,0x00,0x00,0x00,0x00,0x00,0x00,0x00,0x00,0x7D,0x4E,0xFF,0x7D,0x4E,0xFF,
    0x7D,0x4E,0xFF,0x7D,0x4E,0xFF,0x7D,0x4E,0xFF,0x7D,0x4E,0xFF,0x7D,0x4E,0xFF,0x7D,0x4E,0xFF,
    0x7D,0x4E,0xFF,0x00,0x00,0x00,0x00,0x00,0x00,0x00,0x00,0x00,0x00,0x00,0x00,0x00,0x00,0x00,
    0x00,0x00,0x00,0x00,0x00,0x00,0x00,0x00,0x00,0x00,0x00,0x00,0x00,0x00,0x00,0x00,0x00,0x00,
    0x31,0xF3,0xFF,0x31,0xF3,0xFF,0x31,0xF3,0xFF,0x31,0xF3,0xFF,0x31,0xF3,0xFF,0x31,0xF3,0xFF,
    0x31,0xF3,0xFF,0x31,0xF3,0xFF,0x31,0xF3,0xFF,0x31,0xF3,0xFF,0x31,0xF3,0xFF,0x31,0xF3,0xFF,
    0x00,0x00,0x00,0x00,0x00,0x00,0x00,0x00,0x00,0x00,0x00,0x00,0x00,0x00,0x00,0x00,0x00,0x00,
    0x00,0x00,0x00,0x00,0x00,0x00,0x00,0x00,0x00,0x00,0x00,0x00,0x00,0x00,0x00,0x00,0x00,0x00,
    0x7D,0x4E,0xFF,0x7D,0x4E,0xFF,0x7D,0x4E,0xFF,0x7D,0x4E,0xFF,0x7D,0x4E,0xFF,0x7D,0x4E,0xFF,
    0x7D,0x4E,0xFF,0x7D,0x4E,0xFF,0x7D,0x4E,0xFF,0x00,0x00,0x00,0x00,0x00,0x00,0x00,0x00,0x00,
    0x00,0x00,0x00,0x7D,0x4E,0xFF,0x7D,0x4E,0xFF,0x7D,0x4E,0xFF,0x7D,0x4E,0xFF,0x00,0x00,0x00,
    0x00,0x00,0x00,0x00,0x00,0x00,0x00,0x00,0x00,0x00,0x00,0x00,0x00,0x00,0x00,0x00,0x00,0x00,
    0x00,0x00,0x00,0x00,0x00,0x00,0x00,0x00,0x00,0x00,0x00,0x00,0x00,0x00,0x00,0x00,0x00,0x00,
    0x00,0x00,0x00,0x00,0x00,0x00,0x00,0x00,0x00,0x00,0x00,0x00,0x00,0x00,0x00,0x00,0x00,0x00,
    0x00,0x00,0x00,0x00,0x00,0x00,0x00,0x00,0x00,0x00,0x00,0x00,0x00,0x00,0x00,0x00,0x00,0x00,
    0x00,0x00,0x00,0x00,0x00,0x00,0x00,0x00,0x00,0x7D,0x4E,0xFF,0x7D,0x4E,0xFF,0x00,0x00,0x00,
    0x00,0x00,0x00,0x00,0x00,0x00,0x00,0x00,0x00,0x00,0x00,0x00,0x00,0x00,0x00,0x00,0x00,0x00,
    0x7D,0x4E,0xFF,0x7D,0x4E,0xFF,0x7D,0x4E,0xFF,0x7D,0x4E,0xFF,0x7D,0x4E,0xFF,0x7D,0x4E,0xFF,
    0x7D,0x4E,0xFF,0x7D,0x4E,0xFF,0x7D,0x4E,0xFF,0x00,0x00,0x00,0x00,0x00,0x00,0x00,0x00,0x00,
    0x00,0x00,0x00,0x00,0x00,0x00,0x00,0x00,0x00,0x00,0x00,0x00,0x00,0x00,0x00,0x00,0x00,0x00,
    0x31,0xF3,0xFF,0x31,0xF3,0xFF,0x31,0xF3,0xFF,0x31,0xF3,0xFF,0x31,0xF3,0xFF,0x31,0xF3,0xFF,
    0x31,0xF3,0xFF,0x31,0xF3,0xFF,0x31,0xF3,0xFF,0x31,0xF3,0xFF,0x31,0xF3,0xFF,0x31,0xF3,0xFF,
    0x00,0x00,0x00,0x00,0x00,0x00,0x00,0x00,0x00,0x00,0x00,0x00,0x00,0x00,0x00,0x00,0x00,0x00,
    0x00,0x00,0x00,0x00,0x00,0x00,0x00,0x00,0x00,0x00,0x00,0x00,0x7D,0x4E,0xFF,0x7D,0x4E,0xFF,
    0x7D,0x4E,0xFF,0x7D,0x4E,0xFF,0x7D,0x4E,0xFF,0x7D,0x4E,0xFF,0x7D,0x4E,0xFF,0x7D,0x4E,0xFF,
    0x7D,0x4E,0xFF,0x00,0x00,0x00,0x00,0x00,0x00,0x00,0x00,0x00,0x00,0x00,0x00,0x00,0x00,0x00,
    0x00,0x00,0x00,0x00,0x00,0x00,0x7D,0x4E,0xFF,0x7D,0x4E,0xFF,0x00,0x00,0x00,0x00,0x00,0x00,
    0x00,0x00,0x00,0x00,0x00,0x00,0x00,0x00,0x00,0x00,0x00,0x00,0x00,0x00,0x00,0x00,0x00,0x00,
    0x00,0x00,0x00,0x00,0x00,0x00,0x00,0x00,0x00,0x00,0x00,0x00,0x00,0x00,0x00,0x00,0x00,0x00,
    0x00,0x00,0x00,0x00,0x00,0x00,0x00,0x00,0x00,0x00,0x00,0x00,0x00,0x00,0x00,0x00,0x00,0x00,
    0x00,0x00,0x00,0x00,0x00,0x00,0x00,0x00,0x00,0x00,0x00,0x00,0x00,0x00,0x00,0x00,0x00,0x00,
    0x00,0x00,0x00,0x00,0x00,0x00,0x00,0x00,0x00,0x00,0x00,0x00,0x00,0x00,0x00,0x00,0x00,0x00,
    0x00,0x00,0x00,0x00,0x00,0x00,0x00,0x00,0x00,0x00,0x00,0x00,0x00,0x00,0x00,0x00,0x00,0x00,
    0x00,0x00,0x00,0x7D,0x4E,0xFF,0x7D,0x4E,0xFF,0x7D,0x4E,0xFF,0x7D,0x4E,0xFF,0x7D,0x4E,0xFF,
    0x7D,0x4E,0xFF,0x7D,0x4E,0xFF,0x7D,0x4E,0xFF,0x7D,0x4E,0xFF,0x7D,0x4E,0xFF,0x00,0x00,0x00,
    0x00,0x00,0x00,0x00,0x00,0x00,0x00,0x00,0x00,0x00,0x00,0x00,0x00,0x00,0x00,0x00,0x00,0x00,
    0x31,0xF3,0xFF,0x31,0xF3,0xFF,0x31,0xF3,0xFF,0x31,0xF3,0xFF,0x31,0xF3,0xFF,0x31,0xF3,0xFF,
    0x31,0xF3,0xFF,0x31,0xF3,0xFF,0x31,0xF3,0xFF,0x31,0xF3,0xFF,0x31,0xF3,0xFF,0x31,0xF3,0xFF,
    0x00,0x00,0x00,0x00,0x00,0x00,0x00,0x00,0x00,0x00,0x00,0x00,0x00,0x00,0x00,0x00,0x00,0x00,
    0x00,0x00,0x00,0x00,0x00,0x00,0x7D,0x4E,0xFF,0x7D,0x4E,0xFF,0x7D,0x4E,0xFF,0x7D,0x4E,0xFF,
    0x7D,0x4E,0xFF,0x7D,0x4E,0xFF,0x7D,0x4E,0xFF,0x7D,0x4E,0xFF,0x7D,0x4E,0xFF,0x7D,0x4E,0xFF,
    0x00,0x00,0x00,0x00,0x00,0x00,0x00,0x00,0x00,0x00,0x00,0x00,0x00,0x00,0x00,0x00,0x00,0x00,
    0x00,0x00,0x00,0x00,0x00,0x00,0x00,0x00,0x00,0x00,0x00,0x00,0x00,0x00,0x00,0x00,0x00,0x00,
    0x00,0x00,0x00,0x00,0x00,0x00,0x00,0x00,0x00,0x00,0x00,0x00,0x00,0x00,0x00,0x00,0x00,0x00,
    0x00,0x00,0x00,0x00,0x00,0x00,0x00,0x00,0x00,0x00,0x00,0x00,0x00,0x00,0x00,0x00,0x00,0x00,
    0x00,0x00,0x00,0x00,0x00,0x00,0x00,0x00,0x00,0x00,0x00,0x00,0x00,0x00,0x00,0x00,0x00,0x00,
    0x00,0x00,0x00,0x00,0x00,0x00,0x00,0x00,0x00,0x00,0x00,0x00,0x00,0x00,0x00,0x00,0x00,0x00,
    0x00,0x00,0x00,0x00,0x00,0x00,0x00,0x00,0x00,0x00,0x00,0x00,0x00,0x00,0x00,0x00,0x00,0x00,
    0x00,0x00,0x00,0x00,0x00,0x00,0x00,0x00,0x00,0x00,0x00,0x00,0x00,0x00,0x00,0x00,0x00,0x00,
    0x00,0x00,0x00,0x00,0x00,0x00,0x7D,0x4E,0xFF,0x7D,0x4E,0xFF,0x7D,0x4E,0xFF,0x7D,0x4E,0xFF,
    0x7D,0x4E,0xFF,0x7D,0x4E,0xFF,0x7D,0x4E,0xFF,0x7D,0x4E,0xFF,0x7D,0x4E,0xFF,0x7D,0x4E,0xFF,
    0x7D,0x4E,0xFF,0x7D,0x4E,0xFF,0x00,0x00,0x00,0x00,0x00,0x00,0x00,0x00,0x00,0x00,0x00,0x00,
    0x31,0xF3,0xFF,0x31,0xF3,0xFF,0x31,0xF3,0xFF,0x31,0xF3,0xFF,0x31,0xF3,0xFF,0x31,0xF3,0xFF,
    0x31,0xF3,0xFF,0x31,0xF3,0xFF,0x31,0xF3,0xFF,0x31,0xF3,0xFF,0x31,0xF3,0xFF,0x00,0x00,0x00,
    0x00,0x00,0x00,0x00,0x00,0x00,0x00,0x00,0x00,0x00,0x00,0x00,0x00,0x00,0x00,0x7D,0x4E,0xFF,
    0x7D,0x4E,0xFF,0x7D,0x4E,0xFF,0x7D,0x4E,0xFF,0x7D,0x4E,0xFF,0x7D,0x4E,0xFF,0x7D,0x4E,0xFF,
    0x7D,0x4E,0xFF,0x7D,0x4E,0xFF,0x7D,0x4E,0xFF,0x7D,0x4E,0xFF,0x7D,0x4E,0xFF,0x00,0x00,0x00,
    0x00,0x00,0x00,0x00,0x00,0x00,0x00,0x00,0x00,0x00,0x00,0x00,0x00,0x00,0x00,0x00,0x00,0x00,
    0x00,0x00,0x00,0x00,0x00,0x00,0x00,0x00,0x00,0x00,0x00,0x00,0x00,0x00,0x00,0x00,0x00,0x00,
    0x00,0x00,0x00,0x00,0x00,0x00,0x00,0x00,0x00,0x00,0x00,0x00,0x00,0x00,0x00,0x00,0x00,0x00,
    0x00,0x00,0x00,0x00,0x00,0x00,0x00,0x00,0x00,0x00,0x00,0x00,0x00,0x00,0x00,0x00,0x00,0x00,
    0x00,0x00,0x00,0x00,0x00,0x00,0x00,0x00,0x00,0x00,0x00,0x00,0x00,0x00,0x00,0x00,0x00,0x00,
    0x00,0x00,0x00,0x00,0x00,0x00,0x00,0x00,0x00,0x00,0x00,0x00,0x00,0x00,0x00,0x00,0x00,0x00,
    0x00,0x00,0x00,0x00,0x00,0x00,0x00,0x00,0x00,0x00,0x00,0x00,0x00,0x00,0x00,0x00,0x00,0x00,
    0x00,0x00,0x00,0x00,0x00,0x00,0x00,0x00,0x00,0x00,0x00,0x00,0x00,0x00,0x00,0x00,0x00,0x00,
    0x00,0x00,0x00,0x00,0x00,0x00,0x00,0x00,0x00,0x00,0x00,0x00,0x7D,0x4E,0xFF,0x7D,0x4E,0xFF,
    0x7D,0x4E,0xFF,0x7D,0x4E,0xFF,0x7D,0x4E,0xFF,0x7D,0x4E,0xFF,0x7D,0x4E,0xFF,0x7D,0x4E,0xFF,
    0x7D,0x4E,0xFF,0x7D,0x4E,0xFF,0x7D,0x4E,0xFF,0x7D,0x4E,0xFF,0x7D,0x4E,0xFF,0x7D,0x4E,0xFF,
    0x31,0xF3,0xFF,0x31,0xF3,0xFF,0x31,0xF3,0xFF,0x31,0xF3,0xFF,0x31,0xF3,0xFF,0x31,0xF3,0xFF,
    0x31,0xF3,0xFF,0x31,0xF3,0xFF,0x31,0xF3,0xFF,0x31,0xF3,0xFF,0x31,0xF3,0xFF,0x00,0x00,0x00,
    0x7D,0x4E,0xFF,0x7D,0x4E,0xFF,0x7D,0x4E,0xFF,0x7D,0x4E,0xFF,0x7D,0x4E,0xFF,0x7D,0x4E,0xFF,
    0x7D,0x4E,0xFF,0x7D,0x4E,0xFF,0x7D,0x4E,0xFF,0x7D,0x4E,0xFF,0x7D,0x4E,0xFF,0x7D,0x4E,0xFF,
    0x7D,0x4E,0xFF,0x7D,0x4E,0xFF,0x7D,0x4E,0xFF,0x00,0x00,0x00,0x00,0x00,0x00,0x00,0x00,0x00,
    0x00,0x00,0x00,0x00,0x00,0x00,0x00,0x00,0x00,0x00,0x00,0x00,0x00,0x00,0x00,0x00,0x00,0x00,
    0x00,0x00,0x00,0x00,0x00,0x00,0x00,0x00,0x00,0x00,0x00,0x00,0x00,0x00,0x00,0x00,0x00,0x00,
    0x00,0x00,0x00,0x00,0x00,0x00,0x00,0x00,0x00,0x00,0x00,0x00,0x00,0x00,0x00,0x00,0x00,0x00,
    0x00,0x00,0x00,0x00,0x00,0x00,0x00,0x00,0x00,0x00,0x00,0x00,0x00,0x00,0x00,0x00,0x00,0x00,
    0x00,0x00,0x00,0x00,0x00,0x00,0x00,0x00,0x00,0x00,0x00,0x00,0x00,0x00,0x00,0x00,0x00,0x00,
    0x00,0x00,0x00,0x00,0x00,0x00,0x00,0x00,0x00,0x00,0x00,0x00,0x00,0x00,0x00,0x00,0x00,0x00,
    0x00,0x00,0x00,0x00,0x00,0x00,0x00,0x00,0x00,0x00,0x00,0x00,0x00,0x00,0x00,0x00,0x00,0x00,
    0x00,0x00,0x00,0x00,0x00,0x00,0x00,0x00,0x00,0x00,0x00,0x00,0x00,0x00,0x00,0x00,0x00,0x00,
    0x00,0x00,0x00,0x00,0x00,0x00,0x00,0x00,0x00,0x00,0x00,0x00,0x00,0x00,0x00,0x00,0x00,0x00,
    0x7D,0x4E,0xFF,0x7D,0x4E,0xFF,0x7D,0x4E,0xFF,0x7D,0x4E,0xFF,0x7D,0x4E,0xFF,0x7D,0x4E,0xFF,
    0x7D,0x4E,0xFF,0x7D,0x4E,0xFF,0x7D,0x4E,0xFF,0x7D,0x4E,0xFF,0x7D,0x4E,0xFF,0x7D,0x4E,0xFF,
    0x31,0xF3,0xFF,0x31,0xF3,0xFF,0x31,0xF3,0xFF,0x31,0xF3,0xFF,0x31,0xF3,0xFF,0x31,0xF3,0xFF,
    0x31,0xF3,0xFF,0x31,0xF3,0xFF,0x31,0xF3,0xFF,0x31,0xF3,0xFF,0x31,0xF3,0xFF,0x7D,0x4E,0xFF,
    0x7D,0x4E,0xFF,0x7D,0x4E,0xFF,0x7D,0x4E,0xFF,0x7D,0x4E,0xFF,0x7D,0x4E,0xFF,0x7D,0x4E,0xFF,
    0x7D,0x4E,0xFF,0x7D,0x4E,0xFF,0x7D,0x4E,0xFF,0x7D,0x4E,0xFF,0x7D,0x4E,0xFF,0x7D,0x4E,0xFF,
    0x7D,0x4E,0xFF,0x00,0x00,0x00,0x00,0x00,0x00,0x00,0x00,0x00,0x00,0x00,0x00,0x00,0x00,0x00,
    0x00,0x00,0x00,0x00,0x00,0x00,0x00,0x00,0x00,0x00,0x00,0x00,0x00,0x00,0x00,0x00,0x00,0x00,
    0x00,0x00,0x00,0x00,0x00,0x00,0x00,0x00,0x00,0x00,0x00,0x00,0x00,0x00,0x00,0x00,0x00,0x00,
    0x00,0x00,0x00,0x00,0x00,0x00,0x00,0x00,0x00,0x00,0x00,0x00,0x00,0x00,0x00,0x00,0x00,0x00,
    0x00,0x00,0x00,0x00,0x00,0x00,0x00,0x00,0x00,0x00,0x00,0x00,0x00,0x00,0x00,0x00,0x00,0x00,
    0x00,0x00,0x00,0x00,0x00,0x00,0x00,0x00,0x00,0x00,0x00,0x00,0x00,0x00,0x00,0x00,0x00,0x00,
    0x00,0x00,0x00,0x00,0x00,0x00,0x00,0x00,0x00,0x00,0x00,0x00,0x00,0x00,0x00,0x00,0x00,0x00,
    0x00,0x00,0x00,0x00,0x00,0x00,0x00,0x00,0x00,0x00,0x00,0x00,0x00,0x00,0x00,0x00,0x00,0x00,
    0x00,0x00,0x00,0x00,0x00,0x00,0x00,0x00,0x00,0x00,0x00,0x00,0x00,0x00,0x00,0x00,0x00,0x00,
    0x00,0x00,0x00,0x00,0x00,0x00,0x00,0x00,0x00,0x00,0x00,0x00,0x00,0x00,0x00,0x00,0x00,0x00,
    0x00,0x00,0x00,0x00,0x00,0x00,0x7D,0x4E,0xFF,0x7D,0x4E,0xFF,0x7D,0x4E,0xFF,0x7D,0x4E,0xFF,
    0x7D,0x4E,0xFF,0x7D,0x4E,0xFF,0x7D,0x4E,0xFF,0x7D,0x4E,0xFF,0x7D,0x4E,0xFF,0x7D,0x4E,0xFF,
    0x7D,0x4E,0xFF,0x31,0xF3,0xFF,0x31,0xF3,0xFF,0x31,0xF3,0xFF,0x31,0xF3,0xFF,0x31,0xF3,0xFF,
    0x31,0xF3,0xFF,0x31,0xF3,0xFF,0x31,0xF3,0xFF,0x31,0xF3,0xFF,0x7D,0x4E,0xFF,0x7D,0x4E,0xFF,
    0x7D,0x4E,0xFF,0x7D,0x4E,0xFF,0x7D,0x4E,0xFF,0x7D,0x4E,0xFF,0x7D,0x4E,0xFF,0x7D,0x4E,0xFF,
    0x7D,0x4E,0xFF,0x7D,0x4E,0xFF,0x7D,0x4E,0xFF,0x7D,0x4E,0xFF,0x7D,0x4E,0xFF,0x00,0x00,0x00,
    0x00,0x00,0x00,0x00,0x00,0x00,0x00,0x00,0x00,0x00,0x00,0x00,0x00,0x00,0x00,0x00,0x00,0x00,
    0x00,0x00,0x00,0x00,0x00,0x00,0x00,0x00,0x00,0x00,0x00,0x00,0x00,0x00,0x00,0x00,0x00,0x00,
    0x00,0x00,0x00,0x00,0x00,0x00,0x00,0x00,0x00,0x00,0x00,0x00,0x00,0x00,0x00,0x00,0x00,0x00,
    0x00,0x00,0x00,0x00,0x00,0x00,0x00,0x00,0x00,0x00,0x00,0x00,0x00,0x00,0x00,0x00,0x00,0x00,
    0x00,0x00,0x00,0x00,0x00,0x00,0x00,0x00,0x00,0x00,0x00,0x00,0x00,0x00,0x00,0x00,0x00,0x00,
    0x00,0x00,0x00,0x00,0x00,0x00,0x00,0x00,0x00,0x00,0x00,0x00,0x00,0x00,0x00,0x00,0x00,0x00,
    0x00,0x00,0x00,0x00,0x00,0x00,0x00,0x00,0x00,0x00,0x00,0x00,0x00,0x00,0x00,0x00,0x00,0x00,
    0x00,0x00,0x00,0x00,0x00,0x00,0x00,0x00,0x00,0x00,0x00,0x00,0x00,0x00,0x00,0x00,0x00,0x00,
    0x00,0x00,0x00,0x00,0x00,0x00,0x00,0x00,0x00,0x00,0x00,0x00,0x00,0x00,0x00,0x00,0x00,0x00,
    0x00,0x00,0x00,0x00,0x00,0x00,0x00,0x00,0x00,0x00,0x00,0x00,0x00,0x00,0x00,0x00,0x00,0x00,
    0x00,0x00,0x00,0x00,0x00,0x00,0x00,0x00,0x00,0x00,0x00,0x00,0x7D,0x4E,0xFF,0x7D,0x4E,0xFF,
    0x7D,0x4E,0xFF,0x7D,0x4E,0xFF,0x7D,0x4E,0xFF,0x7D,0x4E,0xFF,0x7D,0x4E,0xFF,0x7D,0x4E,0xFF,
    0x7D,0x4E,0xFF,0x7D,0x4E,0xFF,0x31,0xF3,0xFF,0x31,0xF3,0xFF,0x31,0xF3,0xFF,0x31,0xF3,0xFF,
    0x31,0xF3,0xFF,0x31,0xF3,0xFF,0x31,0xF3,0xFF,0x7D,0x4E,0xFF,0x7D,0x4E,0xFF,0x7D,0x4E,0xFF,
    0x7D,0x4E,0xFF,0x7D,0x4E,0xFF,0x7D,0x4E,0xFF,0x7D,0x4E,0xFF,0x7D,0x4E,0xFF,0x7D,0x4E,0xFF,
    0x7D,0x4E,0xFF,0x7D,0x4E,0xFF,0x7D,0x4E,0xFF,0x00,0x00,0x00,0x00,0x00,0x00,0x00,0x00,0x00,
    0x00,0x00,0x00,0x00,0x00,0x00,0x00,0x00,0x00,0x00,0x00,0x00,0x00,0x00,0x00,0x00,0x00,0x00,
    0x00,0x00,0x00,0x00,0x00,0x00,0x00,0x00,0x00,0x00,0x00,0x00,0x00,0x00,0x00,0x00,0x00,0x00,
    0x00,0x00,0x00,0x00,0x00,0x00,0x00,0x00,0x00,0x00,0x00,0x00,0x00,0x00,0x00,0x00,0x00,0x00,
    0x00,0x00,0x00,0x00,0x00,0x00,0x00,0x00,0x00,0x00,0x00,0x00,0x00,0x00,0x00,0x00,0x00,0x00,
    0x00,0x00,0x00,0x00,0x00,0x00,0x00,0x00,0x00,0x00,0x00,0x00,0x00,0x00,0x00,0x00,0x00,0x00,
    0x00,0x00,0x00,0x00,0x00,0x00,0x00,0x00,0x00,0x00,0x00,0x00,0x00,0x00,0x00,0x00,0x00,0x00,
    0x00,0x00,0x00,0x00,0x00,0x00,0x00,0x00,0x00,0x00,0x00,0x00,0x00,0x00,0x00,0x00,0x00,0x00,
    0x00,0x00,0x00,0x00,0x00,0x00,0x00,0x00,0x00,0x00,0x00,0x00,0x00,0x00,0x00,0x00,0x00,0x00,
    0x00,0x00,0x00,0x00,0x00,0x00,0x00,0x00,0x00,0x00,0x00,0x00,0x00,0x00,0x00,0x00,0x00,0x00,
    0x00,0x00,0x00,0x00,0x00,0x00,0x00,0x00,0x00,0x00,0x00,0x00,0x00,0x00,0x00,0x00,0x00,0x00,
    0x00,0x00,0x00,0x00,0x00,0x00,0x00,0x00,0x00,0x00,0x00,0x00,0x00,0x00,0x00,0x00,0x00,0x00,
    0x00,0x00,0x00,0x00,0x00,0x00,0x7D,0x4E,0xFF,0x7D,0x4E,0xFF,0x7D,0x4E,0xFF,0x7D,0x4E,0xFF,
    0x7D,0x4E,0xFF,0x7D,0x4E,0xFF,0x7D,0x4E,0xFF,0x7D,0x4E,0xFF,0x7D,0x4E,0xFF,0x31,0xF3,0xFF,
    0x7D,0x4E,0xFF,0x7D,0x4E,0xFF,0x7D,0x4E,0xFF,0x7D,0x4E,0xFF,0x7D,0x4E,0xFF,0x7D,0x4E,0xFF,
    0x7D,0x4E,0xFF,0x7D,0x4E,0xFF,0x7D,0x4E,0xFF,0x7D,0x4E,0xFF,0x7D,0x4E,0xFF,0x00,0x00,0x00,
    0x00,0x00,0x00,0x00,0x00,0x00,0x00,0x00,0x00,0x00,0x00,0x00,0x00,0x00,0x00,0x00,0x00,0x00,
    0x00,0x00,0x00,0x00,0x00,0x00,0x00,0x00,0x00,0x00,0x00,0x00,0x00,0x00,0x00,0x00,0x00,0x00,
    0x00,0x00,0x00,0x00,0x00,0x00,0x00,0x00,0x00,0x00,0x00,0x00,0x00,0x00,0x00,0x00,0x00,0x00,
    0x00,0x00,0x00,0x00,0x00,0x00,0x00,0x00,0x00,0x00,0x00,0x00,0x00,0x00,0x00,0x00,0x00,0x00,
    0x00,0x00,0x00,0x00,0x00,0x00,0x00,0x00,0x00,0x00,0x00,0x00,0x00,0x00,0x00,0x00,0x00,0x00,
    0x00,0x00,0x00,0x00,0x00,0x00,0x00,0x00,0x00,0x00,0x00,0x00,0x00,0x00,0x00,0x00,0x00,0x00,
    0x00,0x00,0x00,0x00,0x00,0x00,0x00,0x00,0x00,0x00,0x00,0x00,0x00,0x00,0x00,0x00,0x00,0x00,
    0x00,0x00,0x00,0x00,0x00,0x00,0x00,0x00,0x00,0x00,0x00,0x00,0x00,0x00,0x00,0x00,0x00,0x00,
    0x00,0x00,0x00,0x00,0x00,0x00,0x00,0x00,0x00,0x00,0x00,0x00,0x00,0x00,0x00,0x00,0x00,0x00,
    0x00,0x00,0x00,0x00,0x00,0x00,0x00,0x00,0x00,0x00,0x00,0x00,0x00,0x00,0x00,0x00,0x00,0x00,
    0x00,0x00,0x00,0x00,0x00,0x00,0x00,0x00,0x00,0x00,0x00,0x00,0x00,0x00,0x00,0x00,0x00,0x00,
    0x00,0x00,0x00,0x00,0x00,0x00,0x00,0x00,0x00,0x00,0x00,0x00,0x00,0x00,0x00,0x00,0x00,0x00,
    0x00,0x00,0x00,0x00,0x00,0x00,0x00,0x00,0x00,0x00,0x00,0x00,0x00,0x00,0x00,0x00,0x00,0x00,
    0x7D,0x4E,0xFF,0x7D,0x4E,0xFF,0x7D,0x4E,0xFF,0x7D,0x4E,0xFF,0x7D,0x4E,0xFF,0x7D,0x4E,0xFF,
    0x7D,0x4E,0xFF,0x7D,0x4E,0xFF,0x7D,0x4E,0xFF,0x7D,0x4E,0xFF,0x7D,0x4E,0xFF,0x7D,0x4E,0xFF,
    0x7D,0x4E,0xFF,0x00,0x00,0x00,0x00,0x00,0x00,0x00,0x00,0x00,0x00,0x00,0x00,0x00,0x00,0x00,
    0x00,0x00,0x00,0x00,0x00,0x00,0x00,0x00,0x00,0x00,0x00,0x00,0x00,0x00,0x00,0x00,0x00,0x00,
    0x00,0x00,0x00,0x00,0x00,0x00,0x00,0x00,0x00,0x00,0x00,0x00,0x00,0x00,0x00,0x00,0x00,0x00,
    0x00,0x00,0x00,0x00,0x00,0x00,0x00,0x00,0x00,0x00,0x00,0x00,0x00,0x00,0x00,0x00,0x00,0x00,
    0x00,0x00,0x00,0x00,0x00,0x00,0x00,0x00,0x00,0x00,0x00,0x00,0x00,0x00,0x00,0x00,0x00,0x00,
    0x00,0x00,0x00,0x00,0x00,0x00,0x00,0x00,0x00,0x00,0x00,0x00,0x00,0x00,0x00,0x00,0x00,0x00,
    0x00,0x00,0x00,0x00,0x00,0x00,0x00,0x00,0x00,0x00,0x00,0x00,0x00,0x00,0x00,0x00,0x00,0x00,
    0x00,0x00,0x00,0x00,0x00,0x00,0x00,0x00,0x00,0x00,0x00,0x00,0x00,0x00,0x00,0x00,0x00,0x00,
    0x00,0x00,0x00,0x00,0x00,0x00,0x00,0x00,0x00,0x00,0x00,0x00,0x00,0x00,0x00,0x00,0x00,0x00,
    0x00,0x00,0x00,0x00,0x00,0x00,0x00,0x00,0x00,0x00,0x00,0x00,0x00,0x00,0x00,0x00,0x00,0x00,
    0x00,0x00,0x00,0x00,0x00,0x00,0x00,0x00,0x00,0x00,0x00,0x00,0x00,0x00,0x00,0x00,0x00,0x00,
    0x00,0x00,0x00,0x00,0x00,0x00,0x00,0x00,0x00,0x00,0x00,0x00,0x00,0x00,0x00,0x00,0x00,0x00,
    0x00,0x00,0x00,0x00,0x00,0x00,0x00,0x00,0x00,0x00,0x00,0x00,0x00,0x00,0x00,0x00,0x00,0x00,
    0x00,0x00,0x00,0x00,0x00,0x00,0x00,0x00,0x00,0x00,0x00,0x00,0x00,0x00,0x00,0x00,0x00,0x00,
    0x00,0x00,0x00,0x00,0x00,0x00,0x00,0x00,0x00,0x00,0x00,0x00,0x00,0x00,0x00,0x00,0x00,0x00,
    0x00,0x00,0x00,0x00,0x00,0x00,0x00,0x00,0x00,0x00,0x00,0x00,0x00,0x00,0x00,0x00,0x00,0x00,
    0x00,0x00,0x00,0x00,0x00,0x00,0x00,0x00,0x00,0x00,0x00,0x00,0x00,0x00,0x00,0x00,0x00,0x00,
    0x00,0x00,0x00,0x00,0x00,0x00,0x00,0x00,0x00,0x00,0x00,0x00,0x00,0x00,0x00,0x00,0x00,0x00,
    0x00,0x00,0x00,0x00,0x00,0x00,0x00,0x00,0x00,0x00,0x00,0x00,0x00,0x00,0x00,0x00,0x00,0x00,
    0x00,0x00,0x00,0x00,0x00,0x00,0x00,0x00,0x00,0x00,0x00,0x00,0x00,0x00,0x00,0x00,0x00,0x00,
    0x00,0x00,0x00,0x00,0x00,0x00,0x00,0x00,0x00,0x00,0x00,0x00,0x00,0x00,0x00,0x00,0x00,0x00,
    0x00,0x00,0x00,0x00,0x00,0x00,0x00,0x00,0x00,0x00,0x00,0x00,0x00,0x00,0x00,0x00,0x00,0x00,
    0x00,0x00,0x00,0x00,0x00,0x00,0x00,0x00,0x00,0x00,0x00,0x00,0x00,0x00,0x00,0x00,0x00,0x00,
    0x00,0x00,0x00,0x00,0x00,0x00,0x00,0x00,0x00,0x00,0x00,0x00,0x00,0x00,0x00,0x00,0x00,0x00,
    0x00,0x00,0x00,0x00,0x00,0x00,0x00,0x00,0x00,0x00,0x00,0x00,0x00,0x00,0x00,0x00,0x00,0x00,
    0x00,0x00,0x00,0x00,0x00,0x00,0x00,0x00,0x00,0x00,0x00,0x00,0x00,0x00,0x00,0x00,0x00,0x00,
    0x00,0x00,0x00,0x00,0x00,0x00,0x00,0x00,0x00,0x00,0x00,0x00,0x00,0x00,0x00,0x00,0x00,0x00,
    0x00,0x00,0x00,0x00,0x00,0x00,0x00,0x00,0x00,0x00,0x00,0x00,0x00,0x00,0x00,0x00,0x00,0x00,
    0x00,0x00,0x00,0x00,0x00,0x00,0x00,0x00,0x00,0x00,0x00,0x00,0x00,0x00,0x00,0x00,0x00,0x00,
    0x00,0x00,0x00,0x00,0x00,0x00,0x00,0x00,0x00,0x00,0x00,0x00,0x00,0x00,0x00,0x00,0x00,0x00,
    0x00,0x00,0x00,0x00,0x00,0x00,0x00,0x00,0x00,0x00,0x00,0x00,0x00,0x00,0x00,0x00,0x00,0x00,
    0x00,0x00,0x00,0x00,0x00,0x00,0x00,0x00,0x00,0x00,0x00,0x00,0x00,0x00,0x00,0x00,0x00,0x00,
    0x00,0x00,0x00,0x00,0x00,0x00,0x00,0x00,0x00,0x00,0x00,0x00,0x00,0x00,0x00,0x00,0x00,0x00,
    0x00,0x00,0x00,0x00,0x00,0x00,0x00,0x00,0x00,0x00,0x00,0x00,0x00,0x00,0x00,0x00,0x00,0x00,
    0x00,0x00,0x00,0x00,0x00,0x00,0x00,0x00,0x00,0x00,0x00,0x00,0x00,0x00,0x00,0x00,0x00,0x00,
    0x00,0x00,0x00,0x00,0x00,0x00,0x00,0x00,0x00,0x00,0x00,0x00,0x00,0x00,0x00,0x00,0x00,0x00,
    0x00,0x00,0x00,0x00,0x00,0x00,0x00,0x00,0x00,0x00,0x00,0x00,0x00,0x00,0x00,0x00,0x00,0x00,
    0x00,0x00,0x00,0x00,0x00,0x00,0x00,0x00,0x00,0x00,0x00,0x00,0x00,0x00,0x00,0x00,0x00,0x00,
    0x00,0x00,0x00,0x00,0x00,0x00,0x00,0x00,0x00,0x00,0x00,0x00,0x00,0x00,0x00,0x00,0x00,0x00,
    0x00,0x00,0x00,0x00,0x00,0x00,0x00,0x00,0x00,0x00,0x00,0x00,0x00,0x00,0x00,0x00,0x00,0x00,
    0x00,0x00,0x00,0x00,0x00,0x00,0x00,0x00,0x00,0x00,0x00,0x00,0x00,0x00,0x00,0x00,0x00,0x00,
    0x00,0x00,0x00,0x00,0x00,0x00,0x00,0x00,0x00,0x00,0x00,0x00,0x00,0x00,0x00,0x00,0x00,0x00,
    0x00,0x00,0x00,0x00,0x00,0x00,0x00,0x00,0x00,0x00,0x00,0x00,0x00,0x00,0x00,0x00,0x00,0x00,
    0x00,0x00,0x00,0x00,0x00,0x00,0x00,0x00,0x00,0x00,0x00,0x00,0x00,0x00,0x00,0x00,0x00,0x00,
    0x00,0x00,0x00,0x00,0x00,0x00,0x00,0x00,0x00,0x00,0x00,0x00,0x00,0x00,0x00,0x00,0x00,0x00,
    0x00,0x00,0x00,0x00,0x00,0x00,0x00,0x00,0x00,0x00,0x00,0x00,0x00,0x00,0x00,0x00,0x00,0x00,
    0x00,0x00,0x00,0x00,0x00,0x00,0x00,0x00,0x00,0x00,0x00,0x00,0x00,0x00,0x00,0x00,0x00,0x00,
    0x00,0x00,0x00,0x00,0x00,0x00,0x00,0x00,0x00,0x00,0x00,0x00,0x00,0x00,0x00,0x00,0x00,0x00,
    0x00,0x00,0x00,0x00,0x00,0x00,0x00,0x00,0x00,0x00,0x00,0x00,0x00,0x00,0x00,0x00,0x00,0x00,
    0x00,0x00,0x00,0x00,0x00,0x00,0x00,0x00,0x00,0x00,0x00,0x00,0x00,0x00,0x00,0x00,0x00,0x00,
    0x00,0x00,0x00,0x00,0x00,0x00,0x00,0x00,0x00,0x00,0x00,0x00,0x00,0x00,0x00,0x00,0x00,0x00,
    0x00,0x00,0x00,0x00,0x00,0x00,0x00,0x00,0x00,0x00,0x00,0x00,0x00,0x00,0x00,0x00,0x00,0x00,
    0x00,0x00,0x00,0x00,0x00,0x00,0x00,0x00,0x00,0x00,0x00,0x00,0x00,0x00,0x00,0x00,0x00,0x00,
    0x00,0x00,0x00,0x00,0x00,0x00,0x00,0x00,0x00,0x00,0x00,0x00,0x00,0x00,0x00,0x00,0x00,0x00,
    0x00,0x00,0x00,0x00,0x00,0x00,0x00,0x00,0x00,0x00,0x00,0x00,0x00,0x00,0x00,0x00,0x00,0x00,
    0x00,0x00,0x00,0x00,0x00,0x00,0x00,0x00,0x00,0x00,0x00,0x00,0x00,0x00,0x00,0x00,0x00,0x00,
    0x00,0x00,0x00,0x00,0x00,0x00,0x00,0x00,0x00,0x00,0x00,0x00,0x00,0x00,0x00,0x00,0x00,0x00,
    0x00,0x00,0x00,0x00,0x00,0x00,0x00,0x00,0x00,0x00,0x00,0x00,0x00,0x00,0x00,0x00,0x00,0x00,
    0x00,0x00,0x00,0x00,0x00,0x00,0x00,0x00,0x00,0x00,0x00,0x00,0x00,0x00,0x00,0x00,0x00,0x00,
    0x00,0x00,0x00,0x00,0x00,0x00,0x00,0x00,0x00,0x00,0x00,0x00,0x00,0x00,0x00,0x00,0x00,0x00,
    0x00,0x00,0x00,0x00,0x00,0x00,0x00,0x00,0x00,0x00,0x00,0x00,0x00,0x00,0x00,0x00,0x00,0x00,
    0x00,0x00,0x00,0x00,0x00,0x00,0x00,0x00,0x00,0x00,0x00,0x00,0x00,0x00,0x00,0x00,0x00,0x00,
    0x00,0x00,0x00,0x00,0x00,0x00,0x00,0x00,0x00,0x00,0x00,0x00,0x00,0x00,0x00,0x00,0x00,0x00,
    0x00,0x00,0x00,0x00,0x00,0x00,0x00,0x00,0x00,0x00,0x00,0x00,0x00,0x00,0x00,0x00,0x00,0x00,
    0x00,0x00,0x00,0x00,0x00,0x00,0x00,0x00,0x00,0x00,0x00,0x00,0x00,0x00,0x00,0x00,0x00,0x00,
    0x00,0x00,0x00,0x00,0x00,0x00,0x00,0x00,0x00,0x00,0x00,0x00,0x00,0x00,0x00,0x00,0x00,0x00,
    0x00,0x00,0x00,0x00,0x00,0x00,0x00,0x00,0x00,0x00,0x00,0x00,0x00,0x00,0x00,0x00,0x00,0x00,
    0x00,0x00,0x00,0x00,0x00,0x00,0x00,0x00,0x00,0x00,0x00,0x00,0x00,0x00,0x00,0x00,0x00,0x00,
    0x00,0x00,0x00,0x00,0x00,0x00,0x00,0x00,0x00,0x00,0x00,0x00,0x00,0x00,0x00,0x00,0x00,0x00,
    0x00,0x00,0x00,0x00,0x00,0x00,0x00,0x00,0x00,0x00,0x00,0x00,0x00,0x00,0x00,0x00,0x00,0x00,
    0x00,0x00,0x00,0x00,0x00,0x00,0x00,0x00,0x00,0x00,0x00,0x00,0x00,0x00,0x00,0x00,0x00,0x00,
    0x00,0x00,0x00,0x00,0x00,0x00,0x00,0x00,0x00,0x00,0x00,0x00,0x00,0x00,0x00,0x00,0x00,0x00,
    0x00,0x00,0x00,0x00,0x00,0x00,0x00,0x00,0x00,0x00,0x00,0x00,0x00,0x00,0x00,0x00,0x00,0x00,
    0x00,0x00,0x00,0x00,0x00,0x00,0x00,0x00,0x00,0x00,0x00,0x00,0x00,0x00,0x00,0x00,0x00,0x00,
    0x00,0x00,0x00,0x00,0x00,0x00,0x00,0x00,0x00,0x00,0x00,0x00,0x00,0x00,0x00,0x00,0x00,0x00,
    0x00,0x00,0x00,0x00,0x00,0x00,0x00,0x00,0x00,0x00,0x00,0x00,0x00,0x00,0x00,0x00,0x00,0x00,
    0x00,0x00,0x00,0x00,0x00,0x00,0x00,0x00,0x00,0x00,0x00,0x00,0x00,0x00,0x00,0x00,0x00,0x00,
    0x00,0x00,0x00,0x00,0x00,0x00,0x00,0x00,0x00,0x00,0x00,0x00,0x00,0x00,0x00,0x00,0x00,0x00,
    0x00,0x00,0x00,0x00,0x00,0x00,0x00,0x00,0x00,0x00,0x00,0x00,0x00,0x00,0x00,0x00,0x00,0x00,
    0x00,0x00,0x00,0x00,0x00,0x00,0x00,0x00,0x00,0x00,0x00,0x00,0x00,0x00,0x00,0x00,0x00,0x00,
    0x00,0x00,0x00,0x00,0x00,0x00,0x00,0x00,0x00,0x00,0x00,0x00,0x00,0x00,0x00,0x00,0x00,0x00,
    0x00,0x00,0x00,0x00,0x00,0x00,0x00,0x00,0x00,0x00,0x00,0x00,0x00,0x00,0x00,0x00,0x00,0x00,
    0x00,0x00,0x00,0x00,0x00,0x00,0x00,0x00,0x00,0x00,0x00,0x00,0x00,0x00,0x00,0x00,0x00,0x00,
    0x00,0x00,0x00,0x00,0x00,0x00,0x00,0x00,0x00,0x00,0x00,0x00,0x00,0x00,0x00,0x00,0x00,0x00,
    0x00,0x00,0x00,0x00,0x00,0x00,0x00,0x00,0x00,0x00,0x00,0x00,0x00,0x00,0x00,0x00,0x00,0x00,
    0x00,0x00,0x00,0x00,0x00,0x00,0x00,0x00,0x00,0x00,0x00,0x00,0x00,0x00,0x00,0x00,0x00,0x00,
    0x00,0x00,0x00,0x00,0x00,0x00,0x00,0x00,0x00,0x00,0x00,0x00,0x00,0x00,0x00,0x00,0x00,0x00,
    0x00,0x00,0x00,0x00,0x00,0x00,0x00,0x00,0x00,0x00,0x00,0x00,0x00,0x00,0x00,0x00,0x00,0x00,
    0x00,0x00,0x00,0x00,0x00,0x00,0x00,0x00,0x00,0x00,0x00,0x00,0x00,0x00,0x00,0x00,0x00,0x00,
    0x00,0x00,0x00,0x00,0x00,0x00,0x00,0x00,0x00,0x00,0x00,0x00,0x00,0x00,0x00,0x00,0x00,0x00,
    0x00,0x00,0x00,0x00,0x00,0x00,0x00,0x00,0x00,0x00,0x00,0x00,0x00,0x00,0x00,0x00,0x00,0x00,
    0x00,0x00,0x00,0x00,0x00,0x00,0x00,0x00,0x00,0x00,0x00,0x00,0x00,0x00,0x00,0x00,0x00,0x00,
    0x00,0x00,0x00,0x00,0x00,0x00,0x00,0x00,0x00,0x00,0x00,0x00,0x00,0x00,0x00,0x00,0x00,0x00,
    0x00,0x00,0x00,0x00,0x00,0x00,0x00,0x00,0x00,0x00,0x00,0x00,0x00,0x00,0x00,0x00,0x00,0x00,
    0x00,0x00,0x00,0x00,0x00,0x00,0x00,0x00,0x00,0x00,0x00,0x00,0x00,0x00,0x00,0x00,0x00,0x00,
    0x00,0x00,0x00,0x00,0x00,0x00,0x00,0x00,0x00,0x00,0x00,0x00,0x00,0x00,0x00,0x00,0x00,0x00,
    0x00,0x00,0x00,0x00,0x00,0x00,0x00,0x00,0x00,0x00,0x00,0x00,0x00,0x00,0x00,0x00,0x00,0x00,
    0x00,0x00,0x00,0x00,0x00,0x00,0x00,0x00,0x00,0x00,0x00,0x00,0x00,0x00,0x00,0x00,0x00,0x00,
    0x00,0x00,0x00,0x00,0x00,0x00,0x00,0x00,0x00,0x00,0x00,0x00,0x00,0x00,0x00,0x00,0x00,0x00,
    0x00,0x00,0x00,0x00,0x00,0x00,0x00,0x00,0x00,0x00,0x00,0x00,0x00,0x00,0x00,0x00,0x00,0x00,
    0x00,0x00,0x00,0x00,0x00,0x00,0x00,0x00,0x00,0x00,0x00,0x00,0x00,0x00,0x00,0x00,0x00,0x00,
    0x00,0x00,0x00,0x00,0x00,0x00,0x00,0x00,0x00,0x00,0x00,0x00,0x00,0x00,0x00,0x00,0x00,0x00,
    0x00,0x00,0x00,0x00,0x00,0x00,0x00,0x00,0x00,0x00,0x00,0x00,0x00,0x00,0x00,0x00,0x00,0x00,
    0x00,0x00,0x00,0x00,0x00,0x00,0x00,0x00,0x00,0x00,0x00,0x00,0x00,0x00,0x00,0x00,0x00,0x00,
    0x00,0x00,0x00,0x00,0x00,0x00,0x00,0x00,0x00,0x00,0x00,0x00,0x00,0x00,0x00,0x00,0x00,0x00,
    0x00,0x00,0x00,0x00,0x00,0x00,0x00,0x00,0x00,0x00,0x00,0x00,0x00,0x00,0x00,0x00,0x00,0x00,
    0x00,0x00,0x00,0x00,0x00,0x00,0x00,0x00,0x00,0x00,0x00,0x00,0x00,0x00,0x00,0x00,0x00,0x00,
    0x00,0x00,0x00,0x00,0x00,0x00,0x00,0x00,0x00,0x00,0x00,0x00,0x00,0x00,0x00,0x00,0x00,0x00,
    0x00,0x00,0x00,0x00,0x00,0x00,0x00,0x00,0x00,0x00,0x00,0x00,0x00,0x00,0x00,0x00,0x00,0x00,
    0x00,0x00,0x00,0x00,0x00,0x00,0x00,0x00,0x00,0x00,0x00,0x00,0x00,0x00,0x00,0x00,0x00,0x00,
    0x00,0x00,0x00,0x00,0x00,0x00,0x00,0x00,0x00,0x00,0x00,0x00,0x00,0x00,0x00,0x00,0x00,0x00,
    0x00,0x00,0x00,0x00,0x00,0x00,0x00,0x00,0x00,0x00,0x00,0x00,0x00,0x00,0x00,0x00,0x00,0x00,
    0x00,0x00,0x00,0x00,0x00,0x00,0x00,0x00,0x00,0x00,0x00,0x00,0x00,0x00,0x00,0x00,0x00,0x00,
    0x00,0x00,0x00,0x00,0x00,0x00,0x00,0x00,0x00,0x00,0x00,0x00,0x00,0x00,0x00,0x00,0x00,0x00,
    0x00,0x00,0x00,0x00,0x00,0x00,0x00,0x00,0x00,0x00,0x00,0x00,0x00,0x00,0x00,0x00,0x00,0x00,
    0x00,0x00,0x00,0x00,0x00,0x00,0x00,0x00,0x00,0x00,0x00,0x00,0x00,0x00,0x00,0x00,0x00,0x00,
    0x00,0x00,0x00,0x00,0x00,0x00,0x00,0x00,0x00,0x00,0x00,0x00,0x00,0x00,0x00,0x00,0x00,0x00,
    0x00,0x00,0x00,0x00,0x00,0x00,0x00,0x00,0x00,0x00,0x00,0x00,0x00,0x00,0x00,0x00,0x00,0x00,
    0x00,0x00,0x00,0x00,0x00,0x00,0x00,0x00,0x00,0x00,0x00,0x00,0x00,0x00,0x00,0x00,0x00,0x00,
};

static lv_img_dsc_t make_ui_img_placeholder_hybrid()
{
    lv_img_dsc_t image = {};
    image.header.always_zero = 0;
    image.header.w = 96;
    image.header.h = 96;
    image.data_size = sizeof(ui_img_placeholder_hybrid_data);
    image.header.cf = LV_IMG_CF_TRUE_COLOR_ALPHA;
    image.data = ui_img_placeholder_hybrid_data;
    return image;
}

extern const lv_img_dsc_t ui_img_placeholder_hybrid = make_ui_img_placeholder_hybrid();
